food_code,food_group,name,kcal,protein_g,fat_g,carb_g,salt_g,refuse_pct,fiber_g,potassium_mg,calcium_mg,iron_mg,vitamin_c_mg
01001,01,アマランサス 玄穀,343.0,12.7,6.0,64.9,0.0,0.0,7.4,600.0,160.0,9.4,0.0
01002,01,あわ 精白粒,346.0,11.2,4.4,69.7,0.0,0.0,3.3,300.0,14.0,4.8,0.0
01003,01,あわ あわもち,210.0,5.1,1.3,45.3,0.0,0.0,1.5,62.0,5.0,0.7,0.0
01004,01,えんばく オートミール,350.0,13.7,5.7,69.1,0.0,0.0,9.4,260.0,47.0,3.9,0.0
01005,01,おおむぎ 七分つき押麦,343.0,10.9,2.1,72.1,0.0,0.0,10.3,220.0,23.0,1.3,0.0
01006,01,おおむぎ 押麦 乾,329.0,6.7,1.5,78.3,0.0,0.0,12.2,210.0,21.0,1.1,0.0
01007,01,おおむぎ 米粒麦,333.0,7.0,2.1,76.2,0.0,0.0,8.7,170.0,17.0,1.2,0.0
01008,01,おおむぎ 大麦めん 乾,343.0,12.9,1.7,68.0,2.8,0.0,6.3,240.0,27.0,2.1,0.0
01009,01,おおむぎ 大麦めん ゆで,121.0,4.8,0.6,24.3,0.2,0.0,2.5,10.0,12.0,0.9,0.0
01010,01,おおむぎ 麦こがし,368.0,12.5,5.0,77.1,0.0,0.0,15.5,490.0,43.0,3.1,0.0
01011,01,きび 精白粒,353.0,11.3,3.3,70.9,0.0,0.0,1.6,200.0,9.0,2.1,0.0
01012,01,こむぎ [玄穀] 国産 普通,329.0,10.8,3.1,72.1,0.0,0.0,14.0,440.0,26.0,3.2,0.0
01013,01,こむぎ [玄穀] 輸入 軟質,344.0,10.1,3.3,75.2,0.0,0.0,11.2,390.0,36.0,2.9,0.0
01014,01,こむぎ [玄穀] 輸入 硬質,332.0,13.0,3.0,69.4,0.0,0.0,11.4,340.0,26.0,3.2,0.0
01015,01,こむぎ [小麦粉] 薄力粉 1等,349.0,8.3,1.5,75.8,0.0,0.0,2.5,110.0,20.0,0.5,0.0
01016,01,こむぎ [小麦粉] 薄力粉 2等,345.0,9.3,1.9,74.3,0.0,0.0,2.6,130.0,23.0,0.9,0.0
01018,01,こむぎ [小麦粉] 中力粉 1等,337.0,9.0,1.6,75.1,0.0,0.0,2.8,100.0,17.0,0.5,0.0
01019,01,こむぎ [小麦粉] 中力粉 2等,346.0,9.7,1.8,74.0,0.0,0.0,2.1,110.0,24.0,1.1,0.0
01020,01,こむぎ [小麦粉] 強力粉 1等,337.0,11.8,1.5,71.7,0.0,0.0,2.7,89.0,17.0,0.9,0.0
01021,01,こむぎ [小麦粉] 強力粉 2等,343.0,12.6,1.7,70.6,0.0,0.0,2.1,86.0,21.0,1.0,0.0
01023,01,こむぎ [小麦粉] 強力粉 全粒粉,320.0,12.8,2.9,68.2,0.0,0.0,11.2,330.0,26.0,3.1,0.0
01024,01,こむぎ [小麦粉] プレミックス粉 ホットケーキ用,360.0,7.8,4.0,74.4,1.0,0.0,1.8,230.0,100.0,0.5,0.0
01025,01,こむぎ [小麦粉] プレミックス粉 天ぷら用,337.0,8.8,1.3,76.1,0.5,0.0,2.5,160.0,140.0,0.6,0.0
01026,01,こむぎ [パン類] 角形食パン 食パン,248.0,8.9,4.1,46.4,1.2,0.0,4.2,86.0,22.0,0.5,0.0
01028,01,こむぎ [パン類] コッペパン,273.0,9.2,3.8,54.7,1.0,0.0,3.9,91.0,22.0,0.5,0.0
01030,01,こむぎ [パン類] 乾パン,386.0,9.5,4.4,78.8,1.2,0.0,3.1,160.0,30.0,1.2,0.0
01031,01,こむぎ [パン類] フランスパン,289.0,9.4,1.3,57.5,1.6,0.0,2.7,110.0,16.0,0.9,0.0
01032,01,こむぎ [パン類] ライ麦パン,252.0,8.4,2.2,52.7,1.2,0.0,5.6,190.0,16.0,1.4,0.0
01033,01,こむぎ [パン類] ぶどうパン,263.0,8.2,3.5,51.1,1.0,0.0,2.2,210.0,32.0,0.9,0.0
01034,01,こむぎ [パン類] ロールパン,309.0,10.1,9.0,48.6,1.2,0.0,2.0,110.0,44.0,0.7,0.0
01035,01,こむぎ [パン類] クロワッサン リッチタイプ,438.0,7.9,26.8,43.9,1.2,0.0,1.8,90.0,21.0,0.6,0.0
01036,01,こむぎ [パン類] イングリッシュマフィン,224.0,8.1,3.6,40.8,1.2,0.0,1.2,84.0,53.0,0.9,0.0
01037,01,こむぎ [パン類] ナン,257.0,10.3,3.4,47.6,1.3,0.0,2.0,97.0,11.0,0.8,0.0
01038,01,こむぎ [うどん・そうめん類] うどん 生,249.0,6.1,0.6,56.8,2.5,0.0,3.6,90.0,18.0,0.3,0.0
01039,01,こむぎ [うどん・そうめん類] うどん ゆで,95.0,2.6,0.4,21.6,0.3,0.0,1.3,9.0,6.0,0.2,0.0
01041,01,こむぎ [うどん・そうめん類] 干しうどん 乾,333.0,8.5,1.1,71.9,4.3,0.0,2.4,130.0,17.0,0.6,0.0
01042,01,こむぎ [うどん・そうめん類] 干しうどん ゆで,117.0,3.1,0.5,25.8,0.5,0.0,0.7,14.0,7.0,0.2,0.0
01043,01,こむぎ [うどん・そうめん類] そうめん・ひやむぎ 乾,333.0,9.5,1.1,72.7,3.8,0.0,2.5,120.0,17.0,0.6,0.0
01044,01,こむぎ [うどん・そうめん類] そうめん・ひやむぎ ゆで,114.0,3.5,0.4,25.8,0.2,0.0,0.9,5.0,6.0,0.2,0.0
01045,01,こむぎ [うどん・そうめん類] 手延そうめん・手延ひやむぎ 乾,312.0,9.3,1.5,68.9,5.8,0.0,1.8,110.0,20.0,0.6,0.0
01046,01,こむぎ [うどん・そうめん類] 手延そうめん・手延ひやむぎ ゆで,119.0,3.5,0.6,25.5,0.3,0.0,1.0,5.0,6.0,0.2,0.0
01047,01,こむぎ [中華めん類] 中華めん 生,249.0,8.6,1.2,55.7,1.0,0.0,5.4,350.0,21.0,0.5,0.0
01048,01,こむぎ [中華めん類] 中華めん ゆで,133.0,4.9,0.6,29.2,0.2,0.0,2.8,60.0,20.0,0.3,0.0
01049,01,こむぎ [中華めん類] 蒸し中華めん 蒸し中華めん,162.0,4.9,1.7,35.6,0.3,0.0,3.1,80.0,10.0,0.4,0.0
01050,01,こむぎ [中華めん類] 干し中華めん 乾,337.0,11.7,1.6,70.2,1.0,0.0,6.0,300.0,21.0,1.1,0.0
01051,01,こむぎ [中華めん類] 干し中華めん ゆで,131.0,4.9,0.5,27.5,0.2,0.0,2.6,42.0,13.0,0.4,0.0
01052,01,こむぎ [中華めん類] 沖縄そば 生,266.0,9.2,2.0,54.2,2.1,0.0,2.1,340.0,11.0,0.7,0.0
01053,01,こむぎ [中華めん類] 沖縄そば ゆで,132.0,5.2,0.8,28.0,0.4,0.0,1.5,80.0,9.0,0.4,0.0
01054,01,こむぎ [中華めん類] 干し沖縄そば 乾,317.0,12.0,1.7,67.8,4.3,0.0,2.1,130.0,23.0,1.5,0.0
01055,01,こむぎ [中華めん類] 干し沖縄そば ゆで,132.0,5.2,0.6,28.6,0.5,0.0,1.5,10.0,11.0,0.5,0.0
01056,01,こむぎ [即席めん類] 即席中華めん 油揚げ味付け,424.0,10.1,16.7,63.5,6.4,0.0,2.5,260.0,430.0,1.0,0.0
01057,01,こむぎ [即席めん類] 即席中華めん 油揚げ 乾 (添付調味料等を含むもの),439.0,10.1,19.1,61.4,5.6,0.0,2.4,150.0,230.0,0.9,0.0
01058,01,こむぎ [即席めん類] 即席中華めん 非油揚げ 乾 (添付調味料等を含むもの),336.0,10.3,5.2,67.1,6.9,0.0,2.3,260.0,110.0,0.8,0.0
01060,01,こむぎ [即席めん類] 中華スタイル即席カップめん 油揚げ 焼きそば 乾 (添付調味料等を含むもの),418.0,8.2,18.6,57.5,3.8,0.0,5.7,180.0,180.0,1.0,1.0
01061,01,こむぎ [即席めん類] 中華スタイル即席カップめん 非油揚げ 乾 (添付調味料等を含むもの),314.0,9.2,5.8,62.6,7.1,0.0,6.4,250.0,48.0,1.2,1.0
01062,01,こむぎ [即席めん類] 和風スタイル即席カップめん 油揚げ 乾 (添付調味料等を含むもの),437.0,10.9,19.8,56.1,6.7,0.0,6.0,150.0,170.0,1.3,1.0
01063,01,こむぎ [マカロニ・スパゲッティ類] マカロニ・スパゲッティ 乾,347.0,12.9,1.8,73.1,0.0,0.0,5.4,200.0,18.0,1.4,0.0
01064,01,こむぎ [マカロニ・スパゲッティ類] マカロニ・スパゲッティ ゆで,150.0,5.8,0.9,32.2,1.2,0.0,3.0,14.0,8.0,0.7,0.0
01065,01,こむぎ [ふ類] 生ふ,161.0,12.7,0.8,26.2,0.0,0.0,0.5,30.0,13.0,1.3,0.0
01066,01,こむぎ [ふ類] 焼きふ 釜焼きふ,357.0,28.5,2.7,56.9,0.0,0.0,3.7,120.0,33.0,3.3,0.0
01067,01,こむぎ [ふ類] 焼きふ 板ふ,351.0,25.6,3.3,57.3,0.5,0.0,3.8,220.0,31.0,4.9,0.0
01068,01,こむぎ [ふ類] 焼きふ 車ふ,361.0,30.2,3.4,54.2,0.3,0.0,2.6,130.0,25.0,4.2,0.0
01069,01,こむぎ [その他] ちくわぶ,160.0,7.1,1.2,31.1,0.0,0.0,1.5,3.0,8.0,0.5,0.0
01070,01,こむぎ [その他] 小麦はいが,391.0,32.0,11.6,48.3,0.0,0.0,14.3,1100.0,42.0,9.4,0.0
01071,01,こむぎ [その他] 小麦たんぱく 粉末状,398.0,72.0,9.7,10.6,0.2,0.0,2.4,90.0,75.0,6.6,0.0
01072,01,こむぎ [その他] 小麦たんぱく 粒状,101.0,20.0,2.0,1.8,0.1,0.0,0.4,3.0,14.0,1.8,0.0
01073,01,こむぎ [その他] 小麦たんぱく ペースト状,145.0,25.0,4.1,3.9,0.6,0.0,0.5,39.0,30.0,3.0,0.0
01074,01,こむぎ [その他] ぎょうざの皮 生,275.0,9.3,1.4,57.0,0.0,0.0,2.2,64.0,16.0,0.8,0.0
01075,01,こむぎ [その他] しゅうまいの皮 生,275.0,8.3,1.4,58.9,0.0,0.0,2.2,72.0,16.0,0.6,0.0
01076,01,こむぎ [その他] ピザ生地,265.0,9.1,3.0,51.1,1.3,0.0,2.3,91.0,13.0,0.8,0.0
01077,01,こむぎ [その他] パン粉 生,277.0,11.0,5.1,47.6,0.9,0.0,3.0,110.0,25.0,1.1,0.0
01078,01,こむぎ [その他] パン粉 半生,315.0,12.5,5.8,54.3,1.0,0.0,3.5,130.0,28.0,1.2,0.0
01079,01,こむぎ [その他] パン粉 乾燥,349.0,14.9,4.1,67.4,1.4,0.0,6.5,160.0,25.0,1.1,0.0
01080,01,こめ [水稲穀粒] 玄米,346.0,6.8,2.7,74.3,0.0,0.0,3.0,230.0,9.0,2.1,0.0
01081,01,こめ [水稲穀粒] 半つき米,345.0,6.5,1.8,75.9,0.0,0.0,1.4,150.0,7.0,1.5,0.0
01082,01,こめ [水稲穀粒] 七分つき米,348.0,6.3,1.5,76.6,0.0,0.0,0.9,120.0,6.0,1.3,0.0
01083,01,こめ [水稲穀粒] 精白米 うるち米,342.0,6.1,0.9,77.6,0.0,0.0,0.5,89.0,5.0,0.8,0.0
01084,01,こめ [水稲穀粒] はいが精米,343.0,6.5,2.0,75.8,0.0,0.0,1.3,150.0,7.0,0.9,0.0
01085,01,こめ [水稲めし] 玄米,152.0,2.8,1.0,35.6,0.0,0.0,1.4,95.0,7.0,0.6,0.0
01086,01,こめ [水稲めし] 半つき米,154.0,2.7,0.6,36.4,0.0,0.0,0.8,43.0,4.0,0.2,0.0
01087,01,こめ [水稲めし] 七分つき米,160.0,2.6,0.5,36.7,0.0,0.0,0.5,35.0,4.0,0.2,0.0
01088,01,こめ [水稲めし] 精白米 うるち米,156.0,2.5,0.3,37.1,0.0,0.0,1.5,29.0,3.0,0.1,0.0
01089,01,こめ [水稲めし] はいが精米,159.0,2.7,0.6,36.4,0.0,0.0,0.8,51.0,5.0,0.2,0.0
01090,01,こめ [水稲全かゆ] 玄米,64.0,1.2,0.4,15.2,0.0,0.0,0.6,41.0,3.0,0.2,0.0
01091,01,こめ [水稲全かゆ] 半つき米,65.0,1.1,0.3,15.5,0.0,0.0,0.3,18.0,2.0,0.1,0.0
01092,01,こめ [水稲全かゆ] 七分つき米,68.0,1.1,0.2,15.6,0.0,0.0,0.2,15.0,2.0,0.1,0.0
01093,01,こめ [水稲全かゆ] 精白米,65.0,1.1,0.1,15.7,0.0,0.0,0.1,12.0,1.0,0.0,0.0
01094,01,こめ [水稲五分かゆ] 玄米,32.0,0.6,0.2,7.6,0.0,0.0,0.3,20.0,1.0,0.1,0.0
01095,01,こめ [水稲五分かゆ] 半つき米,32.0,0.6,0.1,7.7,0.0,0.0,0.1,9.0,1.0,0.0,0.0
01096,01,こめ [水稲五分かゆ] 七分つき米,32.0,0.6,0.1,7.7,0.0,0.0,0.1,8.0,1.0,0.0,0.0
01097,01,こめ [水稲五分かゆ] 精白米,33.0,0.5,0.1,7.9,0.0,0.0,0.1,6.0,1.0,0.0,0.0
01098,01,こめ [水稲おもゆ] 玄米,19.0,0.4,0.1,4.4,0.0,0.0,0.2,12.0,1.0,0.1,0.0
01099,01,こめ [水稲おもゆ] 半つき米,19.0,0.3,0.1,4.6,0.0,0.0,0.1,5.0,1.0,0.0,0.0
01100,01,こめ [水稲おもゆ] 七分つき米,20.0,0.3,0.1,4.6,0.0,0.0,0.0,4.0,1.0,0.0,0.0
01101,01,こめ [水稲おもゆ] 精白米,19.0,0.3,0.0,4.7,0.0,0.0,0.0,4.0,0.0,0.0,0.0
01102,01,こめ [陸稲穀粒] 玄米,357.0,10.1,2.7,71.1,0.0,0.0,3.0,230.0,9.0,2.1,0.0
01103,01,こめ [陸稲穀粒] 半つき米,356.0,9.6,1.8,72.9,0.0,0.0,1.4,150.0,7.0,1.5,0.0
01104,01,こめ [陸稲穀粒] 七分つき米,359.0,9.5,1.5,73.4,0.0,0.0,0.9,120.0,6.0,1.3,0.0
01105,01,こめ [陸稲穀粒] 精白米,331.0,9.3,0.9,74.5,0.0,0.0,0.5,89.0,5.0,0.8,0.0
01106,01,こめ [陸稲めし] 玄米,156.0,4.1,1.0,34.3,0.0,0.0,1.4,95.0,7.0,0.6,0.0
01107,01,こめ [陸稲めし] 半つき米,157.0,3.8,0.6,35.3,0.0,0.0,0.8,43.0,4.0,0.2,0.0
01108,01,こめ [陸稲めし] 七分つき米,155.0,3.6,0.5,35.7,0.0,0.0,0.5,35.0,4.0,0.2,0.0
01109,01,こめ [陸稲めし] 精白米,157.0,3.5,0.3,36.1,0.0,0.0,0.3,29.0,3.0,0.1,0.0
01110,01,こめ [うるち米製品] アルファ化米 一般用,358.0,6.0,1.0,84.8,0.0,0.0,1.2,37.0,7.0,0.1,0.0
01111,01,こめ [うるち米製品] おにぎり,170.0,2.7,0.3,39.4,0.5,0.0,0.4,31.0,3.0,0.1,0.0
01112,01,こめ [うるち米製品] 焼きおにぎり,166.0,3.1,0.3,39.5,1.0,0.0,0.4,56.0,5.0,0.2,0.0
01113,01,こめ [うるち米製品] きりたんぽ,200.0,3.2,0.4,46.2,0.0,0.0,0.4,36.0,4.0,0.1,0.0
01114,01,こめ [うるち米製品] 上新粉,343.0,6.2,0.9,78.5,0.0,0.0,0.6,89.0,5.0,0.8,0.0
01115,01,こめ [うるち米製品] ビーフン,360.0,7.0,1.6,79.9,0.0,0.0,0.9,33.0,14.0,0.7,0.0
01116,01,こめ [うるち米製品] 米こうじ,260.0,5.8,1.7,59.2,0.0,0.0,1.4,61.0,5.0,0.3,0.0
01117,01,こめ [もち米製品] もち,223.0,4.0,0.6,50.8,0.0,0.0,0.5,32.0,3.0,0.1,0.0
01118,01,こめ [もち米製品] 赤飯,186.0,4.3,0.6,41.9,0.0,0.0,1.6,71.0,6.0,0.4,0.0
01119,01,こめ [もち米製品] あくまき,131.0,2.3,1.8,25.7,0.0,0.0,0.2,300.0,6.0,0.1,0.0
01120,01,こめ [もち米製品] 白玉粉,347.0,6.3,1.0,80.0,0.0,0.0,0.5,3.0,5.0,1.1,0.0
01121,01,こめ [もち米製品] 道明寺粉,349.0,7.1,0.7,80.4,0.0,0.0,0.7,45.0,6.0,0.4,0.0
01122,01,そば そば粉 全層粉,339.0,12.0,3.1,69.6,0.0,0.0,4.3,410.0,17.0,2.8,0.0
01123,01,そば そば粉 内層粉,342.0,6.0,1.6,77.6,0.0,0.0,1.8,190.0,10.0,1.7,0.0
01124,01,そば そば粉 中層粉,334.0,10.2,2.7,71.6,0.0,0.0,4.4,470.0,19.0,3.0,0.0
01125,01,そば そば粉 表層粉,337.0,15.0,3.6,65.1,0.0,0.0,7.1,750.0,32.0,4.2,0.0
01126,01,そば そば米,347.0,9.6,2.5,73.7,0.0,0.0,3.7,390.0,12.0,1.6,0.0
01127,01,そば そば 生,271.0,9.8,1.9,54.5,0.0,0.0,6.0,160.0,18.0,1.4,0.0
01128,01,そば そば ゆで,130.0,4.8,1.0,26.0,0.0,0.0,2.9,34.0,9.0,0.8,0.0
01129,01,そば 干しそば 乾,344.0,14.0,2.3,66.7,2.2,0.0,3.7,260.0,24.0,2.6,0.0
01130,01,そば 干しそば ゆで,113.0,4.8,0.7,22.1,0.1,0.0,1.5,13.0,12.0,0.9,0.0
01131,01,とうもろこし 玄穀 黄色種,341.0,8.6,5.0,70.6,0.0,0.0,9.0,290.0,5.0,1.9,0.0
01132,01,とうもろこし コーンミール 黄色種,375.0,8.3,4.0,72.4,0.0,0.0,8.0,220.0,5.0,1.5,0.0
01133,01,とうもろこし コーングリッツ 黄色種,352.0,8.2,1.0,76.4,0.0,0.0,2.4,160.0,2.0,0.3,0.0
01134,01,とうもろこし コーンフラワー 黄色種,347.0,6.6,2.8,76.1,0.0,0.0,1.7,200.0,3.0,0.6,0.0
01135,01,とうもろこし ジャイアントコーン フライ 味付け,409.0,5.7,11.8,76.6,1.1,0.0,10.5,110.0,8.0,1.3,0.0
01136,01,とうもろこし ポップコーン,472.0,10.2,22.8,59.6,1.4,0.0,9.3,300.0,7.0,4.3,0.0
01137,01,とうもろこし コーンフレーク,380.0,7.8,1.7,83.6,2.1,0.0,2.4,95.0,1.0,0.9,0.0
01138,01,はとむぎ 精白粒,353.0,13.3,1.3,72.2,0.0,0.0,0.6,85.0,6.0,0.4,0.0
01139,01,ひえ 精白粒,361.0,9.4,3.3,73.2,0.0,0.0,4.3,240.0,7.0,1.6,0.0
01140,01,もろこし 玄穀,344.0,10.3,4.7,71.1,0.0,0.0,9.7,590.0,16.0,3.3,0.0
01141,01,もろこし 精白粒,348.0,9.5,2.6,74.1,0.0,0.0,4.4,410.0,14.0,2.4,0.0
01142,01,ライむぎ 全粒粉,317.0,12.7,2.7,70.7,0.0,0.0,13.3,400.0,31.0,3.5,0.0
01143,01,ライむぎ ライ麦粉,324.0,8.5,1.6,75.8,0.0,0.0,12.9,140.0,25.0,1.5,0.0
01144,01,こむぎ [即席めん類] 即席中華めん 油揚げ 乾 (添付調味料等を含まないもの),453.0,8.9,19.6,65.5,1.5,0.0,5.5,150.0,220.0,0.6,0.0
01145,01,こむぎ [即席めん類] 即席中華めん 非油揚げ 乾 (添付調味料等を含まないもの),334.0,8.5,1.9,75.2,3.0,0.0,6.5,310.0,230.0,0.6,0.0
01146,01,こむぎ [小麦粉] プレミックス粉 お好み焼き用,335.0,10.1,1.9,73.6,3.7,0.0,2.8,210.0,64.0,1.0,0.0
01147,01,こむぎ [小麦粉] プレミックス粉 から揚げ用,311.0,10.2,1.2,70.0,9.7,0.0,2.6,280.0,110.0,1.2,0.0
01148,01,こむぎ [パン類] ベーグル,270.0,9.6,2.0,54.6,1.2,0.0,2.5,97.0,24.0,1.3,0.0
01149,01,こむぎ [マカロニ・スパゲッティ類] 生パスタ 生,232.0,7.8,1.9,46.9,1.2,0.0,1.5,76.0,12.0,0.5,0.0
01150,01,こむぎ [その他] 冷めん 生,249.0,3.9,0.7,57.6,1.3,0.0,1.1,59.0,11.0,0.3,0.0
01151,01,こめ [水稲穀粒] 精白米 もち米,343.0,6.4,1.2,77.2,0.0,0.0,0.5,97.0,5.0,0.2,0.0
01152,01,こめ [水稲穀粒] 精白米 インディカ米,347.0,7.4,0.9,77.7,0.0,0.0,0.5,68.0,5.0,0.5,0.0
01153,01,こめ [水稲穀粒] 発芽玄米,339.0,6.5,3.3,74.3,0.0,0.0,3.1,160.0,13.0,1.0,0.0
01154,01,こめ [水稲めし] 精白米 もち米,188.0,3.5,0.5,43.9,0.0,0.0,0.4,28.0,2.0,0.1,0.0
01155,01,こめ [水稲めし] 発芽玄米,161.0,3.0,1.4,35.0,0.0,0.0,1.8,68.0,6.0,0.4,0.0
01156,01,こめ [うるち米製品] アルファ化米 学校給食用強化品,358.0,6.0,1.0,84.8,0.0,0.0,1.2,37.0,7.0,0.1,0.0
01157,01,こめ [うるち米製品] 玄米粉,370.0,7.1,2.9,84.1,0.0,0.0,3.5,230.0,12.0,1.4,0.0
01158,01,こめ [うるち米製品] 米粉,356.0,6.0,0.7,81.9,0.0,0.0,0.6,45.0,6.0,0.1,0.0
01159,01,こめ [うるち米製品] 米粉パン 小麦グルテン不使用のもの,247.0,3.4,3.1,51.3,0.9,0.0,0.9,92.0,4.0,0.2,0.0
01160,01,こめ [うるち米製品] 米粉めん,252.0,3.6,0.7,58.4,0.1,0.0,0.9,43.0,5.0,0.1,0.0
01161,01,こめ [その他] 米ぬか,374.0,13.4,19.6,48.8,0.0,0.0,20.5,1500.0,35.0,7.6,0.0
01162,01,とうもろこし 玄穀 白色種,341.0,8.6,5.0,70.6,0.0,0.0,9.0,290.0,5.0,1.9,0.0
01163,01,とうもろこし コーンミール 白色種,375.0,8.3,4.0,72.4,0.0,0.0,8.0,220.0,5.0,1.5,0.0
01164,01,とうもろこし コーングリッツ 白色種,352.0,8.2,1.0,76.4,0.0,0.0,2.4,160.0,2.0,0.3,0.0
01165,01,とうもろこし コーンフラワー 白色種,347.0,6.6,2.8,76.1,0.0,0.0,1.7,200.0,3.0,0.6,0.0
01167,01,キヌア 玄穀,344.0,13.4,3.2,69.0,0.1,0.0,6.2,580.0,46.0,4.3,0.0
01168,01,こめ [水稲めし] 精白米 インディカ米,184.0,3.8,0.4,41.5,0.0,0.0,0.4,31.0,2.0,0.2,0.0
01169,01,こめ [うるち米製品] ライスペーパー,339.0,0.5,0.3,84.3,1.7,0.0,0.8,22.0,21.0,1.2,0.0
01170,01,おおむぎ 押麦 めし,118.0,2.2,0.5,28.5,0.0,0.0,4.2,38.0,6.0,0.4,0.0
01171,01,こむぎ [小麦粉] プレミックス粉 天ぷら用 バッター,132.0,3.3,0.5,30.2,0.2,0.0,1.9,67.0,84.0,0.2,0.0
01172,01,こむぎ [小麦粉] プレミックス粉 天ぷら用 バッター 揚げ,588.0,4.3,47.7,37.0,0.2,0.0,3.3,93.0,100.0,0.3,0.0
01173,01,こむぎ [マカロニ・スパゲッティ類] マカロニ・スパゲッティ ソテー,186.0,5.5,5.8,30.5,1.1,0.0,2.9,13.0,8.0,0.7,0.0
01174,01,こむぎ [パン類] 角形食パン 焼き,269.0,9.7,4.5,50.6,1.3,0.0,4.6,93.0,26.0,0.5,0.0
01175,01,こむぎ [パン類] 角形食パン 耳を除いたもの,226.0,8.2,3.7,42.6,1.1,45.0,3.8,78.0,20.0,0.4,0.0
01176,01,こむぎ [パン類] 角形食パン 耳,273.0,9.7,4.5,50.8,1.3,55.0,4.7,92.0,23.0,0.5,0.0
01177,01,こむぎ [ふ類] 油ふ,547.0,22.7,35.3,34.4,0.1,0.0,0.0,71.0,19.0,1.7,0.0
01178,01,こむぎ [その他] かやきせんべい,359.0,10.6,1.9,75.1,2.5,0.0,0.0,150.0,19.0,0.8,0.0
01179,01,こむぎ [その他] 春巻きの皮 生,288.0,8.3,1.6,62.2,1.1,0.0,4.5,77.0,13.0,0.3,0.0
01180,01,こむぎ [その他] 春巻きの皮 揚げ,512.0,7.2,30.7,53.7,0.9,0.0,4.2,66.0,11.0,0.3,0.0
01181,01,こめ [水稲穀粒] 赤米,344.0,8.5,3.3,71.9,0.0,0.0,6.5,290.0,12.0,1.2,0.0
01182,01,こめ [水稲穀粒] 黒米,341.0,7.8,3.2,72.0,0.0,0.0,5.6,270.0,15.0,0.9,0.0
01183,01,こめ [水稲めし] 赤米,150.0,3.8,1.3,32.7,0.0,0.0,3.4,120.0,5.0,0.5,0.0
01184,01,こめ [水稲めし] 黒米,150.0,3.6,1.4,32.2,0.0,0.0,3.3,130.0,7.0,0.4,0.0
01185,01,こめ [水稲軟めし] 精白米,113.0,1.8,0.3,26.4,0.0,0.0,1.1,20.0,3.0,0.1,0.0
01186,01,こむぎ [うどん・そうめん類] うどん 半生うどん,296.0,7.8,3.4,62.5,3.0,0.0,4.1,98.0,22.0,0.6,0.0
01187,01,こむぎ [中華めん類] 半生中華めん,305.0,9.9,4.0,61.2,1.2,0.0,6.2,430.0,21.0,0.7,0.0
01188,01,こむぎ [中華めん類] 蒸し中華めん ソテー,211.0,5.2,4.9,38.9,0.3,0.0,3.6,87.0,10.0,0.4,0.0
01189,01,こむぎ [即席めん類] 即席中華めん 油揚げ ゆで (添付調味料等を含まないもの),189.0,3.9,7.7,27.9,0.4,0.0,2.6,34.0,95.0,0.2,0.0
01190,01,こむぎ [即席めん類] 即席中華めん 非油揚げ ゆで (添付調味料等を含まないもの),139.0,3.4,0.8,31.0,0.6,0.0,2.7,64.0,94.0,0.2,0.0
01191,01,こむぎ [即席めん類] 中華スタイル即席カップめん 油揚げ しょうゆ味 乾 (添付調味料等を含むもの),417.0,10.0,19.1,54.6,6.3,0.0,6.1,180.0,200.0,0.8,2.0
01192,01,こむぎ [即席めん類] 中華スタイル即席カップめん 油揚げ しょうゆ味 調理後のめん (スープを残したもの),142.0,3.0,5.8,20.7,1.1,0.0,1.9,33.0,74.0,0.2,0.0
01193,01,こむぎ [即席めん類] 中華スタイル即席カップめん 油揚げ 塩味 乾 (添付調味料等を含むもの),422.0,10.9,18.5,58.6,5.8,0.0,5.8,190.0,190.0,0.7,2.0
01194,01,こむぎ [即席めん類] 中華スタイル即席カップめん 油揚げ 塩味 調理後のめん (スープを残したもの),175.0,3.8,7.7,25.2,1.1,0.0,2.2,37.0,76.0,0.3,0.0
01195,01,こむぎ [即席めん類] 中華スタイル即席カップめん 非油揚げ 調理後のめん (スープを残したもの),121.0,3.4,1.3,25.3,1.0,0.0,2.5,53.0,76.0,0.3,0.0
01196,01,こむぎ [即席めん類] 和風スタイル即席カップめん 油揚げ 調理後のめん (スープを残したもの),163.0,2.7,7.2,24.4,1.1,0.0,2.4,26.0,78.0,0.2,1.0
01197,01,そば そば 半生そば,325.0,10.5,3.8,61.8,0.0,0.0,6.9,190.0,20.0,1.3,0.0
01198,01,こむぎ [即席めん類] 即席中華めん 油揚げ 調理後全体 (添付調味料等を含むもの),100.0,2.3,4.4,13.4,1.1,0.0,0.5,33.0,28.0,0.2,0.0
01199,01,こむぎ [即席めん類] 即席中華めん 非油揚げ 調理後全体 (添付調味料等を含むもの),93.0,3.0,0.8,18.7,1.1,0.0,0.6,68.0,6.0,0.2,0.0
01200,01,こむぎ [即席めん類] 中華スタイル即席カップめん 油揚げ しょうゆ味 調理後全体 (添付調味料等を含むもの),90.0,2.3,4.5,12.9,1.5,0.0,1.4,43.0,46.0,0.2,1.0
01201,01,こむぎ [即席めん類] 中華スタイル即席カップめん 油揚げ 塩味 調理後全体 (添付調味料等を含むもの),92.0,2.5,4.2,13.2,1.3,0.0,1.3,43.0,43.0,0.2,1.0
01202,01,こむぎ [即席めん類] 中華スタイル即席カップめん 油揚げ 焼きそば 調理後全体 (添付調味料等を含むもの),222.0,5.0,11.3,34.2,2.3,0.0,3.3,100.0,94.0,0.4,2.0
01203,01,こむぎ [即席めん類] 中華スタイル即席カップめん 非油揚げ 調理後全体 (添付調味料等を含むもの),66.0,2.5,2.1,10.2,1.4,0.0,1.5,77.0,44.0,0.2,2.0
01204,01,こむぎ [即席めん類] 和風スタイル即席カップめん 油揚げ 調理後全体 (添付調味料等を含むもの),91.0,2.2,4.7,11.2,1.4,0.0,1.4,34.0,41.0,0.2,2.0
01205,01,こむぎ [パン類] 山形食パン 食パン,246.0,7.8,3.5,47.9,1.3,0.0,1.8,76.0,18.0,0.6,0.0
01206,01,こむぎ [パン類] 食パン リーンタイプ,246.0,8.0,3.7,47.5,1.3,0.0,2.0,67.0,12.0,0.6,0.0
01207,01,こむぎ [パン類] 食パン リッチタイプ,256.0,7.8,6.0,45.6,1.0,0.0,1.7,88.0,25.0,0.6,0.0
01208,01,こむぎ [パン類] 全粒粉パン,251.0,7.9,5.7,45.5,1.0,0.0,4.5,140.0,14.0,1.3,0.0
01209,01,こむぎ [パン類] クロワッサン レギュラータイプ,406.0,6.5,20.4,51.5,1.4,0.0,1.9,110.0,27.0,0.4,0.0
01210,01,こむぎ [パン類] くるみパン,292.0,8.2,12.6,38.7,0.8,0.0,2.4,150.0,35.0,0.8,0.0
01211,01,こめ [うるち米製品] 米粉パン 食パン,247.0,10.7,5.1,41.6,1.1,0.0,0.7,57.0,22.0,0.8,0.0
01212,01,こめ [うるち米製品] 米粉パン ロールパン,256.0,8.8,6.7,42.0,0.9,0.0,0.6,66.0,26.0,0.6,0.0
01213,01,こむぎ [パン類] バンズ,274.0,10.4,4.8,50.6,1.2,0.0,4.2,97.0,29.0,0.6,0.0
01214,01,こめ [うるち米製品] 水稲全かゆ レトルト 玄米,45.0,0.9,0.4,10.6,0.0,0.0,0.9,30.0,3.0,0.1,0.0
01215,01,こめ [うるち米製品] 水稲全かゆ レトルト 精白米,37.0,0.6,0.1,8.6,0.0,0.0,0.5,6.0,2.0,0.1,0.0
02001,02,<いも類> きくいも 塊茎 生,66.0,1.9,0.4,14.7,0.0,20.0,1.9,610.0,14.0,0.3,10.0
02002,02,<いも類> こんにゃく 精粉,194.0,3.0,0.1,85.3,0.0,0.0,79.9,3000.0,57.0,2.1,0.0
02003,02,<いも類> こんにゃく 板こんにゃく 精粉こんにゃく,5.0,0.1,0.0,2.3,0.0,0.0,2.2,33.0,43.0,0.4,0.0
02004,02,<いも類> こんにゃく 板こんにゃく 生いもこんにゃく,8.0,0.1,0.1,3.3,0.0,0.0,3.0,44.0,68.0,0.6,0.0
02005,02,<いも類> こんにゃく しらたき,7.0,0.2,0.0,3.0,0.0,0.0,2.9,12.0,75.0,0.5,0.0
02006,02,<いも類> (さつまいも類) さつまいも 塊根 皮なし 生,126.0,1.2,0.2,31.9,0.0,9.0,2.2,480.0,36.0,0.6,29.0
02007,02,<いも類> (さつまいも類) さつまいも 塊根 皮なし 蒸し,131.0,1.2,0.2,31.9,0.0,5.0,2.3,480.0,36.0,0.6,29.0
02008,02,<いも類> (さつまいも類) さつまいも 塊根 皮なし 焼き,151.0,1.4,0.2,39.0,0.0,10.0,4.5,500.0,23.0,0.9,13.0
02009,02,<いも類> (さつまいも類) さつまいも 蒸し切干,277.0,3.1,0.6,71.9,0.0,0.0,8.2,980.0,53.0,2.1,10.0
02010,02,<いも類> (さといも類) さといも 球茎 生,53.0,1.5,0.1,13.1,0.0,15.0,2.3,640.0,10.0,0.5,6.0
02011,02,<いも類> (さといも類) さといも 球茎 水煮,52.0,1.5,0.1,13.4,0.0,0.0,2.4,560.0,14.0,0.4,5.0
02012,02,<いも類> (さといも類) さといも 球茎 冷凍,56.0,2.2,0.1,16.0,0.0,0.0,8.7,340.0,20.0,0.6,5.0
02013,02,<いも類> (さといも類) みずいも 球茎 生,111.0,0.7,0.4,27.6,0.0,15.0,2.2,290.0,46.0,1.0,7.0
02014,02,<いも類> (さといも類) みずいも 球茎 水煮,101.0,0.7,0.4,26.1,0.0,0.0,2.5,270.0,79.0,1.0,4.0
02015,02,<いも類> (さといも類) やつがしら 球茎 生,94.0,3.0,0.7,20.5,0.0,20.0,2.8,630.0,39.0,0.7,7.0
02016,02,<いも類> (さといも類) やつがしら 球茎 水煮,92.0,2.7,0.6,20.0,0.0,0.0,2.8,520.0,34.0,0.6,5.0
02017,02,<いも類> じゃがいも 塊茎 皮なし 生,59.0,1.8,0.1,17.3,0.0,10.0,8.9,410.0,4.0,0.4,28.0
02018,02,<いも類> じゃがいも 塊茎 皮なし 蒸し,76.0,1.9,0.3,18.1,0.0,5.0,3.5,420.0,5.0,0.6,11.0
02019,02,<いも類> じゃがいも 塊茎 皮なし 水煮,71.0,1.7,0.1,16.9,0.0,0.0,3.1,340.0,4.0,0.6,18.0
02020,02,<いも類> じゃがいも 塊茎 皮なし フライドポテト (市販冷凍食品を揚げたもの),229.0,2.9,10.6,32.4,0.0,0.0,3.1,660.0,4.0,0.8,40.0
02021,02,<いも類> じゃがいも 乾燥マッシュポテト,347.0,6.6,0.6,82.8,0.2,0.0,6.6,1200.0,24.0,3.1,5.0
02022,02,<いも類> (やまのいも類) ながいも いちょういも 塊根 生,108.0,4.5,0.5,22.6,0.0,15.0,1.4,590.0,12.0,0.6,7.0
02023,02,<いも類> (やまのいも類) ながいも ながいも 塊根 生,64.0,2.2,0.3,13.9,0.0,10.0,1.0,430.0,17.0,0.4,6.0
02024,02,<いも類> (やまのいも類) ながいも ながいも 塊根 水煮,58.0,2.0,0.3,12.6,0.0,0.0,1.4,430.0,15.0,0.4,4.0
02025,02,<いも類> (やまのいも類) ながいも やまといも 塊根 生,119.0,4.5,0.2,27.1,0.0,10.0,2.5,590.0,16.0,0.5,5.0
02026,02,<いも類> (やまのいも類) じねんじょ 塊根 生,118.0,2.8,0.7,26.7,0.0,20.0,2.0,550.0,10.0,0.8,15.0
02027,02,<いも類> (やまのいも類) だいじょ 塊根 生,102.0,2.6,0.1,25.0,0.1,15.0,2.2,490.0,14.0,0.7,17.0
02028,02,<でん粉・でん粉製品> (でん粉類) キャッサバでん粉,354.0,0.1,0.2,85.3,0.0,0.0,0.0,48.0,28.0,0.3,0.0
02029,02,<でん粉・でん粉製品> (でん粉類) くずでん粉,356.0,0.2,0.2,85.6,0.0,0.0,0.0,2.0,18.0,2.0,0.0
02030,02,<でん粉・でん粉製品> (でん粉類) 米でん粉,375.0,0.2,0.7,89.3,0.0,0.0,0.0,2.0,29.0,1.5,0.0
02031,02,<でん粉・でん粉製品> (でん粉類) 小麦でん粉,360.0,0.2,0.5,86.0,0.0,0.0,0.0,8.0,14.0,0.6,0.0
02032,02,<でん粉・でん粉製品> (でん粉類) サゴでん粉,357.0,0.1,0.2,86.1,0.0,0.0,0.0,1.0,7.0,1.8,0.0
02033,02,<でん粉・でん粉製品> (でん粉類) さつまいもでん粉,340.0,0.1,0.2,82.0,0.0,0.0,0.0,4.0,50.0,2.8,0.0
02034,02,<でん粉・でん粉製品> (でん粉類) じゃがいもでん粉,338.0,0.1,0.1,81.6,0.0,0.0,0.0,34.0,10.0,0.6,0.0
02035,02,<でん粉・でん粉製品> (でん粉類) とうもろこしでん粉,363.0,0.1,0.7,86.3,0.0,0.0,0.0,5.0,3.0,0.3,0.0
02036,02,<でん粉・でん粉製品> (でん粉製品) くずきり 乾,341.0,0.2,0.2,87.7,0.0,0.0,0.9,3.0,19.0,1.4,0.0
02037,02,<でん粉・でん粉製品> (でん粉製品) くずきり ゆで,133.0,0.1,0.1,33.3,0.0,0.0,0.8,0.0,5.0,0.4,0.0
02038,02,<でん粉・でん粉製品> (でん粉製品) タピオカパール 乾,352.0,0.0,0.2,87.8,0.0,0.0,0.5,12.0,24.0,0.5,0.0
02039,02,<でん粉・でん粉製品> (でん粉製品) はるさめ 緑豆はるさめ 乾,344.0,0.2,0.4,87.5,0.0,0.0,4.1,13.0,20.0,0.5,0.0
02040,02,<でん粉・でん粉製品> (でん粉製品) はるさめ 普通はるさめ 乾,346.0,0.0,0.2,86.6,0.0,0.0,1.2,14.0,41.0,0.4,0.0
02041,02,<いも類> きくいも 塊茎 水煮,51.0,1.6,0.5,11.3,0.0,0.0,2.1,470.0,13.0,0.3,6.0
02042,02,<いも類> こんにゃく 赤こんにゃく,6.0,0.1,0.0,2.5,0.0,0.0,2.3,48.0,46.0,78.0,0.0
02043,02,<いも類> こんにゃく 凍みこんにゃく 乾,192.0,3.3,1.4,77.1,0.1,0.0,71.3,950.0,1600.0,12.0,0.0
02044,02,<いも類> こんにゃく 凍みこんにゃく ゆで,42.0,0.7,0.3,16.8,0.0,0.0,15.5,210.0,340.0,2.7,0.0
02045,02,<いも類> (さつまいも類) さつまいも 塊根 皮つき 生,127.0,0.9,0.5,33.1,0.1,2.0,2.8,380.0,40.0,0.5,25.0
02046,02,<いも類> (さつまいも類) さつまいも 塊根 皮つき 蒸し,129.0,0.9,0.2,33.7,0.1,4.0,3.8,390.0,40.0,0.5,20.0
02047,02,<いも類> (さつまいも類) さつまいも 塊根 皮つき 天ぷら,205.0,1.4,6.8,38.4,0.1,0.0,3.1,380.0,51.0,0.5,21.0
02048,02,<いも類> (さつまいも類) むらさきいも 塊根 皮なし 生,123.0,1.2,0.3,31.7,0.1,15.0,2.5,370.0,24.0,0.6,29.0
02049,02,<いも類> (さつまいも類) むらさきいも 塊根 皮なし 蒸し,122.0,1.2,0.3,31.4,0.1,6.0,3.0,420.0,34.0,0.6,24.0
02050,02,<いも類> (さといも類) セレベス 球茎 生,80.0,2.2,0.3,19.8,0.0,25.0,2.3,660.0,18.0,0.6,6.0
02051,02,<いも類> (さといも類) セレベス 球茎 水煮,77.0,2.1,0.3,19.1,0.0,0.0,2.2,510.0,17.0,0.6,4.0
02052,02,<いも類> (さといも類) たけのこいも 球茎 生,97.0,1.7,0.4,23.5,0.0,10.0,2.8,520.0,39.0,0.5,6.0
02053,02,<いも類> (さといも類) たけのこいも 球茎 水煮,86.0,1.6,0.4,21.8,0.0,0.0,2.4,410.0,37.0,0.5,4.0
02054,02,<いも類> ヤーコン 塊根 生,52.0,0.6,0.3,12.4,0.0,15.0,1.1,240.0,11.0,0.2,3.0
02055,02,<いも類> ヤーコン 塊根 水煮,42.0,0.6,0.3,9.9,0.0,0.0,1.2,190.0,11.0,0.2,2.0
02056,02,<でん粉・でん粉製品> (でん粉製品) ごま豆腐,75.0,1.5,4.3,9.1,0.0,0.0,1.0,32.0,6.0,0.6,0.0
02057,02,<でん粉・でん粉製品> (でん粉製品) タピオカパール ゆで,61.0,0.0,0.0,15.4,0.0,0.0,0.2,1.0,4.0,0.1,0.0
02058,02,<でん粉・でん粉製品> (でん粉製品) でん粉めん 生,129.0,0.1,0.2,32.2,0.0,0.0,0.8,3.0,1.0,0.1,0.0
02059,02,<でん粉・でん粉製品> (でん粉製品) でん粉めん 乾,347.0,0.2,0.3,86.7,0.1,0.0,1.8,38.0,6.0,0.2,0.0
02060,02,<でん粉・でん粉製品> (でん粉製品) でん粉めん 乾 ゆで,83.0,0.0,0.2,20.6,0.0,0.0,0.6,7.0,1.0,0.1,0.0
02061,02,<でん粉・でん粉製品> (でん粉製品) はるさめ 緑豆はるさめ ゆで,78.0,0.0,0.1,20.6,0.0,0.0,1.5,0.0,3.0,0.1,0.0
02062,02,<でん粉・でん粉製品> (でん粉製品) はるさめ 普通はるさめ ゆで,76.0,0.0,0.0,19.9,0.0,0.0,0.8,2.0,10.0,0.1,0.0
02063,02,<いも類> じゃがいも 塊茎 皮つき 生,51.0,1.8,0.1,15.9,0.0,1.0,9.8,420.0,4.0,1.0,28.0
02064,02,<いも類> じゃがいも 塊茎 皮つき 電子レンジ調理,78.0,2.1,0.2,19.2,0.0,0.0,3.9,430.0,4.0,0.9,13.0
02065,02,<いも類> じゃがいも 塊茎 皮つき フライドポテト (生を揚げたもの),153.0,2.7,5.6,25.4,0.0,0.0,4.3,580.0,6.0,1.6,16.0
02066,02,<いも類> じゃがいも 塊茎 皮なし 電子レンジ調理,78.0,1.9,0.1,19.0,0.0,6.0,3.5,430.0,4.0,0.4,23.0
02067,02,<いも類> じゃがいも 塊茎 皮なし フライドポテト (生を揚げたもの),159.0,2.7,5.9,26.2,0.0,0.0,3.9,570.0,5.0,0.5,16.0
02068,02,<いも類> アメリカほどいも 塊根 生,146.0,5.9,0.6,35.6,0.0,20.0,11.1,650.0,73.0,1.1,15.0
02069,02,<いも類> アメリカほどいも 塊根 ゆで,144.0,6.0,0.8,34.5,0.0,15.0,8.4,650.0,78.0,1.0,9.0
02070,02,<でん粉・でん粉製品> (でん粉類) おおうばゆりでん粉,327.0,0.1,0.1,83.6,0.0,0.0,0.8,1.0,5.0,0.1,0.0
03001,03,(砂糖類) 黒砂糖,352.0,1.7,0.0,90.3,0.1,0.0,0.0,1100.0,240.0,4.7,0.0
03002,03,(砂糖類) 和三盆糖,393.0,0.2,0.0,99.0,0.0,0.0,0.0,140.0,27.0,0.7,0.0
03003,03,(砂糖類) 車糖 上白糖,391.0,0.0,0.0,99.3,0.0,0.0,0.0,2.0,1.0,0.0,0.0
03004,03,(砂糖類) 車糖 三温糖,390.0,0.0,0.0,99.0,0.0,0.0,0.0,13.0,6.0,0.1,0.0
03005,03,(砂糖類) ざらめ糖 グラニュー糖,394.0,0.0,0.0,100.0,0.0,0.0,0.0,0.0,0.0,0.0,0.0
03006,03,(砂糖類) ざらめ糖 白ざら糖,393.0,0.0,0.0,100.0,0.0,0.0,0.0,0.0,0.0,0.0,0.0
03007,03,(砂糖類) ざらめ糖 中ざら糖,393.0,0.0,0.0,100.0,0.0,0.0,0.0,1.0,0.0,0.1,0.0
03008,03,(砂糖類) 加工糖 角砂糖,394.0,0.0,0.0,100.0,0.0,0.0,0.0,0.0,0.0,0.1,0.0
03009,03,(砂糖類) 加工糖 氷砂糖,394.0,0.0,0.0,100.0,0.0,0.0,0.0,0.0,0.0,0.1,0.0
03010,03,(砂糖類) 加工糖 コーヒーシュガー,394.0,0.1,0.0,99.8,0.0,0.0,0.0,0.0,1.0,0.2,0.0
03011,03,(砂糖類) 加工糖 粉糖,393.0,0.0,0.0,99.7,0.0,0.0,0.0,1.0,0.0,0.2,0.0
03012,03,(砂糖類) 液糖 しょ糖型液糖,267.0,0.0,0.0,67.9,0.0,0.0,0.0,0.0,0.0,0.0,0.0
03013,03,(砂糖類) 液糖 転化型液糖,294.0,0.0,0.0,76.6,0.0,0.0,0.0,0.0,0.0,0.0,0.0
03014,03,(砂糖類) 氷糖みつ,274.0,0.2,0.0,68.2,0.0,0.0,0.0,0.0,0.0,0.7,0.0
03015,03,(でん粉糖類) 粉あめ,397.0,0.0,0.0,97.0,0.0,0.0,0.0,0.0,0.0,0.1,0.0
03017,03,(でん粉糖類) ぶどう糖 全糖,342.0,0.0,0.0,91.0,0.0,0.0,0.0,0.0,0.0,0.1,0.0
03018,03,(でん粉糖類) ぶどう糖 含水結晶,342.0,0.0,0.0,91.3,0.0,0.0,0.0,0.0,0.0,0.1,0.0
03019,03,(でん粉糖類) ぶどう糖 無水結晶,374.0,0.0,0.0,99.7,0.0,0.0,0.0,0.0,0.0,0.1,0.0
03020,03,(でん粉糖類) 果糖,375.0,0.0,0.0,99.9,0.0,0.0,0.0,0.0,0.0,0.0,0.0
03022,03,(その他) はちみつ,329.0,0.3,0.0,81.9,0.0,0.0,0.0,65.0,4.0,0.2,0.0
03023,03,(その他) メープルシロップ,266.0,0.1,0.0,66.3,0.0,0.0,0.0,230.0,75.0,0.4,0.0
03024,03,(でん粉糖類) 水あめ 酵素糖化,342.0,0.0,0.0,85.0,0.0,0.0,0.0,0.0,0.0,0.1,0.0
03025,03,(でん粉糖類) 水あめ 酸糖化,341.0,0.0,0.0,85.0,0.0,0.0,0.0,0.0,0.0,0.1,0.0
03026,03,(でん粉糖類) 異性化液糖 ぶどう糖果糖液糖,283.0,0.0,0.0,75.0,0.0,0.0,0.0,0.0,0.0,0.1,0.0
03027,03,(でん粉糖類) 異性化液糖 果糖ぶどう糖液糖,283.0,0.0,0.0,75.0,0.0,0.0,0.0,0.0,0.0,0.1,0.0
03028,03,(でん粉糖類) 異性化液糖 高果糖液糖,282.0,0.0,0.0,75.0,0.0,0.0,0.0,0.0,0.0,0.1,0.0
03029,03,(その他) 黒蜜,199.0,1.0,0.0,50.5,0.0,0.0,0.0,620.0,140.0,2.6,0.0
03030,03,(砂糖類) てんさい含蜜糖,357.0,0.9,0.0,96.9,0.1,0.0,8.3,27.0,0.0,0.1,0.0
03031,03,(でん粉糖類) 還元麦芽糖,208.0,0.0,0.0,100.0,0.0,0.0,0.3,0.0,0.0,0.0,0.0
03032,03,(でん粉糖類) 還元水あめ,210.0,0.0,0.0,69.9,0.0,0.0,,0.0,0.0,0.0,0.0
03033,03,(その他) はちみつ 国産品,328.0,0.1,0.0,81.7,0.0,0.0,0.0,23.0,2.0,0.1,0.0
04001,04,あずき 全粒 乾,304.0,20.8,2.0,59.6,0.0,0.0,24.8,1300.0,70.0,5.5,2.0
04002,04,あずき 全粒 ゆで,124.0,8.6,0.8,25.6,0.0,0.0,8.7,430.0,27.0,1.6,0.0
04003,04,あずき ゆで小豆缶詰,202.0,4.4,0.4,49.2,0.2,0.0,3.4,160.0,13.0,1.3,0.0
04004,04,あずき あん こし生あん,147.0,9.8,0.6,27.1,0.0,0.0,6.8,60.0,73.0,2.8,0.0
04005,04,あずき あん さらしあん (乾燥あん),335.0,23.5,1.0,66.8,0.0,0.0,26.8,170.0,58.0,7.2,0.0
04006,04,あずき あん つぶし練りあん,239.0,5.6,0.6,54.0,0.1,0.0,5.7,160.0,19.0,1.5,0.0
04007,04,いんげんまめ 全粒 乾,280.0,22.1,2.5,56.4,0.0,0.0,19.6,1400.0,140.0,5.9,0.0
04008,04,いんげんまめ 全粒 ゆで,127.0,9.3,1.2,24.5,0.0,0.0,13.6,410.0,62.0,2.0,0.0
04009,04,いんげんまめ うずら豆,214.0,6.7,1.3,49.6,0.3,0.0,5.9,230.0,41.0,2.3,0.0
04010,04,いんげんまめ こし生あん,135.0,9.4,0.9,27.0,0.0,0.0,8.5,55.0,60.0,2.7,0.0
04011,04,いんげんまめ 豆きんとん,238.0,4.9,0.5,56.2,0.3,0.0,4.8,120.0,28.0,1.0,0.0
04012,04,えんどう 全粒 青えんどう 乾,310.0,21.7,2.3,60.4,0.0,0.0,17.4,870.0,65.0,5.0,0.0
04013,04,えんどう 全粒 青えんどう ゆで,129.0,9.2,1.0,25.2,0.0,0.0,7.7,260.0,28.0,2.2,0.0
04014,04,えんどう グリンピース(揚げ豆),375.0,20.8,11.6,58.8,0.9,0.0,19.6,850.0,88.0,5.4,0.0
04015,04,えんどう 塩豆,321.0,23.3,2.4,61.5,1.5,0.0,17.9,970.0,1300.0,5.6,0.0
04016,04,えんどう うぐいす豆,228.0,5.6,0.7,52.9,0.4,0.0,5.3,100.0,18.0,2.5,0.0
04017,04,ささげ 全粒 乾,280.0,23.9,2.0,55.0,0.0,0.0,18.4,1400.0,75.0,5.6,0.0
04018,04,ささげ 全粒 ゆで,130.0,10.2,0.9,23.8,0.0,0.0,10.7,400.0,32.0,2.6,0.0
04019,04,そらまめ 全粒 乾,323.0,26.0,2.0,55.9,0.0,0.0,9.3,1100.0,100.0,5.7,0.0
04020,04,そらまめ フライビーンズ,436.0,24.7,20.8,46.4,1.8,0.0,14.9,710.0,90.0,7.5,0.0
04021,04,そらまめ おたふく豆,237.0,7.9,1.2,52.2,0.4,0.0,5.9,110.0,54.0,5.3,0.0
04022,04,そらまめ ふき豆,251.0,9.6,1.6,52.5,0.8,0.0,4.5,110.0,39.0,2.7,0.0
04023,04,だいず [全粒・全粒製品] 全粒 黄大豆 国産 乾,372.0,33.8,19.7,29.5,0.0,0.0,21.5,1900.0,180.0,6.8,3.0
04024,04,だいず [全粒・全粒製品] 全粒 黄大豆 国産 ゆで,163.0,14.8,9.8,8.4,0.0,0.0,8.5,530.0,79.0,2.2,0.0
04025,04,だいず [全粒・全粒製品] 全粒 黄大豆 米国産 乾,402.0,33.0,21.7,28.8,0.0,0.0,15.9,1800.0,230.0,8.6,0.0
04026,04,だいず [全粒・全粒製品] 全粒 黄大豆 中国産 乾,391.0,32.8,19.5,30.8,0.0,0.0,15.6,1800.0,170.0,8.9,0.0
04027,04,だいず [全粒・全粒製品] 全粒 黄大豆 ブラジル産 乾,414.0,33.6,22.6,30.7,0.0,0.0,17.3,1800.0,250.0,9.0,0.0
04028,04,だいず [全粒・全粒製品] 水煮缶詰 黄大豆,124.0,12.9,6.7,7.7,0.5,0.0,6.8,250.0,100.0,1.8,0.0
04029,04,だいず [全粒・全粒製品] きな粉 黄大豆 全粒大豆,451.0,36.7,25.7,28.5,0.0,0.0,18.1,2000.0,190.0,8.0,1.0
04030,04,だいず [全粒・全粒製品] きな粉 黄大豆 脱皮大豆,456.0,37.5,25.1,29.5,0.0,0.0,15.3,2000.0,180.0,6.2,0.0
04031,04,だいず [全粒・全粒製品] ぶどう豆,265.0,14.1,9.4,37.0,1.6,0.0,6.3,330.0,80.0,4.2,0.0
04032,04,だいず [豆腐・油揚げ類] 木綿豆腐,73.0,7.0,4.9,1.5,0.0,0.0,1.1,110.0,93.0,1.5,0.0
04033,04,だいず [豆腐・油揚げ類] 絹ごし豆腐,56.0,5.3,3.5,2.0,0.0,0.0,0.9,150.0,75.0,1.2,0.0
04034,04,だいず [豆腐・油揚げ類] ソフト豆腐,56.0,5.1,3.3,2.0,0.0,0.0,0.4,150.0,91.0,0.7,0.0
04035,04,だいず [豆腐・油揚げ類] 充てん豆腐,56.0,5.0,3.1,2.5,0.0,0.0,0.3,200.0,31.0,0.8,0.0
04036,04,だいず [豆腐・油揚げ類] 沖縄豆腐,99.0,9.1,7.2,0.7,0.4,0.0,0.5,180.0,120.0,1.7,0.0
04037,04,だいず [豆腐・油揚げ類] ゆし豆腐,47.0,4.3,2.8,1.7,0.6,0.0,0.3,210.0,36.0,0.7,0.0
04038,04,だいず [豆腐・油揚げ類] 焼き豆腐,82.0,7.8,5.7,1.0,0.0,0.0,0.5,90.0,150.0,1.6,0.0
04039,04,だいず [豆腐・油揚げ類] 生揚げ,143.0,10.7,11.3,0.9,0.0,0.0,0.8,120.0,240.0,2.6,0.0
04040,04,だいず [豆腐・油揚げ類] 油揚げ 生,377.0,23.4,34.4,0.4,0.0,0.0,1.3,86.0,310.0,3.2,0.0
04041,04,だいず [豆腐・油揚げ類] がんもどき,223.0,15.3,17.8,1.6,0.5,0.0,1.4,80.0,270.0,3.6,0.0
04042,04,だいず [豆腐・油揚げ類] 凍り豆腐 乾,496.0,50.5,34.1,4.2,1.1,0.0,2.5,34.0,630.0,7.5,0.0
04043,04,だいず [豆腐・油揚げ類] 豆腐よう,183.0,9.5,8.3,19.1,1.9,0.0,0.8,38.0,160.0,1.7,0.0
04044,04,だいず [豆腐・油揚げ類] 豆腐竹輪 蒸し,121.0,14.9,4.4,6.7,1.9,0.0,0.8,140.0,70.0,2.0,0.0
04045,04,だいず [豆腐・油揚げ類] 豆腐竹輪 焼き,133.0,16.1,4.9,7.5,2.3,0.0,0.7,150.0,100.0,2.3,0.0
04046,04,だいず [納豆類] 糸引き納豆,184.0,16.5,10.0,12.1,0.0,0.0,9.5,660.0,90.0,3.3,0.0
04047,04,だいず [納豆類] 挽きわり納豆,185.0,16.6,10.0,10.5,0.0,0.0,5.9,700.0,59.0,2.6,0.0
04048,04,だいず [納豆類] 五斗納豆,214.0,15.3,8.1,24.0,5.8,0.0,4.9,430.0,49.0,2.2,0.0
04049,04,だいず [納豆類] 寺納豆,248.0,18.6,8.1,31.5,14.2,0.0,7.6,1000.0,110.0,5.9,0.0
04051,04,だいず [その他] おから 生,88.0,6.1,3.6,13.8,0.0,0.0,11.5,350.0,81.0,1.3,0.0
04052,04,だいず [その他] 豆乳 豆乳,43.0,3.6,2.8,2.3,0.0,0.0,0.9,190.0,15.0,1.2,0.0
04053,04,だいず [その他] 豆乳 調製豆乳,61.0,3.2,3.6,4.8,0.1,0.0,1.1,170.0,31.0,1.2,0.0
04054,04,だいず [その他] 豆乳 豆乳飲料・麦芽コーヒー,57.0,2.2,2.2,7.8,0.1,0.0,1.0,110.0,20.0,0.3,0.0
04055,04,だいず [その他] 大豆たんぱく 粒状大豆たんぱく,318.0,46.3,3.0,36.7,0.0,0.0,17.8,2400.0,270.0,7.7,0.0
04056,04,だいず [その他] 大豆たんぱく 濃縮大豆たんぱく,313.0,58.2,1.7,27.9,1.4,0.0,20.9,1300.0,280.0,9.2,0.0
04057,04,だいず [その他] 大豆たんぱく 分離大豆たんぱく 塩分無調整タイプ,335.0,79.1,3.0,7.5,3.3,0.0,4.2,190.0,57.0,9.4,0.0
04058,04,だいず [その他] 大豆たんぱく 繊維状大豆たんぱく,365.0,59.3,5.0,25.2,3.6,0.0,5.6,270.0,70.0,8.2,0.0
04059,04,だいず [その他] 湯葉 生,218.0,21.8,13.7,4.1,0.0,0.0,0.8,290.0,90.0,3.6,0.0
04060,04,だいず [その他] 湯葉 干し 乾,485.0,50.4,32.1,7.2,0.0,0.0,3.0,840.0,210.0,8.3,0.0
04061,04,だいず [その他] 金山寺みそ,247.0,6.9,3.2,50.0,5.1,0.0,3.2,190.0,33.0,1.7,0.0
04062,04,だいず [その他] ひしおみそ,198.0,6.5,2.7,38.8,4.8,0.0,2.8,340.0,56.0,1.9,0.0
04063,04,だいず [その他] テンペ,180.0,15.8,9.0,15.4,0.0,0.0,10.2,730.0,70.0,2.4,0.0
04064,04,つるあずき 全粒 乾,297.0,20.8,1.6,61.8,0.0,0.0,22.0,1400.0,280.0,11.0,3.0
04065,04,ひよこまめ 全粒 乾,336.0,20.0,5.2,61.5,0.0,0.0,16.3,1200.0,100.0,2.6,0.0
04066,04,ひよこまめ 全粒 ゆで,149.0,9.5,2.5,27.4,0.0,0.0,11.6,350.0,45.0,1.2,0.0
04067,04,ひよこまめ 全粒 フライ 味付け,366.0,18.8,10.4,62.6,1.8,0.0,21.0,690.0,73.0,4.2,0.0
04068,04,べにばないんげん 全粒 乾,273.0,17.2,1.7,61.2,0.0,0.0,26.7,1700.0,78.0,5.4,0.0
04069,04,べにばないんげん 全粒 ゆで,103.0,6.2,0.6,22.3,0.0,0.0,7.6,440.0,28.0,1.6,0.0
04070,04,らいまめ 全粒 乾,306.0,21.9,1.8,60.8,0.0,0.0,19.6,1800.0,78.0,6.2,0.0
04071,04,りょくとう 全粒 乾,319.0,25.1,1.5,59.1,0.0,0.0,14.6,1300.0,100.0,5.9,0.0
04072,04,りょくとう 全粒 ゆで,125.0,10.2,0.6,22.5,0.0,0.0,5.2,320.0,32.0,2.2,0.0
04073,04,レンズまめ 全粒 乾,313.0,23.2,1.5,60.7,0.0,0.0,16.7,1000.0,57.0,9.0,1.0
04074,04,えんどう 全粒 赤えんどう 乾,310.0,21.7,2.3,60.4,0.0,0.0,17.4,870.0,65.0,5.0,0.0
04075,04,えんどう 全粒 赤えんどう ゆで,129.0,9.2,1.0,25.2,0.0,0.0,7.7,260.0,28.0,2.2,0.0
04076,04,そらまめ しょうゆ豆,173.0,9.8,0.9,37.1,1.2,0.0,10.1,280.0,39.0,1.9,0.0
04077,04,だいず [全粒・全粒製品] 全粒 黒大豆 国産 乾,349.0,33.9,18.8,28.9,0.0,0.0,20.6,1800.0,140.0,6.8,3.0
04078,04,だいず [全粒・全粒製品] いり大豆 黄大豆,429.0,37.5,21.6,33.3,0.0,0.0,19.4,2000.0,160.0,7.6,1.0
04079,04,だいず [全粒・全粒製品] いり大豆 黒大豆,431.0,36.4,22.0,34.3,0.0,0.0,19.2,2100.0,120.0,7.2,1.0
04080,04,だいず [全粒・全粒製品] いり大豆 青大豆,425.0,37.7,20.7,33.9,0.0,0.0,18.4,2000.0,160.0,6.7,1.0
04081,04,だいず [全粒・全粒製品] 蒸し大豆 黄大豆,186.0,16.6,9.8,13.8,0.6,0.0,10.6,810.0,75.0,2.8,0.0
04082,04,だいず [全粒・全粒製品] きな粉 青大豆 全粒大豆,424.0,37.0,22.8,29.3,0.0,0.0,16.9,2000.0,160.0,7.9,1.0
04083,04,だいず [全粒・全粒製品] 大豆はいが,404.0,37.8,14.7,39.5,0.0,0.0,18.8,1400.0,100.0,12.0,0.0
04084,04,だいず [豆腐・油揚げ類] 油揚げ 油抜き 生,266.0,18.2,23.4,0.0,0.0,0.0,0.9,51.0,230.0,2.5,0.0
04085,04,だいず [豆腐・油揚げ類] 油揚げ 油抜き 焼き,361.0,24.9,32.2,0.7,0.0,0.0,1.2,74.0,320.0,3.4,0.0
04086,04,だいず [豆腐・油揚げ類] 油揚げ 油抜き ゆで,164.0,12.4,13.8,0.3,0.0,0.0,0.6,12.0,140.0,1.6,0.0
04087,04,だいず [豆腐・油揚げ類] 凍り豆腐 水煮,104.0,10.7,7.3,1.1,0.7,0.0,0.5,3.0,150.0,1.7,0.0
04088,04,だいず [豆腐・油揚げ類] ろくじょう豆腐,332.0,34.7,21.5,3.8,11.0,0.0,3.2,430.0,660.0,6.1,0.0
04089,04,だいず [その他] おから 乾燥,333.0,23.1,13.6,52.3,0.0,0.0,43.6,1300.0,310.0,4.9,0.0
04090,04,だいず [その他] 大豆たんぱく 分離大豆たんぱく 塩分調整タイプ,335.0,79.1,3.0,7.5,1.6,0.0,4.2,260.0,890.0,9.4,0.0
04091,04,だいず [その他] 湯葉 干し 湯戻し,151.0,15.7,10.6,0.1,0.0,0.0,1.2,140.0,66.0,2.6,0.0
04092,04,つるあずき 全粒 ゆで,132.0,9.7,1.0,27.5,0.0,0.0,13.4,370.0,130.0,3.3,0.0
04093,04,らいまめ 全粒 ゆで,122.0,9.6,0.9,26.0,0.0,0.0,10.9,490.0,27.0,2.3,0.0
04094,04,レンズまめ 全粒 ゆで,149.0,11.2,0.8,29.1,0.0,0.0,9.4,330.0,27.0,4.3,0.0
04095,04,だいず [豆腐・油揚げ類] 油揚げ 甘煮,231.0,11.2,13.0,19.1,1.2,0.0,0.5,61.0,120.0,1.5,0.0
04096,04,だいず [全粒・全粒製品] きな粉 青大豆 脱皮大豆,418.0,36.6,24.6,28.3,0.0,0.0,20.8,2100.0,190.0,6.7,0.0
04097,04,だいず [豆腐・油揚げ類] 木綿豆腐 (凝固剤:塩化マグネシウム),73.0,7.0,4.9,1.5,0.1,0.0,1.1,110.0,40.0,1.5,0.0
04098,04,だいず [豆腐・油揚げ類] 木綿豆腐 (凝固剤:硫酸カルシウム),73.0,7.0,4.9,1.5,0.0,0.0,1.1,110.0,150.0,1.5,0.0
04099,04,だいず [豆腐・油揚げ類] 絹ごし豆腐 (凝固剤:塩化マグネシウム),56.0,5.3,3.5,2.0,0.0,0.0,0.9,150.0,30.0,1.2,0.0
04100,04,だいず [豆腐・油揚げ類] 絹ごし豆腐 (凝固剤:硫酸カルシウム),56.0,5.3,3.5,2.0,0.0,0.0,0.9,150.0,120.0,1.2,0.0
04101,04,あずき あん こし練りあん (並あん),255.0,5.6,0.3,58.8,0.0,0.0,3.9,35.0,42.0,1.6,0.0
04102,04,あずき あん こし練りあん (中割りあん),262.0,5.1,0.3,61.1,0.0,0.0,3.5,32.0,38.0,1.5,0.0
04103,04,あずき あん こし練りあん (もなかあん),292.0,5.1,0.3,68.6,0.0,0.0,3.5,32.0,38.0,1.5,0.0
04104,04,だいず [全粒・全粒製品] 全粒 青大豆 国産 乾,354.0,33.5,19.3,30.1,0.0,0.0,20.1,1700.0,160.0,6.5,2.0
04105,04,だいず [全粒・全粒製品] 全粒 青大豆 国産 ゆで,145.0,15.0,8.2,9.9,0.0,0.0,8.0,440.0,69.0,1.8,0.0
04106,04,だいず [全粒・全粒製品] 全粒 黒大豆 国産 ゆで,155.0,14.7,8.6,9.8,0.0,0.0,7.9,480.0,55.0,2.6,0.0
04108,04,やぶまめ 乾,383.0,23.4,10.1,49.5,0.0,0.0,0.0,1700.0,55.0,2.4,0.0
04109,04,だいず [全粒・全粒製品] きな粉(砂糖入り) 青きな粉,392.0,18.5,11.4,64.3,0.0,0.0,8.4,980.0,80.0,3.9,0.0
04110,04,だいず [全粒・全粒製品] きな粉(砂糖入り) きな粉,406.0,18.3,12.9,63.9,0.0,0.0,9.0,1000.0,97.0,4.0,0.0
04111,04,あずき あん つぶし生あん,115.0,8.6,0.5,24.5,0.0,0.0,7.9,200.0,27.0,1.9,0.0
04112,04,えんどう うぐいすあん,221.0,5.4,0.8,54.8,0.1,0.0,8.2,110.0,20.0,1.0,0.0
04113,04,だいず [豆腐・油揚げ類] 絹生揚げ,103.0,7.9,7.7,2.9,0.0,0.0,1.5,260.0,34.0,1.2,0.0
04114,04,だいず [納豆類] 塩納豆,137.0,8.3,4.4,20.2,2.2,0.0,6.0,410.0,48.0,1.3,0.0
04115,04,だいず [納豆類] 干し納豆,357.0,33.0,16.8,29.3,5.1,0.0,17.2,1600.0,190.0,5.8,0.0
05001,05,アーモンド 乾,609.0,19.6,51.8,20.9,0.0,0.0,10.1,760.0,250.0,3.6,0.0
05002,05,アーモンド フライ 味付け,626.0,21.3,55.7,17.9,0.3,0.0,10.1,760.0,240.0,3.5,0.0
05003,05,あさ 乾,450.0,29.9,28.3,31.7,0.0,0.0,23.0,340.0,130.0,13.0,0.0
05004,05,えごま 乾,523.0,17.7,43.4,29.4,0.0,0.0,20.8,590.0,390.0,16.0,0.0
05005,05,カシューナッツ フライ 味付け,591.0,19.8,47.6,26.7,0.6,0.0,6.7,590.0,38.0,4.8,0.0
05006,05,かぼちゃ いり 味付け,590.0,26.5,51.8,12.0,0.1,35.0,7.3,840.0,44.0,6.5,0.0
05007,05,かや いり,629.0,8.7,64.9,22.6,0.0,0.0,18.2,470.0,58.0,3.3,2.0
05008,05,ぎんなん 生,168.0,4.7,1.6,34.8,0.0,25.0,1.6,710.0,5.0,1.0,23.0
05009,05,ぎんなん ゆで,169.0,4.6,1.5,35.8,0.0,0.0,2.4,580.0,5.0,1.2,23.0
05010,05,(くり類) 日本ぐり 生,147.0,2.8,0.5,36.9,0.0,30.0,4.2,420.0,23.0,0.8,33.0
05011,05,(くり類) 日本ぐり ゆで,152.0,3.5,0.6,36.7,0.0,20.0,6.6,460.0,23.0,0.7,26.0
05012,05,(くり類) 日本ぐり 甘露煮,232.0,1.8,0.4,56.8,0.0,0.0,2.8,75.0,8.0,0.6,0.0
05013,05,(くり類) 中国ぐり 甘ぐり,207.0,4.9,0.9,48.5,0.0,20.0,8.5,560.0,30.0,2.0,2.0
05014,05,くるみ いり,713.0,14.6,68.8,11.7,0.0,0.0,7.5,540.0,85.0,2.6,0.0
05015,05,けし 乾,555.0,19.3,49.1,21.8,0.0,0.0,16.5,700.0,1700.0,23.0,0.0
05016,05,ココナッツ ココナッツパウダー,676.0,6.1,65.8,23.7,0.0,0.0,14.1,820.0,15.0,2.8,0.0
05017,05,ごま 乾,604.0,19.8,53.8,16.5,0.0,0.0,10.8,400.0,1200.0,9.6,0.0
05018,05,ごま いり,605.0,20.3,54.2,18.5,0.0,0.0,12.6,410.0,1200.0,9.9,0.0
05019,05,ごま むき,570.0,19.3,54.9,18.8,0.0,0.0,13.0,400.0,62.0,6.0,0.0
05020,05,しい 生,244.0,3.2,0.8,57.6,0.0,35.0,3.3,390.0,62.0,0.9,110.0
05021,05,すいか いり 味付け,528.0,29.6,46.4,13.4,1.5,60.0,7.1,640.0,70.0,5.3,0.0
05022,05,とち 蒸し,148.0,1.7,1.9,34.2,0.6,0.0,6.6,1900.0,180.0,0.4,0.0
05023,05,はす 未熟 生,81.0,5.9,0.5,14.9,0.0,55.0,2.6,410.0,53.0,0.6,27.0
05024,05,はす 成熟 乾,327.0,18.3,2.3,64.3,0.0,0.0,10.3,1300.0,110.0,2.9,1.0
05025,05,(ひし類) ひし 生,183.0,5.8,0.5,40.6,0.0,50.0,2.9,430.0,45.0,1.1,12.0
05026,05,ピスタチオ いり 味付け,617.0,17.4,56.1,20.9,0.7,45.0,9.2,970.0,120.0,3.0,0.0
05027,05,ひまわり フライ 味付け,603.0,20.1,56.3,17.2,0.6,0.0,7.9,750.0,81.0,3.6,0.0
05028,05,ブラジルナッツ フライ 味付け,703.0,14.9,69.1,9.6,0.2,0.0,7.2,620.0,200.0,2.6,0.0
05029,05,ヘーゼルナッツ フライ 味付け,701.0,13.6,69.3,13.9,0.1,0.0,7.4,610.0,130.0,3.0,0.0
05030,05,ペカン フライ 味付け,716.0,9.6,73.4,13.3,0.4,0.0,7.1,370.0,60.0,2.7,0.0
05031,05,マカダミアナッツ いり 味付け,751.0,8.3,76.7,12.2,0.5,0.0,6.2,300.0,47.0,1.3,0.0
05032,05,まつ 生,681.0,15.8,68.2,10.6,0.0,0.0,4.1,730.0,14.0,5.6,0.0
05033,05,まつ いり,724.0,14.6,72.5,8.1,0.0,0.0,6.9,620.0,15.0,6.2,0.0
05034,05,らっかせい 大粒種 乾,572.0,25.2,47.0,19.4,0.0,30.0,8.5,740.0,49.0,1.6,0.0
05035,05,らっかせい 大粒種 いり,613.0,25.0,49.6,21.3,0.0,30.0,11.4,760.0,50.0,1.7,0.0
05036,05,らっかせい バターピーナッツ,609.0,23.3,53.2,18.3,0.3,0.0,9.5,700.0,50.0,2.0,0.0
05037,05,らっかせい ピーナッツバター,599.0,20.6,50.4,24.9,0.9,0.0,7.6,650.0,47.0,1.6,0.0
05040,05,アーモンド いり 無塩,608.0,20.3,54.1,20.7,0.0,0.0,11.0,740.0,260.0,3.7,0.0
05041,05,あまに いり,540.0,21.8,43.3,30.4,0.2,0.0,23.8,760.0,210.0,9.0,0.0
05042,05,ごま ねり,646.0,19.0,61.0,15.6,0.0,0.0,11.2,480.0,590.0,5.8,0.0
05043,05,はす 成熟 ゆで,118.0,7.3,0.8,25.0,0.0,0.0,5.0,240.0,42.0,1.1,0.0
05044,05,らっかせい 小粒種 乾,573.0,25.4,47.5,18.8,0.0,30.0,7.4,740.0,50.0,1.6,0.0
05045,05,らっかせい 小粒種 いり,607.0,26.5,49.4,19.6,0.0,30.0,7.2,770.0,50.0,1.7,0.0
05046,05,チアシード 乾,446.0,19.4,33.9,34.5,0.0,0.0,36.9,760.0,570.0,7.6,1.0
05047,05,(ひし類) とうびし 生,122.0,2.7,0.4,31.4,0.0,50.0,8.2,470.0,27.0,0.7,7.0
05048,05,(ひし類) とうびし ゆで,120.0,2.7,0.3,30.5,0.0,45.0,5.1,410.0,25.0,0.5,5.0
06001,06,アーティチョーク 花らい 生,39.0,2.3,0.2,11.3,0.1,75.0,8.7,430.0,52.0,0.8,15.0
06002,06,アーティチョーク 花らい ゆで,35.0,2.1,0.1,10.8,0.0,80.0,8.6,380.0,47.0,0.7,11.0
06003,06,あさつき 葉 生,34.0,4.2,0.3,5.6,0.0,0.0,3.3,330.0,20.0,0.7,26.0
06004,06,あさつき 葉 ゆで,41.0,4.2,0.3,7.3,0.0,0.0,3.4,330.0,21.0,0.7,27.0
06005,06,あしたば 茎葉 生,30.0,3.3,0.1,6.7,0.2,2.0,5.6,540.0,65.0,1.0,41.0
06006,06,あしたば 茎葉 ゆで,28.0,2.9,0.1,6.6,0.1,0.0,5.3,390.0,58.0,0.5,23.0
06007,06,アスパラガス 若茎 生,21.0,2.6,0.2,3.9,0.0,20.0,1.8,270.0,19.0,0.7,15.0
06008,06,アスパラガス 若茎 ゆで,25.0,2.6,0.1,4.6,0.0,0.0,2.1,260.0,19.0,0.6,16.0
06009,06,アスパラガス 水煮缶詰,24.0,2.4,0.1,4.3,0.9,0.0,1.7,170.0,21.0,0.9,11.0
06010,06,いんげんまめ さやいんげん 若ざや 生,23.0,1.8,0.1,5.1,0.0,3.0,2.4,260.0,50.0,0.7,8.0
06011,06,いんげんまめ さやいんげん 若ざや ゆで,24.0,1.8,0.2,5.5,0.0,0.0,3.9,270.0,53.0,0.7,6.0
06012,06,(うど類) うど 茎 生,19.0,0.8,0.1,4.3,0.0,35.0,1.4,220.0,7.0,0.2,4.0
06013,06,(うど類) うど 茎 水さらし,13.0,0.6,0.0,3.4,0.0,0.0,1.6,200.0,6.0,0.1,3.0
06014,06,(うど類) やまうど 茎 生,19.0,1.1,0.1,4.3,0.0,35.0,1.8,270.0,11.0,0.3,5.0
06015,06,えだまめ 生,125.0,11.7,6.2,8.8,0.0,45.0,5.0,590.0,58.0,2.7,27.0
06016,06,えだまめ ゆで,118.0,11.5,6.1,8.9,0.0,50.0,4.6,490.0,76.0,2.5,15.0
06017,06,えだまめ 冷凍,143.0,13.0,7.6,10.6,0.0,50.0,7.3,650.0,76.0,2.5,27.0
06018,06,エンダイブ 葉 生,14.0,1.2,0.2,2.9,0.1,15.0,2.2,270.0,51.0,0.6,7.0
06019,06,(えんどう類) トウミョウ 茎葉 生,28.0,3.8,0.4,4.0,0.0,0.0,3.3,350.0,34.0,1.0,79.0
06020,06,(えんどう類) さやえんどう 若ざや 生,38.0,3.1,0.2,7.5,0.0,9.0,3.0,200.0,35.0,0.9,60.0
06021,06,(えんどう類) さやえんどう 若ざや ゆで,36.0,3.2,0.2,7.0,0.0,0.0,3.1,160.0,36.0,0.8,44.0
06022,06,(えんどう類) スナップえんどう 若ざや 生,47.0,2.9,0.1,9.9,0.0,5.0,2.5,160.0,32.0,0.6,43.0
06023,06,(えんどう類) グリンピース 生,76.0,6.9,0.4,15.3,0.0,0.0,7.7,340.0,23.0,1.7,19.0
06024,06,(えんどう類) グリンピース ゆで,99.0,8.3,0.2,18.5,0.0,0.0,8.6,340.0,32.0,2.2,16.0
06025,06,(えんどう類) グリンピース 冷凍,80.0,5.8,0.7,17.1,0.0,0.0,9.3,240.0,27.0,1.6,20.0
06026,06,(えんどう類) グリンピース 水煮缶詰,82.0,3.6,0.4,19.7,0.8,0.0,6.9,37.0,33.0,1.8,0.0
06027,06,おおさかしろな 葉 生,12.0,1.4,0.2,2.2,0.1,6.0,1.8,400.0,150.0,1.2,28.0
06028,06,おおさかしろな 葉 ゆで,16.0,1.6,0.3,3.1,0.1,6.0,2.2,240.0,140.0,1.0,24.0
06029,06,おおさかしろな 塩漬,19.0,1.3,0.3,4.5,1.6,9.0,3.1,380.0,130.0,0.7,38.0
06030,06,おかひじき 茎葉 生,16.0,1.4,0.2,3.4,0.1,6.0,2.5,680.0,150.0,1.3,21.0
06031,06,おかひじき 茎葉 ゆで,16.0,1.2,0.1,3.8,0.2,0.0,2.7,510.0,150.0,0.9,15.0
06032,06,オクラ 果実 生,26.0,2.1,0.2,6.6,0.0,15.0,5.0,280.0,92.0,0.5,11.0
06033,06,オクラ 果実 ゆで,25.0,2.1,0.1,7.6,0.0,15.0,5.4,280.0,90.0,0.5,7.0
06034,06,かぶ 葉 生,20.0,2.3,0.1,3.9,0.1,30.0,2.9,330.0,250.0,2.1,82.0
06035,06,かぶ 葉 ゆで,20.0,2.3,0.1,4.4,0.0,30.0,3.7,180.0,190.0,1.5,47.0
06036,06,かぶ 根 皮つき 生,18.0,0.7,0.1,4.6,0.0,9.0,1.5,280.0,24.0,0.3,19.0
06037,06,かぶ 根 皮つき ゆで,18.0,0.7,0.1,4.7,0.0,0.0,1.8,310.0,28.0,0.3,16.0
06038,06,かぶ 根 皮なし 生,19.0,0.6,0.1,4.8,0.0,15.0,1.4,250.0,24.0,0.2,18.0
06039,06,かぶ 根 皮なし ゆで,20.0,0.6,0.1,5.0,0.0,0.0,1.7,250.0,28.0,0.2,16.0
06040,06,かぶ 漬物 塩漬 葉,27.0,2.3,0.2,6.0,2.3,20.0,3.6,290.0,240.0,2.6,44.0
06041,06,かぶ 漬物 塩漬 根 皮つき,21.0,1.0,0.2,4.9,2.8,0.0,1.9,310.0,48.0,0.3,19.0
06042,06,かぶ 漬物 塩漬 根 皮なし,19.0,0.8,0.1,4.7,4.3,0.0,2.0,400.0,33.0,0.3,21.0
06043,06,かぶ 漬物 ぬかみそ漬 葉,35.0,3.3,0.1,7.1,3.8,20.0,4.0,540.0,280.0,2.2,49.0
06044,06,かぶ 漬物 ぬかみそ漬 根 皮つき,27.0,1.5,0.1,5.9,2.2,0.0,2.0,500.0,57.0,0.3,28.0
06045,06,かぶ 漬物 ぬかみそ漬 根 皮なし,31.0,1.4,0.1,6.9,6.9,0.0,1.8,740.0,26.0,0.3,20.0
06046,06,(かぼちゃ類) 日本かぼちゃ 果実 生,41.0,1.6,0.1,10.9,0.0,9.0,2.8,420.0,20.0,0.5,16.0
06047,06,(かぼちゃ類) 日本かぼちゃ 果実 ゆで,55.0,1.9,0.1,13.3,0.0,0.0,3.0,350.0,18.0,0.5,16.0
06048,06,(かぼちゃ類) 西洋かぼちゃ 果実 生,78.0,1.9,0.3,20.6,0.0,10.0,3.5,430.0,22.0,0.4,43.0
06049,06,(かぼちゃ類) 西洋かぼちゃ 果実 ゆで,80.0,1.6,0.3,21.3,0.0,0.0,4.1,340.0,22.0,0.3,32.0
06050,06,(かぼちゃ類) 西洋かぼちゃ 果実 冷凍,75.0,2.2,0.3,18.5,0.0,0.0,4.2,430.0,25.0,0.5,34.0
06051,06,(かぼちゃ類) そうめんかぼちゃ 果実 生,25.0,0.7,0.1,6.1,0.0,30.0,1.5,260.0,27.0,0.3,11.0
06052,06,からしな 葉 生,26.0,3.3,0.1,4.7,0.2,0.0,3.7,620.0,140.0,2.2,64.0
06053,06,からしな 塩漬,36.0,4.0,0.1,7.2,2.5,0.0,5.0,530.0,150.0,1.8,80.0
06054,06,カリフラワー 花序 生,28.0,3.0,0.1,5.2,0.0,50.0,2.9,410.0,24.0,0.6,81.0
06055,06,カリフラワー 花序 ゆで,26.0,2.7,0.1,5.1,0.0,0.0,3.2,220.0,23.0,0.7,53.0
06056,06,かんぴょう 乾,239.0,6.3,0.2,68.1,0.0,0.0,30.1,1800.0,250.0,2.9,0.0
06057,06,かんぴょう ゆで,21.0,0.7,0.0,7.2,0.0,0.0,5.3,100.0,34.0,0.3,0.0
06058,06,きく 花びら 生,25.0,1.4,0.0,6.5,0.0,15.0,3.4,280.0,22.0,0.7,11.0
06059,06,きく 花びら ゆで,21.0,1.0,0.0,5.7,0.0,0.0,2.9,140.0,16.0,0.5,5.0
06060,06,きく 菊のり,283.0,11.6,0.2,73.5,0.0,0.0,29.6,2500.0,160.0,11.0,10.0
06061,06,(キャベツ類) キャベツ 結球葉 生,23.0,1.2,0.1,5.2,0.0,15.0,1.8,190.0,42.0,0.3,38.0
06062,06,(キャベツ類) キャベツ 結球葉 ゆで,19.0,0.9,0.2,4.6,0.0,0.0,2.0,92.0,40.0,0.2,17.0
06063,06,(キャベツ類) グリーンボール 結球葉 生,20.0,1.4,0.1,4.3,0.0,15.0,1.6,270.0,58.0,0.4,47.0
06064,06,(キャベツ類) レッドキャベツ 結球葉 生,30.0,2.0,0.1,6.7,0.0,10.0,2.8,310.0,40.0,0.5,68.0
06065,06,きゅうり 果実 生,13.0,1.0,0.1,3.0,0.0,2.0,1.1,200.0,26.0,0.3,14.0
06066,06,きゅうり 漬物 塩漬,17.0,1.0,0.1,3.7,2.5,2.0,1.3,220.0,26.0,0.2,11.0
06067,06,きゅうり 漬物 しょうゆ漬,51.0,3.2,0.4,10.8,4.1,0.0,3.4,79.0,39.0,1.3,8.0
06068,06,きゅうり 漬物 ぬかみそ漬,28.0,1.5,0.1,6.2,5.3,2.0,1.5,610.0,22.0,0.3,22.0
06069,06,きゅうり 漬物 ピクルス スイート型,70.0,0.3,0.1,18.3,1.1,0.0,1.7,18.0,25.0,0.3,0.0
06070,06,きゅうり 漬物 ピクルス サワー型,13.0,1.4,0.0,2.5,2.5,0.0,1.4,11.0,23.0,1.2,0.0
06071,06,ぎょうじゃにんにく 葉 生,35.0,3.5,0.2,6.6,0.0,10.0,3.3,340.0,29.0,1.4,59.0
06072,06,みずな 葉 生,23.0,2.2,0.1,4.8,0.1,15.0,3.0,480.0,210.0,2.1,55.0
06073,06,みずな 葉 ゆで,21.0,2.0,0.1,4.7,0.1,0.0,3.6,370.0,200.0,2.0,19.0
06074,06,みずな 塩漬,26.0,2.0,0.1,5.9,2.3,10.0,3.5,450.0,200.0,1.3,47.0
06075,06,キンサイ 茎葉 生,16.0,1.1,0.4,3.5,0.1,8.0,2.5,360.0,140.0,0.5,15.0
06076,06,キンサイ 茎葉 ゆで,15.0,1.1,0.4,3.5,0.1,0.0,2.9,320.0,140.0,0.5,7.0
06077,06,クレソン 茎葉 生,13.0,2.1,0.1,2.5,0.1,15.0,2.5,330.0,110.0,1.1,26.0
06078,06,くわい 塊茎 生,128.0,6.3,0.1,26.6,0.0,20.0,2.4,600.0,5.0,0.8,2.0
06079,06,くわい 塊茎 ゆで,129.0,6.2,0.1,27.2,0.0,0.0,2.8,550.0,5.0,0.8,0.0
06080,06,ケール 葉 生,26.0,2.1,0.4,5.6,0.0,3.0,3.7,420.0,220.0,0.8,81.0
06081,06,コールラビ 球茎 生,21.0,1.0,0.0,5.1,0.0,7.0,1.9,240.0,29.0,0.2,45.0
06082,06,コールラビ 球茎 ゆで,20.0,1.0,0.0,5.2,0.0,0.0,2.3,210.0,27.0,0.2,37.0
06083,06,こごみ 若芽 生,25.0,3.0,0.2,5.3,0.0,0.0,5.2,350.0,26.0,0.6,27.0
06084,06,(ごぼう類) ごぼう 根 生,58.0,1.8,0.1,15.4,0.0,10.0,5.7,320.0,46.0,0.7,3.0
06085,06,(ごぼう類) ごぼう 根 ゆで,50.0,1.5,0.2,13.7,0.0,0.0,6.1,210.0,48.0,0.7,1.0
06086,06,こまつな 葉 生,13.0,1.5,0.2,2.4,0.0,15.0,1.9,500.0,170.0,2.8,39.0
06087,06,こまつな 葉 ゆで,14.0,1.6,0.1,3.0,0.0,9.0,2.4,140.0,150.0,2.1,21.0
06088,06,ザーサイ 漬物,20.0,2.5,0.1,4.6,13.7,0.0,4.6,680.0,140.0,2.9,0.0
06089,06,さんとうさい 葉 生,12.0,1.0,0.2,2.7,0.0,6.0,2.2,360.0,140.0,0.7,35.0
06090,06,さんとうさい 葉 ゆで,14.0,1.4,0.3,2.9,0.0,5.0,2.5,240.0,130.0,0.6,22.0
06091,06,さんとうさい 塩漬,18.0,1.5,0.3,4.0,2.3,6.0,3.0,420.0,190.0,0.6,44.0
06092,06,しかくまめ 若ざや 生,19.0,2.4,0.1,3.8,0.0,5.0,3.2,270.0,80.0,0.7,16.0
06093,06,(ししとう類) ししとう 果実 生,24.0,1.9,0.3,5.7,0.0,10.0,3.6,340.0,11.0,0.5,57.0
06094,06,(ししとう類) ししとう 果実 油いため,51.0,1.9,3.2,5.8,0.0,0.0,3.6,380.0,15.0,0.6,49.0
06095,06,しそ 葉 生,32.0,3.9,0.1,7.5,0.0,0.0,7.3,500.0,230.0,1.7,26.0
06096,06,しそ 実 生,32.0,3.4,0.1,8.9,0.0,0.0,8.9,300.0,100.0,1.2,5.0
06097,06,じゅうろくささげ 若ざや 生,22.0,2.5,0.1,4.8,0.0,3.0,4.2,200.0,31.0,0.5,25.0
06098,06,じゅうろくささげ 若ざや ゆで,28.0,2.8,0.1,6.2,0.0,0.0,4.5,180.0,33.0,0.5,16.0
06099,06,しゅんぎく 葉 生,20.0,2.3,0.3,3.9,0.2,1.0,3.2,460.0,120.0,1.7,19.0
06100,06,しゅんぎく 葉 ゆで,25.0,2.7,0.5,4.5,0.1,0.0,3.7,270.0,120.0,1.2,5.0
06101,06,じゅんさい 若葉 水煮びん詰,4.0,0.4,0.0,1.0,0.0,0.0,1.0,2.0,4.0,0.0,0.0
06102,06,(しょうが類) 葉しょうが 根茎 生,9.0,0.5,0.2,2.1,0.0,40.0,1.6,310.0,15.0,0.4,3.0
06103,06,(しょうが類) しょうが 根茎 皮なし 生,28.0,0.9,0.3,6.6,0.0,20.0,2.1,270.0,12.0,0.5,2.0
06104,06,(しょうが類) しょうが 漬物 酢漬,15.0,0.3,0.2,3.9,5.6,0.0,2.2,25.0,22.0,0.2,0.0
06105,06,(しょうが類) しょうが 漬物 甘酢漬,44.0,0.2,0.4,10.7,2.0,0.0,1.8,13.0,39.0,0.3,0.0
06106,06,しろうり 果実 生,15.0,0.9,0.1,3.3,0.0,25.0,1.2,220.0,35.0,0.2,8.0
06107,06,しろうり 漬物 塩漬,15.0,1.0,0.1,3.7,2.0,1.0,2.2,220.0,26.0,0.2,10.0
06108,06,しろうり 漬物 奈良漬,216.0,4.6,0.2,40.0,4.8,0.0,2.6,97.0,25.0,0.4,0.0
06109,06,ずいき 生ずいき 生,15.0,0.5,0.0,4.1,0.0,30.0,1.6,390.0,80.0,0.1,5.0
06110,06,ずいき 生ずいき ゆで,10.0,0.4,0.0,3.1,0.0,0.0,2.1,76.0,95.0,0.1,1.0
06111,06,ずいき 干しずいき 乾,232.0,6.6,0.4,63.5,0.0,0.0,25.8,10000.0,1200.0,9.0,0.0
06112,06,ずいき 干しずいき ゆで,9.0,0.5,0.0,3.4,0.0,0.0,3.1,160.0,130.0,0.7,0.0
06113,06,すぐきな 葉 生,23.0,1.9,0.2,5.4,0.1,25.0,4.0,680.0,150.0,2.6,73.0
06114,06,すぐきな 根 生,19.0,0.6,0.1,4.7,0.1,8.0,1.7,310.0,26.0,0.1,13.0
06115,06,すぐきな すぐき漬,30.0,2.6,0.7,6.1,2.2,0.0,5.2,390.0,130.0,0.9,35.0
06116,06,ズッキーニ 果実 生,16.0,1.3,0.1,2.8,0.0,4.0,1.3,320.0,24.0,0.5,20.0
06117,06,せり 茎葉 生,17.0,2.0,0.1,3.3,0.0,30.0,2.5,410.0,34.0,1.6,20.0
06118,06,せり 茎葉 ゆで,17.0,2.1,0.1,3.4,0.0,15.0,2.8,190.0,38.0,1.3,10.0
06119,06,セロリ 葉柄 生,12.0,0.4,0.1,3.6,0.1,35.0,1.5,410.0,39.0,0.2,7.0
06120,06,ぜんまい 生ぜんまい 若芽 生,27.0,1.7,0.1,6.6,0.0,15.0,3.8,340.0,10.0,0.6,24.0
06121,06,ぜんまい 生ぜんまい 若芽 ゆで,17.0,1.1,0.4,4.1,0.0,0.0,3.5,38.0,19.0,0.3,2.0
06122,06,ぜんまい 干しぜんまい 干し若芽 乾,277.0,14.6,0.6,70.8,0.1,0.0,34.8,2200.0,150.0,7.7,0.0
06123,06,ぜんまい 干しぜんまい 干し若芽 ゆで,25.0,1.7,0.1,6.8,0.0,0.0,5.2,19.0,20.0,0.4,0.0
06124,06,そらまめ 未熟豆 生,102.0,10.9,0.2,15.5,0.0,25.0,2.6,440.0,22.0,2.3,23.0
06125,06,そらまめ 未熟豆 ゆで,103.0,10.5,0.2,16.9,0.0,25.0,4.0,390.0,22.0,2.1,18.0
06126,06,タアサイ 葉 生,12.0,1.3,0.2,2.2,0.1,6.0,1.9,430.0,120.0,0.7,31.0
06127,06,タアサイ 葉 ゆで,11.0,1.1,0.2,2.3,0.1,6.0,2.1,320.0,110.0,0.6,14.0
06128,06,(だいこん類) かいわれだいこん 芽ばえ 生,21.0,2.1,0.5,3.3,0.0,0.0,1.9,99.0,54.0,0.5,47.0
06129,06,(だいこん類) 葉だいこん 葉 生,17.0,2.0,0.2,3.3,0.1,20.0,2.6,340.0,170.0,1.4,49.0
06130,06,(だいこん類) だいこん 葉 生,23.0,2.2,0.1,5.3,0.1,10.0,4.0,400.0,260.0,3.1,53.0
06131,06,(だいこん類) だいこん 葉 ゆで,24.0,2.2,0.1,5.4,0.1,0.0,3.6,180.0,220.0,2.2,21.0
06132,06,(だいこん類) だいこん 根 皮つき 生,15.0,0.5,0.1,4.1,0.0,10.0,1.4,230.0,24.0,0.2,12.0
06133,06,(だいこん類) だいこん 根 皮つき ゆで,15.0,0.4,0.0,4.5,0.0,0.0,1.6,210.0,24.0,0.2,9.0
06134,06,(だいこん類) だいこん 根 皮なし 生,15.0,0.4,0.1,4.1,0.0,15.0,1.3,230.0,23.0,0.2,11.0
06135,06,(だいこん類) だいこん 根 皮なし ゆで,15.0,0.5,0.1,4.0,0.0,0.0,1.7,210.0,25.0,0.2,9.0
06136,06,(だいこん類) 切干しだいこん 乾,280.0,9.7,0.8,69.7,0.5,0.0,21.3,3500.0,500.0,3.1,28.0
06137,06,(だいこん類) 漬物 ぬかみそ漬,29.0,1.3,0.1,6.7,3.8,0.0,1.8,480.0,44.0,0.3,15.0
06138,06,(だいこん類) 漬物 たくあん漬 塩押しだいこん漬,43.0,0.6,0.3,10.8,3.3,0.0,2.3,56.0,16.0,0.2,40.0
06139,06,(だいこん類) 漬物 たくあん漬 干しだいこん漬,23.0,1.9,0.1,5.5,2.5,0.0,3.7,500.0,76.0,1.0,12.0
06140,06,(だいこん類) 漬物 守口漬,194.0,5.3,0.2,44.3,3.6,0.0,3.3,100.0,26.0,0.7,0.0
06141,06,(だいこん類) 漬物 べったら漬,53.0,0.4,0.2,13.1,2.8,0.0,1.6,190.0,15.0,0.2,49.0
06142,06,(だいこん類) 漬物 みそ漬,52.0,2.1,0.3,11.4,7.2,0.0,2.1,80.0,18.0,0.3,0.0
06143,06,(だいこん類) 漬物 福神漬,137.0,2.7,0.1,33.3,5.1,0.0,3.9,100.0,36.0,1.3,0.0
06144,06,(たいさい類) つまみな 葉 生,19.0,1.9,0.3,3.6,0.1,0.0,2.3,450.0,210.0,3.3,47.0
06145,06,(たいさい類) たいさい 葉 生,15.0,0.9,0.1,3.5,0.1,0.0,1.6,340.0,79.0,1.1,45.0
06146,06,(たいさい類) たいさい 塩漬,19.0,1.6,0.1,4.3,1.8,0.0,2.5,330.0,78.0,1.3,41.0
06147,06,たかな 葉 生,21.0,1.8,0.2,4.2,0.1,8.0,2.5,300.0,87.0,1.7,69.0
06148,06,たかな たかな漬,30.0,1.9,0.6,6.2,4.0,0.0,4.0,110.0,51.0,1.5,0.0
06149,06,たけのこ 若茎 生,27.0,3.6,0.2,4.3,0.0,50.0,2.8,520.0,16.0,0.4,10.0
06150,06,たけのこ 若茎 ゆで,31.0,3.5,0.2,5.5,0.0,0.0,3.3,470.0,17.0,0.4,8.0
06151,06,たけのこ 水煮缶詰,22.0,2.7,0.2,4.0,0.0,0.0,2.3,77.0,19.0,0.3,0.0
06152,06,たけのこ めんま 塩蔵 塩抜き,15.0,1.0,0.5,3.6,0.9,0.0,3.5,6.0,18.0,0.2,0.0
06153,06,(たまねぎ類) たまねぎ りん茎 生,33.0,1.0,0.1,8.4,0.0,6.0,1.5,150.0,17.0,0.3,7.0
06154,06,(たまねぎ類) たまねぎ りん茎 水さらし,24.0,0.6,0.1,6.1,0.0,0.0,1.5,88.0,18.0,0.2,5.0
06155,06,(たまねぎ類) たまねぎ りん茎 ゆで,30.0,0.8,0.1,7.3,0.0,0.0,1.7,110.0,18.0,0.2,5.0
06156,06,(たまねぎ類) 赤たまねぎ りん茎 生,34.0,0.9,0.1,9.0,0.0,8.0,1.7,150.0,19.0,0.3,7.0
06157,06,たらのめ 若芽 生,27.0,4.2,0.2,4.3,0.0,30.0,4.2,460.0,16.0,0.9,7.0
06158,06,たらのめ 若芽 ゆで,27.0,4.0,0.2,4.1,0.0,0.0,3.6,260.0,19.0,0.9,3.0
06159,06,チコリ 若芽 生,17.0,1.0,0.0,3.9,0.0,15.0,1.1,170.0,24.0,0.2,2.0
06160,06,チンゲンサイ 葉 生,9.0,0.6,0.1,2.0,0.1,15.0,1.2,260.0,100.0,1.1,24.0
06161,06,チンゲンサイ 葉 ゆで,11.0,0.9,0.1,2.4,0.1,20.0,1.5,250.0,120.0,0.7,15.0
06162,06,つくし 胞子茎 生,31.0,3.5,0.1,8.1,0.0,15.0,8.1,640.0,50.0,2.1,33.0
06163,06,つくし 胞子茎 ゆで,28.0,3.4,0.1,6.7,0.0,0.0,6.7,340.0,58.0,1.1,15.0
06164,06,つるな 茎葉 生,15.0,1.8,0.1,2.8,0.0,0.0,2.3,300.0,48.0,3.0,22.0
06165,06,つるむらさき 茎葉 生,11.0,0.7,0.2,2.6,0.0,0.0,2.2,210.0,150.0,0.5,41.0
06166,06,つるむらさき 茎葉 ゆで,12.0,0.9,0.2,3.2,0.0,0.0,3.1,150.0,180.0,0.4,18.0
06167,06,つわぶき 葉柄 生,19.0,0.4,0.0,5.6,0.3,0.0,2.5,410.0,38.0,0.2,4.0
06168,06,つわぶき 葉柄 ゆで,14.0,0.3,0.0,4.4,0.1,0.0,2.3,160.0,31.0,0.1,0.0
06169,06,とうがらし 葉・果実 生,32.0,3.4,0.1,7.2,0.0,60.0,5.7,650.0,490.0,2.2,92.0
06170,06,とうがらし 葉・果実 油いため,81.0,4.0,4.9,8.5,0.0,0.0,6.3,690.0,550.0,2.8,56.0
06171,06,とうがらし 果実 生,72.0,3.9,3.4,16.3,0.0,9.0,10.3,760.0,20.0,2.0,120.0
06172,06,とうがらし 果実 乾,270.0,14.7,12.0,58.4,0.0,0.0,46.4,2800.0,74.0,6.8,1.0
06173,06,とうがん 果実 生,15.0,0.5,0.1,3.8,0.0,30.0,1.3,200.0,19.0,0.2,39.0
06174,06,とうがん 果実 ゆで,15.0,0.6,0.1,3.7,0.0,0.0,1.5,200.0,22.0,0.3,27.0
06175,06,(とうもろこし類) スイートコーン 未熟種子 生,89.0,3.6,1.7,16.8,0.0,50.0,3.0,290.0,3.0,0.8,8.0
06176,06,(とうもろこし類) スイートコーン 未熟種子 ゆで,95.0,3.5,1.7,18.6,0.0,30.0,3.1,290.0,5.0,0.8,6.0
06177,06,(とうもろこし類) スイートコーン 未熟種子 穂軸つき 冷凍,96.0,3.5,1.5,18.7,0.0,40.0,2.8,230.0,4.0,0.6,6.0
06178,06,(とうもろこし類) スイートコーン 未熟種子 カーネル 冷凍,91.0,2.9,1.3,19.8,0.0,0.0,4.8,230.0,3.0,0.3,4.0
06179,06,(とうもろこし類) スイートコーン 缶詰 クリームスタイル,82.0,1.7,0.5,18.6,0.7,0.0,1.8,150.0,2.0,0.4,3.0
06180,06,(とうもろこし類) スイートコーン 缶詰 ホールカーネルスタイル,78.0,2.3,0.5,17.8,0.5,0.0,3.3,130.0,2.0,0.4,2.0
06181,06,(とうもろこし類) ヤングコーン 幼雌穂 生,29.0,2.3,0.2,6.0,0.0,0.0,2.7,230.0,19.0,0.4,9.0
06182,06,(トマト類) 赤色トマト 果実 生,20.0,0.7,0.1,4.7,0.0,3.0,1.0,210.0,7.0,0.2,15.0
06183,06,(トマト類) 赤色ミニトマト 果実 生,30.0,1.1,0.1,7.2,0.0,2.0,1.4,290.0,12.0,0.4,32.0
06184,06,(トマト類) 加工品 ホール 食塩無添加,21.0,0.9,0.2,4.4,0.0,0.0,1.3,240.0,9.0,0.4,10.0
06185,06,(トマト類) 加工品 トマトジュース 食塩添加,15.0,0.7,0.1,4.0,0.3,0.0,0.7,260.0,6.0,0.3,6.0
06186,06,(トマト類) 加工品 ミックスジュース 食塩添加,18.0,0.6,0.0,4.3,0.2,0.0,0.7,200.0,11.0,0.3,3.0
06187,06,トレビス 葉 生,17.0,1.1,0.2,3.9,0.0,20.0,2.0,290.0,21.0,0.3,6.0
06188,06,とんぶり ゆで,89.0,6.1,3.5,12.9,0.0,0.0,7.1,190.0,15.0,2.8,1.0
06189,06,ながさきはくさい 葉 生,12.0,1.3,0.1,2.6,0.1,3.0,2.2,300.0,140.0,2.3,88.0
06190,06,ながさきはくさい 葉 ゆで,18.0,2.2,0.1,3.4,0.0,5.0,2.4,120.0,120.0,1.6,23.0
06191,06,(なす類) なす 果実 生,18.0,1.1,0.1,5.1,0.0,10.0,2.2,220.0,18.0,0.3,4.0
06192,06,(なす類) なす 果実 ゆで,17.0,1.0,0.1,4.5,0.0,0.0,2.1,180.0,20.0,0.3,1.0
06193,06,(なす類) べいなす 果実 生,20.0,1.1,0.1,5.3,0.0,30.0,2.4,220.0,10.0,0.4,6.0
06194,06,(なす類) べいなす 果実 素揚げ,177.0,1.0,17.0,6.7,0.0,35.0,1.8,220.0,10.0,0.4,2.0
06195,06,(なす類) 漬物 塩漬,22.0,1.4,0.1,5.2,2.2,0.0,2.7,260.0,18.0,0.6,7.0
06196,06,(なす類) 漬物 ぬかみそ漬,27.0,1.7,0.1,6.1,2.5,0.0,2.7,430.0,21.0,0.5,8.0
06197,06,(なす類) 漬物 こうじ漬,87.0,5.5,0.1,18.2,6.6,0.0,4.2,210.0,65.0,1.4,0.0
06198,06,(なす類) 漬物 からし漬,127.0,2.6,0.2,30.7,4.8,0.0,4.2,72.0,71.0,1.5,87.0
06199,06,(なす類) 漬物 しば漬,27.0,1.4,0.2,7.0,4.1,0.0,4.4,50.0,30.0,1.7,0.0
06200,06,なずな 葉 生,35.0,4.3,0.1,7.0,0.0,5.0,5.4,440.0,290.0,2.4,110.0
06201,06,(なばな類) 和種なばな 花らい・茎 生,34.0,4.4,0.2,5.8,0.0,0.0,4.2,390.0,160.0,2.9,130.0
06202,06,(なばな類) 和種なばな 花らい・茎 ゆで,28.0,4.7,0.1,4.3,0.0,0.0,4.3,170.0,140.0,1.7,44.0
06203,06,(なばな類) 洋種なばな 茎葉 生,36.0,4.1,0.4,6.0,0.0,0.0,3.7,410.0,97.0,0.9,110.0
06204,06,(なばな類) 洋種なばな 茎葉 ゆで,30.0,3.6,0.4,5.3,0.0,0.0,4.1,210.0,95.0,0.7,55.0
06205,06,にがうり 果実 生,15.0,1.0,0.1,3.9,0.0,15.0,2.6,260.0,14.0,0.4,76.0
06206,06,にがうり 果実 油いため,47.0,1.2,3.3,4.6,0.0,0.0,2.8,260.0,14.0,0.5,75.0
06207,06,(にら類) にら 葉 生,18.0,1.7,0.3,4.0,0.0,5.0,2.7,510.0,48.0,0.7,19.0
06208,06,(にら類) にら 葉 ゆで,27.0,2.6,0.5,5.7,0.0,0.0,4.3,400.0,51.0,0.7,11.0
06209,06,(にら類) 花にら 花茎・花らい 生,27.0,1.9,0.2,5.9,0.0,5.0,2.8,250.0,22.0,0.5,23.0
06210,06,(にら類) 黄にら 葉 生,18.0,2.1,0.1,3.3,0.0,0.0,2.0,180.0,15.0,0.7,15.0
06211,06,(にんじん類) 葉にんじん 葉 生,16.0,1.1,0.2,3.7,0.1,15.0,2.7,510.0,92.0,0.9,22.0
06212,06,(にんじん類) にんじん 根 皮つき 生,35.0,0.7,0.2,9.3,0.1,3.0,2.8,300.0,28.0,0.2,6.0
06213,06,(にんじん類) にんじん 根 皮つき ゆで,29.0,0.6,0.2,8.4,0.1,0.0,3.0,270.0,32.0,0.3,4.0
06214,06,(にんじん類) にんじん 根 皮なし 生,32.0,0.7,0.2,8.8,0.1,10.0,2.8,300.0,24.0,0.2,4.0
06215,06,(にんじん類) にんじん 根 皮なし ゆで,28.0,0.7,0.1,8.5,0.1,0.0,2.8,240.0,29.0,0.2,4.0
06216,06,(にんじん類) にんじん 根 冷凍,30.0,0.8,0.2,8.2,0.1,0.0,4.1,200.0,30.0,0.3,4.0
06217,06,(にんじん類) にんじん ジュース 缶詰,29.0,0.6,0.1,6.7,0.0,0.0,0.2,280.0,10.0,0.2,1.0
06218,06,(にんじん類) きんとき 根 皮つき 生,39.0,1.8,0.2,9.6,0.0,15.0,3.9,540.0,37.0,0.4,8.0
06219,06,(にんじん類) きんとき 根 皮つき ゆで,37.0,1.9,0.2,9.2,0.0,0.0,4.3,470.0,39.0,0.5,6.0
06220,06,(にんじん類) きんとき 根 皮なし 生,40.0,1.8,0.3,9.7,0.0,20.0,3.6,520.0,34.0,0.4,8.0
06221,06,(にんじん類) きんとき 根 皮なし ゆで,40.0,1.9,0.4,9.6,0.0,0.0,4.1,480.0,38.0,0.4,8.0
06222,06,(にんじん類) ミニキャロット 根 生,26.0,0.7,0.2,7.5,0.0,1.0,2.7,340.0,30.0,0.3,4.0
06223,06,(にんにく類) にんにく りん茎 生,129.0,6.4,0.9,27.5,0.0,9.0,6.2,510.0,14.0,0.8,12.0
06224,06,(にんにく類) 茎にんにく 花茎 生,44.0,1.9,0.3,10.6,0.0,0.0,3.8,160.0,45.0,0.5,45.0
06225,06,(にんにく類) 茎にんにく 花茎 ゆで,43.0,1.7,0.2,10.7,0.0,0.0,3.8,160.0,40.0,0.5,39.0
06226,06,(ねぎ類) 根深ねぎ 葉 軟白 生,35.0,1.4,0.1,8.3,0.0,40.0,2.5,200.0,36.0,0.3,14.0
06227,06,(ねぎ類) 葉ねぎ 葉 生,29.0,1.9,0.3,6.5,0.0,7.0,3.2,260.0,80.0,1.0,32.0
06228,06,(ねぎ類) こねぎ 葉 生,26.0,2.0,0.3,5.4,0.0,10.0,2.5,320.0,100.0,1.0,44.0
06229,06,のざわな 葉 生,14.0,0.9,0.1,3.5,0.1,3.0,2.0,390.0,130.0,0.6,41.0
06230,06,のざわな 漬物 塩漬,17.0,1.2,0.1,4.1,1.5,5.0,2.5,300.0,130.0,0.4,27.0
06231,06,のざわな 漬物 調味漬,22.0,1.7,0.0,5.4,2.4,3.0,3.1,360.0,94.0,0.7,26.0
06232,06,のびる りん茎葉 生,63.0,3.2,0.2,15.5,0.0,20.0,6.9,590.0,100.0,2.6,60.0
06233,06,はくさい 結球葉 生,13.0,0.8,0.1,3.2,0.0,6.0,1.3,220.0,43.0,0.3,19.0
06234,06,はくさい 結球葉 ゆで,13.0,0.9,0.1,2.9,0.0,10.0,1.4,160.0,43.0,0.3,10.0
06235,06,はくさい 漬物 塩漬,17.0,1.5,0.1,3.3,2.1,4.0,1.8,240.0,39.0,0.4,29.0
06236,06,はくさい 漬物 キムチ,27.0,2.3,0.1,5.4,2.9,0.0,2.2,290.0,50.0,0.5,15.0
06237,06,パクチョイ 葉 生,15.0,1.6,0.2,2.7,0.0,10.0,1.8,450.0,100.0,0.8,45.0
06238,06,バジル 葉 生,21.0,2.0,0.6,4.0,0.0,20.0,4.0,420.0,240.0,1.5,16.0
06239,06,パセリ 葉 生,34.0,4.0,0.7,7.8,0.0,10.0,6.8,1000.0,290.0,7.5,120.0
06240,06,はつかだいこん 根 生,13.0,0.8,0.1,3.1,0.0,25.0,1.2,220.0,21.0,0.3,19.0
06241,06,はやとうり 果実 白色種 生,20.0,0.6,0.1,4.9,0.0,2.0,1.2,170.0,12.0,0.3,11.0
06242,06,はやとうり 果実 白色種 塩漬,17.0,0.6,0.0,4.4,3.6,0.0,1.6,110.0,8.0,0.2,9.0
06243,06,ビーツ 根 生,38.0,1.6,0.1,9.3,0.1,10.0,2.7,460.0,12.0,0.4,5.0
06244,06,ビーツ 根 ゆで,42.0,1.5,0.1,10.2,0.1,3.0,2.9,420.0,15.0,0.4,3.0
06245,06,(ピーマン類) 青ピーマン 果実 生,20.0,0.9,0.2,5.1,0.0,15.0,2.3,190.0,11.0,0.4,76.0
06246,06,(ピーマン類) 青ピーマン 果実 油いため,54.0,0.9,4.3,5.4,0.0,0.0,2.4,200.0,11.0,0.7,79.0
06247,06,(ピーマン類) 赤ピーマン 果実 生,28.0,1.0,0.2,7.2,0.0,10.0,1.6,210.0,7.0,0.4,170.0
06248,06,(ピーマン類) 赤ピーマン 果実 油いため,69.0,1.0,4.3,7.6,0.0,0.0,1.6,220.0,7.0,0.7,180.0
06249,06,(ピーマン類) 黄ピーマン 果実 生,28.0,0.8,0.2,6.6,0.0,10.0,1.3,200.0,8.0,0.3,150.0
06250,06,(ピーマン類) 黄ピーマン 果実 油いため,61.0,0.8,4.3,6.9,0.0,0.0,1.3,210.0,8.0,0.5,160.0
06251,06,(ピーマン類) トマピー 果実 生,33.0,1.0,0.2,7.5,0.0,15.0,1.6,210.0,8.0,0.4,200.0
06252,06,ひのな 根・茎葉 生,17.0,1.0,0.0,4.7,0.0,4.0,3.0,480.0,130.0,0.8,52.0
06253,06,ひのな 根・茎葉 甘酢漬,70.0,1.4,0.5,17.3,2.8,0.0,4.7,550.0,130.0,0.9,39.0
06254,06,ひろしまな 葉 生,19.0,1.5,0.2,4.2,0.1,4.0,2.4,550.0,200.0,0.8,49.0
06255,06,ひろしまな 塩漬,15.0,1.2,0.2,3.3,2.1,5.0,2.4,120.0,74.0,0.8,15.0
06256,06,(ふき類) ふき 葉柄 生,11.0,0.3,0.0,3.0,0.1,40.0,1.3,330.0,40.0,0.1,2.0
06257,06,(ふき類) ふき 葉柄 ゆで,7.0,0.3,0.0,1.9,0.1,10.0,1.1,230.0,34.0,0.1,0.0
06258,06,(ふき類) ふきのとう 花序 生,38.0,2.5,0.1,10.0,0.0,2.0,6.4,740.0,61.0,1.3,14.0
06259,06,(ふき類) ふきのとう 花序 ゆで,31.0,2.5,0.1,7.0,0.0,0.0,4.2,440.0,46.0,0.7,3.0
06260,06,ふじまめ 若ざや 生,32.0,2.5,0.1,7.4,0.0,6.0,4.4,300.0,43.0,0.8,13.0
06261,06,ふだんそう 葉 生,17.0,2.0,0.1,3.7,0.2,0.0,3.3,1200.0,75.0,3.6,19.0
06262,06,ふだんそう 葉 ゆで,26.0,2.8,0.1,5.4,0.2,0.0,3.8,760.0,130.0,2.1,7.0
06263,06,ブロッコリー 花序 生,37.0,5.4,0.6,6.6,0.0,35.0,5.1,460.0,50.0,1.3,140.0
06264,06,ブロッコリー 花序 ゆで,30.0,3.9,0.4,5.2,0.0,0.0,4.3,210.0,41.0,0.9,55.0
06265,06,へちま 果実 生,17.0,0.8,0.1,3.8,0.0,20.0,1.0,150.0,12.0,0.3,5.0
06266,06,へちま 果実 ゆで,19.0,1.6,0.1,3.7,0.0,0.0,1.5,140.0,24.0,0.7,3.0
06267,06,ほうれんそう 葉 通年平均 生,18.0,2.2,0.4,3.1,0.0,10.0,2.8,690.0,49.0,2.0,35.0
06268,06,ほうれんそう 葉 通年平均 ゆで,23.0,2.6,0.5,4.0,0.0,5.0,3.6,490.0,69.0,0.9,19.0
06269,06,ほうれんそう 葉 冷凍,22.0,2.9,0.3,3.4,0.3,0.0,3.3,210.0,87.0,1.2,19.0
06270,06,ホースラディシュ 根茎 生,69.0,3.1,0.3,17.7,0.0,25.0,8.2,510.0,110.0,1.0,73.0
06271,06,まこも 茎 生,19.0,1.3,0.2,4.4,0.0,15.0,2.3,240.0,2.0,0.2,6.0
06272,06,みずかけな 葉 生,25.0,2.9,0.1,4.7,0.0,0.0,2.8,400.0,110.0,1.0,88.0
06273,06,みずかけな 塩漬,34.0,4.9,0.0,5.7,2.5,0.0,4.0,440.0,110.0,1.0,70.0
06274,06,(みつば類) 切りみつば 葉 生,16.0,1.0,0.1,4.0,0.0,0.0,2.5,640.0,25.0,0.3,8.0
06275,06,(みつば類) 切りみつば 葉 ゆで,12.0,0.9,0.1,3.3,0.0,0.0,2.7,290.0,24.0,0.2,1.0
06276,06,(みつば類) 根みつば 葉 生,19.0,1.9,0.1,4.1,0.0,35.0,2.9,500.0,52.0,1.8,22.0
06277,06,(みつば類) 根みつば 葉 ゆで,19.0,2.3,0.1,3.9,0.0,0.0,3.3,270.0,64.0,1.2,12.0
06278,06,(みつば類) 糸みつば 葉 生,12.0,0.9,0.1,2.9,0.0,8.0,2.3,500.0,47.0,0.9,13.0
06279,06,(みつば類) 糸みつば 葉 ゆで,14.0,1.1,0.0,4.0,0.0,0.0,3.0,360.0,56.0,0.6,4.0
06280,06,(みょうが類) みょうが 花穂 生,11.0,0.9,0.1,2.6,0.0,3.0,2.1,210.0,25.0,0.5,2.0
06281,06,(みょうが類) みょうがたけ 茎葉 生,6.0,0.4,0.1,1.5,0.0,0.0,1.1,350.0,11.0,0.3,1.0
06282,06,むかご 肉芽 生,87.0,2.9,0.2,20.6,0.0,25.0,4.2,570.0,5.0,0.6,9.0
06283,06,めキャベツ 結球葉 生,52.0,5.7,0.1,9.9,0.0,0.0,5.5,610.0,37.0,1.0,160.0
06284,06,めキャベツ 結球葉 ゆで,51.0,5.3,0.1,9.8,0.0,0.0,5.2,480.0,36.0,1.0,110.0
06285,06,めたで 芽ばえ 生,39.0,3.0,0.5,8.8,0.0,0.0,6.3,140.0,49.0,2.3,67.0
06286,06,(もやし類) アルファルファもやし 生,11.0,1.6,0.1,2.0,0.0,0.0,1.4,43.0,14.0,0.5,5.0
06287,06,(もやし類) だいずもやし 生,29.0,3.6,1.4,2.5,0.0,7.0,2.3,160.0,25.0,0.5,4.0
06288,06,(もやし類) だいずもやし ゆで,27.0,2.9,1.6,2.2,0.0,0.0,2.2,50.0,24.0,0.4,1.0
06289,06,(もやし類) ブラックマッペもやし 生,17.0,2.2,0.0,2.8,0.0,0.0,1.5,65.0,16.0,0.4,10.0
06290,06,(もやし類) ブラックマッペもやし ゆで,13.0,1.3,0.0,2.7,0.0,0.0,1.6,12.0,24.0,0.4,2.0
06291,06,(もやし類) りょくとうもやし 生,15.0,1.8,0.1,2.4,0.0,2.0,1.3,79.0,9.0,0.2,7.0
06292,06,(もやし類) りょくとうもやし ゆで,12.0,1.6,0.0,2.3,0.0,0.0,1.5,24.0,11.0,0.3,2.0
06293,06,モロヘイヤ 茎葉 生,36.0,4.8,0.5,6.3,0.0,0.0,5.9,530.0,260.0,1.0,65.0
06294,06,モロヘイヤ 茎葉 ゆで,24.0,3.0,0.4,4.0,0.0,0.0,3.5,160.0,170.0,0.6,11.0
06295,06,やまごぼう みそ漬,66.0,4.1,0.1,15.6,7.1,0.0,7.0,200.0,23.0,1.3,0.0
06296,06,ゆりね りん茎 生,119.0,3.8,0.1,28.3,0.0,10.0,5.4,740.0,10.0,1.0,9.0
06297,06,ゆりね りん茎 ゆで,117.0,3.4,0.1,28.7,0.0,0.0,6.0,690.0,10.0,0.9,8.0
06298,06,ようさい 茎葉 生,17.0,2.2,0.1,3.1,0.1,0.0,3.1,380.0,74.0,1.5,19.0
06299,06,ようさい 茎葉 ゆで,18.0,2.2,0.1,4.1,0.0,0.0,3.4,270.0,90.0,1.0,6.0
06300,06,よめな 葉 生,40.0,3.4,0.2,10.0,0.0,0.0,7.8,800.0,110.0,3.7,42.0
06301,06,よもぎ 葉 生,43.0,5.2,0.3,8.7,0.0,0.0,7.8,890.0,180.0,4.3,35.0
06302,06,よもぎ 葉 ゆで,37.0,4.8,0.1,8.2,0.0,0.0,7.8,250.0,140.0,3.0,2.0
06303,06,らっかせい 未熟豆 生,306.0,12.0,24.2,12.4,0.0,35.0,4.0,450.0,15.0,0.9,20.0
06304,06,らっかせい 未熟豆 ゆで,298.0,11.9,23.5,12.3,0.0,40.0,4.2,290.0,24.0,0.9,19.0
06305,06,(らっきょう類) らっきょう りん茎 生,83.0,1.4,0.2,29.3,0.0,15.0,20.7,230.0,14.0,0.5,23.0
06306,06,(らっきょう類) らっきょう 甘酢漬,117.0,0.4,0.3,29.4,1.9,0.0,2.9,9.0,11.0,1.8,0.0
06307,06,(らっきょう類) エシャレット りん茎 生,59.0,2.3,0.2,17.8,0.0,40.0,11.4,290.0,20.0,0.8,21.0
06308,06,リーキ りん茎葉 生,30.0,1.6,0.1,6.9,0.0,35.0,2.5,230.0,31.0,0.7,11.0
06309,06,リーキ りん茎葉 ゆで,28.0,1.3,0.1,6.8,0.0,0.0,2.6,180.0,26.0,0.6,9.0
06310,06,ルバーブ 葉柄 生,23.0,0.7,0.1,6.0,0.0,10.0,2.5,400.0,74.0,0.2,5.0
06311,06,ルバーブ 葉柄 ゆで,14.0,0.5,0.1,4.6,0.0,0.0,2.9,200.0,64.0,0.2,4.0
06312,06,(レタス類) レタス 土耕栽培 結球葉 生,11.0,0.6,0.1,2.8,0.0,2.0,1.1,200.0,19.0,0.3,5.0
06313,06,(レタス類) サラダな 葉 生,10.0,1.0,0.2,2.7,0.0,10.0,1.8,410.0,56.0,2.4,14.0
06314,06,(レタス類) リーフレタス 葉 生,16.0,1.4,0.1,3.3,0.0,6.0,1.9,490.0,58.0,1.0,21.0
06315,06,(レタス類) サニーレタス 葉 生,15.0,1.2,0.2,3.2,0.0,6.0,2.0,410.0,66.0,1.8,17.0
06316,06,(レタス類) コスレタス 葉 生,16.0,1.2,0.2,3.4,0.0,9.0,1.9,250.0,29.0,0.5,8.0
06317,06,れんこん 根茎 生,66.0,1.9,0.1,15.5,0.1,20.0,2.0,440.0,20.0,0.5,48.0
06318,06,れんこん 根茎 ゆで,66.0,1.3,0.1,16.1,0.0,0.0,2.3,240.0,20.0,0.4,18.0
06319,06,ルッコラ 葉 生,17.0,1.9,0.4,3.1,0.0,2.0,2.6,480.0,170.0,1.6,66.0
06320,06,わけぎ 葉 生,30.0,1.6,0.0,7.4,0.0,4.0,2.8,230.0,59.0,0.4,37.0
06321,06,わけぎ 葉 ゆで,29.0,1.9,0.0,6.9,0.0,0.0,3.1,190.0,51.0,0.4,21.0
06322,06,わさび 根茎 生,89.0,5.6,0.2,18.4,0.1,30.0,4.4,500.0,100.0,0.8,75.0
06323,06,わさび わさび漬,140.0,7.1,0.5,28.0,2.5,0.0,2.7,140.0,40.0,0.9,1.0
06324,06,わらび 生わらび 生,19.0,2.4,0.1,4.0,0.0,6.0,3.6,370.0,12.0,0.7,11.0
06325,06,わらび 生わらび ゆで,13.0,1.5,0.1,3.0,0.0,0.0,3.0,10.0,11.0,0.6,0.0
06326,06,わらび 干しわらび 乾,216.0,20.0,0.7,61.4,0.0,0.0,58.0,3200.0,200.0,11.0,0.0
06327,06,アスパラガス 若茎 油いため,54.0,2.9,3.9,4.1,0.0,0.0,2.1,310.0,21.0,0.7,14.0
06328,06,アロエ 葉 生,3.0,0.0,0.1,0.7,0.0,30.0,0.4,43.0,56.0,0.0,1.0
06329,06,(えんどう類) トウミョウ 芽ばえ 生,27.0,3.8,0.4,3.2,0.0,0.0,2.2,130.0,7.0,0.8,43.0
06330,06,(えんどう類) トウミョウ 芽ばえ ゆで,28.0,3.6,0.6,3.8,0.0,0.0,3.5,73.0,8.0,0.9,14.0
06331,06,(えんどう類) トウミョウ 芽ばえ 油いため,84.0,5.0,5.9,4.3,0.0,0.0,3.0,170.0,8.0,1.0,30.0
06332,06,(かぼちゃ類) 西洋かぼちゃ 果実 焼き,105.0,2.5,0.4,27.7,0.0,0.0,5.3,570.0,19.0,0.6,44.0
06333,06,(キャベツ類) キャベツ 結球葉 油いため,78.0,1.6,6.0,5.9,0.0,0.0,2.2,250.0,53.0,0.4,47.0
06334,06,(だいこん類) 切干しだいこん ゆで,13.0,0.9,0.1,4.1,0.0,0.0,3.7,62.0,60.0,0.4,0.0
06335,06,(だいこん類) 切干しだいこん 油いため,78.0,1.5,6.0,7.6,0.0,0.0,5.6,110.0,91.0,0.7,0.0
06336,06,(たまねぎ類) たまねぎ りん茎 油いため,100.0,1.4,5.9,12.0,0.0,0.0,2.7,210.0,24.0,0.2,9.0
06337,06,(たまねぎ類) 葉たまねぎ りん茎及び葉 生,33.0,1.8,0.4,7.6,0.0,1.0,3.0,290.0,67.0,0.6,32.0
06338,06,チンゲンサイ 葉 油いため,36.0,0.8,3.2,2.2,0.1,0.0,1.4,230.0,92.0,0.9,21.0
06339,06,(とうもろこし類) スイートコーン 未熟種子 電子レンジ調理,104.0,4.2,2.2,19.1,0.0,30.0,3.4,330.0,3.0,0.9,6.0
06340,06,(トマト類) 加工品 トマトジュース 食塩無添加,18.0,0.7,0.1,4.0,0.0,0.0,0.7,260.0,6.0,0.3,6.0
06341,06,(トマト類) 加工品 ミックスジュース 食塩無添加,18.0,0.6,0.0,4.3,0.0,0.0,0.7,200.0,11.0,0.3,3.0
06342,06,(なす類) なす 果実 油いため,73.0,1.5,5.8,6.3,0.0,0.0,2.6,290.0,22.0,0.4,2.0
06343,06,(なす類) なす 果実 天ぷら,165.0,1.6,14.0,12.0,0.1,0.0,1.9,200.0,31.0,0.2,2.0
06344,06,(にら類) にら 葉 油いため,69.0,1.9,5.7,4.9,0.0,0.0,3.5,600.0,48.0,0.8,21.0
06345,06,(にんじん類) にんじん 根 皮なし 油いため,103.0,1.1,6.4,12.4,0.1,0.0,3.1,400.0,35.0,0.3,5.0
06346,06,(にんじん類) にんじん 根 皮なし 素揚げ,87.0,1.0,3.5,13.9,0.1,0.0,1.1,380.0,36.0,0.3,6.0
06347,06,(にんじん類) にんじん 根 皮 生,26.0,0.7,0.2,7.3,0.0,0.0,3.8,630.0,45.0,0.3,4.0
06348,06,(にんじん類) にんじん グラッセ,53.0,0.7,1.4,12.7,1.0,0.0,2.6,240.0,26.0,0.2,2.0
06349,06,(にんにく類) にんにく りん茎 油いため,191.0,8.2,5.9,30.6,0.0,0.0,6.8,610.0,18.0,1.2,10.0
06350,06,(ねぎ類) 根深ねぎ 葉 軟白 ゆで,28.0,1.3,0.1,6.8,0.0,0.0,2.5,150.0,28.0,0.3,10.0
06351,06,(ねぎ類) 根深ねぎ 葉 軟白 油いため,77.0,1.6,4.4,9.5,0.0,0.0,2.7,220.0,35.0,0.3,15.0
06352,06,(ねぎ類) 葉ねぎ 葉 油いため,77.0,2.1,5.2,7.9,0.0,0.0,3.9,310.0,95.0,1.2,43.0
06353,06,はやとうり 果実 緑色種 生,21.0,0.6,0.1,4.9,0.0,2.0,1.2,170.0,12.0,0.3,11.0
06354,06,ブロッコリー 芽ばえ 生,18.0,1.9,0.6,2.6,0.0,0.0,1.8,100.0,57.0,0.7,64.0
06355,06,ほうれんそう 葉 夏採り 生,18.0,2.2,0.4,3.1,0.0,10.0,2.8,690.0,49.0,2.0,20.0
06356,06,ほうれんそう 葉 冬採り 生,18.0,2.2,0.4,3.1,0.0,10.0,2.8,690.0,49.0,2.0,60.0
06357,06,ほうれんそう 葉 夏採り ゆで,23.0,2.6,0.5,4.0,0.0,5.0,3.6,490.0,69.0,0.9,10.0
06358,06,ほうれんそう 葉 冬採り ゆで,23.0,2.6,0.5,4.0,0.0,5.0,3.6,490.0,69.0,0.9,30.0
06359,06,ほうれんそう 葉 通年平均 油いため,91.0,3.8,8.1,4.4,0.0,0.0,4.6,530.0,88.0,1.2,21.0
06360,06,みぶな 葉 生,14.0,1.1,0.3,2.9,0.1,10.0,1.8,490.0,110.0,0.5,38.0
06361,06,(レタス類) レタス 水耕栽培 結球葉 生,13.0,0.8,0.2,2.9,0.0,2.0,1.1,260.0,34.0,0.3,5.0
06362,06,(レタス類) サンチュ 葉 生,14.0,1.2,0.4,2.5,0.0,0.0,2.0,470.0,62.0,0.5,13.0
06363,06,うるい 葉 生,19.0,1.9,0.4,4.0,0.0,4.0,3.3,390.0,40.0,0.5,50.0
06364,06,かんぴょう 甘煮,146.0,2.3,0.2,36.5,3.1,0.0,5.5,90.0,44.0,0.5,0.0
06365,06,(しょうが類) しょうが 根茎 皮なし 生 おろし,58.0,0.7,0.8,16.0,0.0,0.0,7.4,380.0,39.0,0.8,1.0
06366,06,(しょうが類) しょうが 根茎 皮なし 生 おろし汁,17.0,0.4,0.3,3.5,0.0,0.0,0.3,300.0,2.0,0.2,1.0
06367,06,(だいこん類) だいこん 根 皮なし 生 おろし,25.0,0.6,0.2,8.0,0.1,0.0,5.1,190.0,63.0,0.3,7.0
06368,06,(だいこん類) だいこん 根 皮なし 生 おろし汁,12.0,0.3,0.0,2.7,0.1,0.0,0.1,140.0,14.0,0.1,7.0
06369,06,(だいこん類) だいこん 根 皮なし 生 おろし水洗い,23.0,0.6,0.1,7.2,0.1,0.0,4.7,170.0,57.0,0.2,6.0
06370,06,(トマト類) ドライトマト,291.0,14.2,2.1,67.3,0.3,0.0,21.7,3200.0,110.0,4.2,15.0
06371,06,れんこん 甘酢れんこん,66.0,0.6,0.2,16.5,1.4,0.0,2.3,14.0,6.0,0.1,7.0
06372,06,ほうれんそう 葉 冷凍 ゆで,26.0,3.7,0.5,4.3,0.1,0.0,4.5,90.0,130.0,1.3,5.0
06373,06,ほうれんそう 葉 冷凍 油いため,67.0,4.0,4.5,5.4,0.4,0.0,4.1,240.0,130.0,1.5,16.0
06374,06,(えんどう類) グリンピース 冷凍 ゆで,82.0,6.2,0.7,17.8,0.0,0.0,10.3,210.0,29.0,1.7,13.0
06375,06,(えんどう類) グリンピース 冷凍 油いため,114.0,6.3,4.6,18.2,0.0,0.0,9.3,260.0,28.0,1.7,16.0
06376,06,ちぢみゆきな 葉 生,35.0,3.6,0.6,5.7,0.0,15.0,3.9,570.0,180.0,3.0,69.0
06377,06,ちぢみゆきな 葉 ゆで,34.0,3.8,0.7,5.2,0.0,15.0,4.3,320.0,130.0,1.4,39.0
06378,06,(とうもろこし類) スイートコーン 未熟種子 カーネル 冷凍 ゆで,92.0,2.8,1.5,18.7,0.0,0.0,6.2,200.0,3.0,0.2,2.0
06379,06,(とうもろこし類) スイートコーン 未熟種子 カーネル 冷凍 油いため,125.0,2.9,5.8,18.9,0.0,0.0,4.7,230.0,3.0,0.3,3.0
06380,06,(にんじん類) にんじん 根 冷凍 ゆで,24.0,0.7,0.2,7.0,0.1,0.0,3.5,130.0,31.0,0.3,1.0
06381,06,(にんじん類) にんじん 根 冷凍 油いため,65.0,0.9,4.0,9.3,0.2,0.0,4.2,210.0,33.0,0.3,2.0
06382,06,(その他) ミックスベジタブル 冷凍,67.0,3.0,0.7,15.1,0.1,0.0,5.9,220.0,19.0,0.7,9.0
06383,06,(その他) ミックスベジタブル 冷凍 ゆで,65.0,3.1,0.8,14.6,0.0,0.0,6.5,180.0,19.0,0.7,5.0
06384,06,(その他) ミックスベジタブル 冷凍 油いため,108.0,3.3,4.9,15.7,0.1,0.0,5.9,230.0,20.0,0.7,6.0
06385,06,コリアンダー 葉 生,18.0,1.4,0.4,4.6,0.0,10.0,4.2,590.0,84.0,1.4,40.0
06386,06,(しょうが類) 新しょうが 根茎 生,10.0,0.3,0.3,2.7,0.0,10.0,1.9,350.0,11.0,0.5,2.0
06387,06,すいぜんじな 葉 生,16.0,0.6,0.6,3.4,0.0,35.0,4.0,530.0,140.0,0.5,17.0
06388,06,(だいこん類) 漬物 いぶりがっこ,76.0,1.1,0.3,21.0,3.5,0.0,7.1,350.0,42.0,0.4,0.0
06389,06,(たまねぎ類) たまねぎ りん茎 油いため (あめ色たまねぎ),208.0,3.2,6.8,34.1,0.0,0.0,0.0,490.0,47.0,0.9,0.0
06390,06,つるにんじん 根 生,55.0,1.0,0.7,19.8,0.0,0.0,17.1,190.0,61.0,5.9,6.0
06391,06,(トマト類) 黄色トマト 果実 生,18.0,1.1,0.4,3.2,0.0,0.0,1.3,310.0,6.0,0.3,28.0
06392,06,はなっこりー 生,34.0,3.6,0.5,5.4,0.0,0.0,3.1,380.0,51.0,0.5,90.0
06393,06,(ピーマン類) オレンジピーマン 果実 生,19.0,0.9,0.3,4.2,0.0,9.0,1.8,230.0,5.0,0.3,150.0
06394,06,(ピーマン類) オレンジピーマン 果実 油いため,81.0,1.1,5.1,7.6,0.0,0.0,0.0,270.0,5.0,0.4,170.0
06395,06,ブロッコリー 花序 電子レンジ調理,56.0,5.7,0.7,7.0,0.0,0.0,0.0,500.0,54.0,1.4,140.0
06396,06,ブロッコリー 花序 焼き,83.0,9.9,1.2,8.4,0.0,0.0,0.0,820.0,90.0,2.3,150.0
06397,06,ブロッコリー 花序 油いため,109.0,6.9,6.3,6.1,0.0,0.0,0.0,590.0,64.0,1.7,130.0
06398,06,(もやし類) ブラックマッペもやし 油いため,41.0,2.3,0.9,5.8,0.0,0.0,0.0,71.0,18.0,0.4,7.0
06399,06,(その他) 野菜ミックスジュース 通常タイプ,21.0,0.8,0.1,4.7,0.0,0.0,0.9,230.0,10.0,0.2,2.0
06400,06,(その他) 野菜ミックスジュース 濃縮タイプ,36.0,1.0,0.3,7.8,0.1,0.0,1.0,310.0,43.0,0.3,37.0
06401,06,やぶまめ 生,219.0,15.5,6.5,29.5,0.0,0.0,9.8,1100.0,44.0,4.6,0.0
06402,06,アイスプラント 生,5.0,0.5,0.3,1.2,1.0,0.0,0.8,260.0,18.0,0.2,9.0
06403,06,(キャベツ類) キャベツ 結球葉 カット 常法洗浄,15.0,1.1,0.1,3.6,0.0,0.0,1.9,150.0,35.0,0.3,29.0
06404,06,(キャベツ類) キャベツ 結球葉 カット 次亜塩素酸洗浄,14.0,1.0,0.2,3.2,0.0,0.0,2.0,140.0,38.0,0.3,28.0
06405,06,(ごぼう類) 堀川ごぼう 根 生,55.0,3.2,0.2,19.1,0.0,10.0,18.3,540.0,70.0,2.2,4.0
06406,06,(ししとう類) 万願寺とうがらし 果実 生,26.0,1.3,0.3,6.2,0.0,6.0,3.2,220.0,11.0,0.3,83.0
06407,06,(にんじん類) にんじん 根 皮なし カット 常法洗浄,27.0,0.5,0.2,7.3,0.0,0.0,2.7,210.0,26.0,0.2,3.0
06408,06,(にんじん類) にんじん 根 皮なし カット 次亜塩素酸洗浄,27.0,0.6,0.2,7.2,0.0,0.0,2.6,200.0,27.0,0.2,3.0
06409,06,(にんじん類) 島にんじん 根 皮なし 生,35.0,1.1,0.4,8.8,0.1,20.0,3.9,420.0,34.0,0.5,14.0
06410,06,(ねぎ類) 九条ねぎ 葉 生,32.0,1.7,0.3,7.3,0.0,8.0,3.3,240.0,69.0,0.5,27.0
06411,06,(ねぎ類) めねぎ 葉 生,15.0,1.5,0.3,2.4,0.0,0.0,1.8,240.0,67.0,1.2,12.0
06412,06,(もやし類) だいずもやし 油いため,62.0,3.8,4.5,4.1,0.0,1.0,0.0,170.0,25.0,0.4,2.0
06413,06,(もやし類) りょくとうもやし 油いため,40.0,2.0,2.8,4.0,0.0,1.0,0.0,89.0,10.0,0.2,6.0
07001,07,あけび 果肉 生,89.0,0.5,0.1,22.0,0.0,0.0,1.1,95.0,11.0,0.3,65.0
07002,07,あけび 果皮 生,32.0,0.3,0.3,8.6,0.0,0.0,3.1,240.0,18.0,0.1,9.0
07003,07,アセロラ 酸味種 生,36.0,0.7,0.1,9.0,0.0,25.0,1.9,130.0,11.0,0.5,1700.0
07004,07,アセロラ 果実飲料 10%果汁入り飲料,42.0,0.1,0.0,10.5,0.0,0.0,0.2,13.0,1.0,0.1,120.0
07005,07,アテモヤ 生,81.0,1.8,0.4,19.4,0.0,35.0,3.3,340.0,26.0,0.3,14.0
07006,07,アボカド 生,176.0,2.1,17.5,7.9,0.0,30.0,5.6,590.0,8.0,0.6,12.0
07007,07,あんず 生,37.0,1.0,0.3,8.5,0.0,5.0,1.6,200.0,9.0,0.3,3.0
07008,07,あんず 乾,296.0,9.2,0.4,70.4,0.0,0.0,9.8,1300.0,70.0,2.3,0.0
07009,07,あんず 缶詰,79.0,0.5,0.4,18.9,0.0,0.0,0.8,190.0,18.0,0.2,0.0
07010,07,あんず ジャム 高糖度,252.0,0.3,0.1,64.9,0.0,0.0,0.7,75.0,8.0,0.2,0.0
07011,07,あんず ジャム 低糖度,202.0,0.4,0.1,50.5,0.0,0.0,1.2,80.0,11.0,0.3,0.0
07012,07,いちご 生,31.0,0.9,0.1,8.5,0.0,2.0,1.4,170.0,17.0,0.3,62.0
07013,07,いちご ジャム 高糖度,250.0,0.4,0.1,63.3,0.0,0.0,1.3,67.0,9.0,0.2,9.0
07014,07,いちご ジャム 低糖度,194.0,0.5,0.1,48.4,0.0,0.0,1.1,79.0,12.0,0.4,10.0
07015,07,いちじく 生,57.0,0.6,0.1,14.3,0.0,15.0,1.9,170.0,26.0,0.3,2.0
07016,07,いちじく 乾,272.0,3.0,1.1,75.3,0.2,0.0,10.7,840.0,190.0,1.7,0.0
07017,07,いちじく 缶詰,78.0,0.5,0.1,19.4,0.0,0.0,1.2,110.0,30.0,0.1,0.0
07018,07,(かんきつ類) いよかん 砂じょう 生,50.0,0.9,0.1,11.8,0.0,40.0,1.1,190.0,17.0,0.2,35.0
07019,07,うめ 生,33.0,0.7,0.5,7.9,0.0,15.0,2.5,240.0,12.0,0.6,6.0
07020,07,うめ 梅漬 塩漬,27.0,0.7,0.4,6.7,19.3,15.0,2.7,150.0,47.0,2.9,0.0
07021,07,うめ 梅漬 調味漬,45.0,1.5,0.5,10.5,6.9,20.0,3.4,100.0,87.0,1.2,0.0
07022,07,うめ 梅干し 塩漬,29.0,0.9,0.7,8.6,18.2,25.0,3.3,220.0,33.0,1.1,0.0
07023,07,うめ 梅干し 調味漬,90.0,1.5,0.6,21.1,7.6,25.0,2.5,130.0,25.0,2.4,0.0
07024,07,うめ 梅びしお,196.0,0.7,0.5,48.1,7.9,0.0,1.3,190.0,27.0,7.0,0.0
07025,07,うめ 果実飲料 20%果汁入り飲料,49.0,0.0,0.0,12.3,0.1,0.0,0.1,30.0,1.0,0.2,0.0
07026,07,(かんきつ類) うんしゅうみかん じょうのう 早生 生,49.0,0.5,0.1,11.9,0.0,20.0,0.7,130.0,17.0,0.1,35.0
07027,07,(かんきつ類) うんしゅうみかん じょうのう 普通 生,49.0,0.7,0.1,12.0,0.0,20.0,1.0,150.0,21.0,0.2,32.0
07028,07,(かんきつ類) うんしゅうみかん 砂じょう 早生 生,47.0,0.5,0.1,11.3,0.0,25.0,0.4,130.0,11.0,0.1,35.0
07029,07,(かんきつ類) うんしゅうみかん 砂じょう 普通 生,49.0,0.7,0.1,11.5,0.0,25.0,0.4,150.0,15.0,0.1,33.0
07030,07,(かんきつ類) うんしゅうみかん 果実飲料 ストレートジュース,45.0,0.5,0.1,10.6,0.0,0.0,0.0,130.0,8.0,0.2,29.0
07031,07,(かんきつ類) うんしゅうみかん 果実飲料 濃縮還元ジュース,42.0,0.5,0.1,9.9,0.0,0.0,0.0,110.0,6.0,0.1,30.0
07032,07,(かんきつ類) うんしゅうみかん 果実飲料 果粒入りジュース,53.0,0.2,0.0,13.0,0.0,0.0,0.0,33.0,5.0,0.1,12.0
07033,07,(かんきつ類) うんしゅうみかん 果実飲料 50%果汁入り飲料,59.0,0.2,0.0,14.7,0.0,0.0,0.1,63.0,4.0,0.1,18.0
07034,07,(かんきつ類) うんしゅうみかん 果実飲料 20%果汁入り飲料,50.0,0.1,0.0,12.4,0.0,0.0,0.0,21.0,2.0,0.1,7.0
07035,07,(かんきつ類) うんしゅうみかん 缶詰 果肉,63.0,0.5,0.1,15.3,0.0,0.0,0.5,75.0,8.0,0.4,15.0
07036,07,(かんきつ類) うんしゅうみかん 缶詰 液汁,63.0,0.3,0.1,15.3,0.0,0.0,0.0,75.0,5.0,0.3,15.0
07037,07,オリーブ 塩漬 グリーンオリーブ,148.0,1.0,15.0,4.5,3.6,25.0,3.3,47.0,79.0,0.3,12.0
07038,07,オリーブ 塩漬 ブラックオリーブ,121.0,0.8,12.3,3.4,1.6,25.0,2.5,10.0,68.0,0.8,0.0
07039,07,オリーブ 塩漬 スタッフドオリーブ,141.0,0.8,14.3,4.2,5.1,0.0,3.7,28.0,83.0,0.3,11.0
07040,07,(かんきつ類) オレンジ ネーブル 砂じょう 生,48.0,0.9,0.1,11.8,0.0,35.0,1.0,180.0,24.0,0.2,60.0
07041,07,(かんきつ類) オレンジ バレンシア 米国産 砂じょう 生,42.0,1.0,0.1,9.8,0.0,40.0,0.8,140.0,21.0,0.3,40.0
07042,07,(かんきつ類) オレンジ バレンシア 果実飲料 ストレートジュース,45.0,0.8,0.0,11.0,0.0,0.0,0.3,180.0,9.0,0.1,22.0
07043,07,(かんきつ類) オレンジ バレンシア 果実飲料 濃縮還元ジュース,46.0,0.7,0.1,10.7,0.0,0.0,0.2,190.0,9.0,0.1,42.0
07044,07,(かんきつ類) オレンジ バレンシア 果実飲料 50%果汁入り飲料,46.0,0.4,0.2,10.8,0.0,0.0,0.1,99.0,5.0,0.1,16.0
07045,07,(かんきつ類) オレンジ バレンシア 果実飲料 30%果汁入り飲料,41.0,0.2,0.0,10.0,0.0,0.0,0.0,57.0,3.0,0.0,10.0
07046,07,(かんきつ類) オレンジ バレンシア マーマレード 高糖度,233.0,0.2,0.1,63.2,0.0,0.0,0.7,27.0,16.0,0.1,5.0
07047,07,(かんきつ類) オレンジ バレンシア マーマレード 低糖度,190.0,0.3,0.1,47.7,0.0,0.0,1.3,49.0,19.0,0.2,4.0
07048,07,(かんきつ類) オロブランコ 砂じょう 生,43.0,0.8,0.1,10.1,0.0,45.0,0.9,150.0,12.0,0.2,38.0
07049,07,かき 甘がき 生,63.0,0.4,0.2,15.9,0.0,9.0,1.6,170.0,9.0,0.2,70.0
07050,07,かき 渋抜きがき 生,59.0,0.5,0.1,16.9,0.0,15.0,2.8,200.0,7.0,0.1,55.0
07051,07,かき 干しがき,274.0,1.5,1.7,71.3,0.0,8.0,14.0,670.0,27.0,0.6,2.0
07052,07,(かんきつ類) かぼす 果汁 生,36.0,0.4,0.1,8.5,0.0,0.0,0.1,140.0,7.0,0.1,42.0
07053,07,かりん 生,58.0,0.4,0.1,18.3,0.0,30.0,8.9,270.0,12.0,0.3,25.0
07054,07,キウイフルーツ 緑肉種 生,51.0,1.0,0.2,13.4,0.0,15.0,2.6,300.0,26.0,0.3,71.0
07055,07,キワノ 生,41.0,1.5,0.9,8.0,0.0,40.0,2.6,170.0,10.0,0.4,2.0
07056,07,(かんきつ類) きんかん 全果 生,67.0,0.5,0.7,17.5,0.0,6.0,4.6,180.0,80.0,0.3,49.0
07057,07,グァバ 赤肉種 生,33.0,0.6,0.1,9.9,0.0,30.0,5.1,240.0,8.0,0.1,220.0
07058,07,グァバ 果実飲料 20%果汁入り飲料 (ネクター),49.0,0.1,0.1,12.3,0.0,0.0,0.8,49.0,3.0,0.2,19.0
07059,07,グァバ 果実飲料 10%果汁入り飲料,50.0,0.1,0.1,12.3,0.0,0.0,0.2,28.0,3.0,0.1,9.0
07060,07,(すぐり類) グーズベリー 生,51.0,1.0,0.1,13.2,0.0,1.0,2.5,200.0,14.0,1.3,22.0
07061,07,ぐみ 生,72.0,1.3,0.2,17.2,0.0,10.0,2.0,130.0,10.0,0.2,5.0
07062,07,(かんきつ類) グレープフルーツ 白肉種 砂じょう 生,40.0,0.9,0.1,9.6,0.0,30.0,0.6,140.0,15.0,0.0,36.0
07063,07,(かんきつ類) グレープフルーツ 果実飲料 ストレートジュース,44.0,0.6,0.1,10.3,0.0,0.0,0.1,180.0,9.0,0.1,38.0
07064,07,(かんきつ類) グレープフルーツ 果実飲料 濃縮還元ジュース,38.0,0.7,0.1,8.8,0.0,0.0,0.2,160.0,9.0,0.1,53.0
07065,07,(かんきつ類) グレープフルーツ 果実飲料 50%果汁入り飲料,45.0,0.3,0.0,11.1,0.0,0.0,0.1,90.0,7.0,0.1,19.0
07066,07,(かんきつ類) グレープフルーツ 果実飲料 20%果汁入り飲料,39.0,0.1,0.0,9.7,0.0,0.0,0.0,34.0,3.0,0.1,8.0
07067,07,(かんきつ類) グレープフルーツ 缶詰,60.0,0.5,0.0,17.1,0.0,0.0,0.6,110.0,13.0,0.1,26.0
07069,07,スターフルーツ 生,30.0,0.7,0.1,7.5,0.0,4.0,1.8,140.0,5.0,0.2,12.0
07070,07,さくらんぼ 国産 生,64.0,1.0,0.2,15.2,0.0,10.0,1.2,210.0,13.0,0.3,10.0
07071,07,さくらんぼ 米国産 生,64.0,1.2,0.1,17.1,0.0,9.0,1.4,260.0,15.0,0.3,9.0
07072,07,さくらんぼ 米国産 缶詰,70.0,0.6,0.1,17.6,0.0,15.0,1.0,100.0,10.0,0.4,7.0
07073,07,ざくろ 生,63.0,0.2,0.0,15.5,0.0,55.0,0.0,250.0,8.0,0.1,10.0
07074,07,(かんきつ類) さんぼうかん 砂じょう 生,47.0,0.7,0.3,10.9,0.0,55.0,0.9,280.0,23.0,0.2,39.0
07075,07,(かんきつ類) シークヮーサー 果汁 生,35.0,0.8,0.1,7.9,0.0,0.0,0.3,180.0,17.0,0.1,11.0
07076,07,(かんきつ類) シークヮーサー 果実飲料 10%果汁入り飲料,48.0,0.1,0.0,11.8,0.0,0.0,0.0,13.0,5.0,0.1,2.0
07077,07,すいか 赤肉種 生,41.0,0.6,0.1,9.5,0.0,40.0,0.3,120.0,4.0,0.2,10.0
07078,07,(かんきつ類) すだち 果皮 生,55.0,1.8,0.3,16.4,0.0,0.0,10.1,290.0,150.0,0.4,110.0
07079,07,(かんきつ類) すだち 果汁 生,29.0,0.5,0.1,6.6,0.0,0.0,0.1,140.0,16.0,0.2,40.0
07080,07,(すもも類) にほんすもも 生,46.0,0.6,1.0,9.4,0.0,7.0,1.6,150.0,5.0,0.2,4.0
07081,07,(すもも類) プルーン 生,49.0,0.7,0.1,12.6,0.0,5.0,1.9,220.0,6.0,0.2,4.0
07082,07,(すもも類) プルーン 乾,211.0,2.4,0.2,62.3,0.0,0.0,7.1,730.0,57.0,1.1,0.0
07083,07,(かんきつ類) だいだい 果汁 生,35.0,0.3,0.2,8.0,0.0,0.0,0.0,190.0,10.0,0.1,35.0
07085,07,(かんきつ類) セミノール 砂じょう 生,53.0,1.1,0.1,12.4,0.0,40.0,0.8,200.0,24.0,0.2,41.0
07086,07,チェリモヤ 生,82.0,1.3,0.3,19.8,0.0,20.0,2.2,230.0,9.0,0.2,34.0
07087,07,ドリアン 生,140.0,2.3,3.3,27.1,0.0,15.0,2.1,510.0,5.0,0.3,31.0
07088,07,(なし類) 日本なし 生,38.0,0.3,0.1,11.3,0.0,15.0,0.9,140.0,2.0,0.0,3.0
07089,07,(なし類) 日本なし 缶詰,76.0,0.1,0.1,19.1,0.0,0.0,0.7,75.0,3.0,0.2,0.0
07090,07,(なし類) 中国なし 生,49.0,0.2,0.1,12.7,0.0,15.0,1.4,140.0,2.0,0.1,6.0
07091,07,(なし類) 西洋なし 生,48.0,0.3,0.1,14.4,0.0,15.0,1.9,140.0,5.0,0.1,3.0
07092,07,(なし類) 西洋なし 缶詰,79.0,0.2,0.1,20.7,0.0,0.0,1.0,55.0,4.0,0.1,0.0
07093,07,(かんきつ類) なつみかん 砂じょう 生,42.0,0.9,0.1,10.0,0.0,45.0,1.2,190.0,16.0,0.2,38.0
07094,07,(かんきつ類) なつみかん 缶詰,80.0,0.5,0.1,19.4,0.0,0.0,0.5,92.0,11.0,0.1,14.0
07095,07,なつめ 乾,294.0,3.9,2.0,71.4,0.0,15.0,12.5,810.0,65.0,1.5,1.0
07096,07,なつめやし 乾,281.0,2.2,0.2,71.3,0.0,5.0,7.0,550.0,71.0,0.8,0.0
07097,07,パインアップル 生,54.0,0.6,0.1,13.7,0.0,45.0,1.2,150.0,11.0,0.2,35.0
07098,07,パインアップル 果実飲料 ストレートジュース,46.0,0.3,0.1,11.0,0.0,0.0,0.0,210.0,22.0,0.4,6.0
07099,07,パインアップル 果実飲料 濃縮還元ジュース,45.0,0.1,0.1,11.1,0.0,0.0,0.0,190.0,9.0,0.3,5.0
07100,07,パインアップル 果実飲料 50%果汁入り飲料,50.0,0.3,0.1,12.1,0.0,0.0,0.0,95.0,6.0,0.1,3.0
07101,07,パインアップル 果実飲料 10%果汁入り飲料,50.0,0.0,0.0,12.4,0.0,0.0,0.0,18.0,2.0,0.2,0.0
07102,07,パインアップル 缶詰,76.0,0.4,0.1,20.3,0.0,0.0,0.5,120.0,7.0,0.3,7.0
07103,07,パインアップル 砂糖漬,349.0,0.5,0.2,86.8,0.1,0.0,1.3,23.0,31.0,2.5,0.0
07104,07,ハスカップ 生,55.0,0.7,0.6,12.8,0.0,0.0,2.1,190.0,38.0,0.6,44.0
07105,07,(かんきつ類) はっさく 砂じょう 生,47.0,0.8,0.1,11.5,0.0,35.0,1.5,180.0,13.0,0.1,40.0
07106,07,パッションフルーツ 果汁 生,67.0,0.8,0.4,16.2,0.0,0.0,0.0,280.0,4.0,0.6,16.0
07107,07,バナナ 生,93.0,1.1,0.2,22.5,0.0,40.0,1.1,360.0,6.0,0.3,16.0
07108,07,バナナ 乾,314.0,3.8,0.4,78.5,0.0,0.0,7.0,1300.0,26.0,1.1,0.0
07109,07,パパイア 完熟 生,33.0,0.5,0.2,9.5,0.0,35.0,2.2,210.0,20.0,0.2,50.0
07110,07,パパイア 未熟 生,35.0,1.3,0.1,9.4,0.0,25.0,2.2,190.0,36.0,0.3,45.0
07111,07,ドラゴンフルーツ 生,52.0,1.4,0.3,11.8,0.0,35.0,1.9,350.0,6.0,0.3,7.0
07112,07,(かんきつ類) ひゅうがなつ じょうのう及びアルベド 生,46.0,0.6,0.1,11.7,0.0,30.0,2.1,130.0,23.0,0.2,26.0
07113,07,(かんきつ類) ひゅうがなつ 砂じょう 生,35.0,0.6,0.1,8.3,0.0,55.0,0.7,110.0,5.0,0.1,21.0
07114,07,びわ 生,41.0,0.3,0.1,10.6,0.0,30.0,1.6,160.0,13.0,0.1,5.0
07115,07,びわ 缶詰,80.0,0.3,0.1,19.8,0.0,0.0,0.6,60.0,22.0,0.1,0.0
07116,07,ぶどう 皮なし 生,58.0,0.4,0.1,15.7,0.0,15.0,0.5,130.0,6.0,0.1,2.0
07117,07,ぶどう 干しぶどう,324.0,2.7,0.2,80.3,0.0,0.0,4.1,740.0,65.0,2.3,0.0
07118,07,ぶどう 果実飲料 ストレートジュース,54.0,0.3,0.2,14.3,0.0,0.0,0.1,30.0,3.0,0.1,0.0
07119,07,ぶどう 果実飲料 濃縮還元ジュース,46.0,0.3,0.3,12.0,0.0,0.0,0.1,24.0,5.0,0.3,0.0
07120,07,ぶどう 果実飲料 70%果汁入り飲料,52.0,0.2,0.0,12.9,0.0,0.0,0.1,17.0,4.0,0.1,0.0
07121,07,ぶどう 果実飲料 10%果汁入り飲料,52.0,0.0,0.0,13.1,0.0,0.0,0.0,3.0,3.0,0.1,0.0
07122,07,ぶどう 缶詰,83.0,0.4,0.1,20.4,0.0,0.0,0.2,88.0,10.0,0.9,0.0
07123,07,ぶどう ジャム,189.0,0.5,0.1,47.5,0.0,0.0,1.5,130.0,16.0,3.3,0.0
07124,07,ブルーベリー 生,48.0,0.5,0.1,12.9,0.0,0.0,3.3,70.0,8.0,0.2,9.0
07125,07,ブルーベリー ジャム,174.0,0.7,0.3,43.8,0.0,0.0,4.3,75.0,8.0,0.3,3.0
07126,07,(かんきつ類) ぶんたん 砂じょう 生,41.0,0.7,0.1,9.8,0.0,50.0,0.9,180.0,13.0,0.1,45.0
07127,07,(かんきつ類) ぶんたん ざぼん漬,338.0,0.2,0.1,85.5,0.0,0.0,2.7,8.0,22.0,0.3,0.0
07128,07,ホワイトサポテ 生,73.0,1.5,0.1,18.9,0.0,35.0,3.1,220.0,13.0,0.2,18.0
07129,07,(かんきつ類) ぽんかん 砂じょう 生,42.0,0.9,0.1,9.9,0.0,35.0,1.0,160.0,16.0,0.1,40.0
07130,07,まくわうり 黄肉種 生,34.0,0.8,0.1,7.8,0.0,40.0,1.0,280.0,6.0,0.2,30.0
07131,07,マルメロ 生,48.0,0.3,0.1,15.1,0.0,25.0,5.1,160.0,11.0,0.1,18.0
07132,07,マンゴー 生,68.0,0.6,0.1,16.9,0.0,35.0,1.3,170.0,15.0,0.2,20.0
07133,07,マンゴスチン 生,71.0,0.6,0.2,17.5,0.0,70.0,1.4,100.0,6.0,0.1,3.0
07134,07,メロン 温室メロン 生,40.0,1.1,0.1,10.3,0.0,50.0,0.5,340.0,8.0,0.3,18.0
07135,07,メロン 露地メロン 緑肉種 生,45.0,1.0,0.1,10.4,0.0,45.0,0.5,350.0,6.0,0.2,25.0
07136,07,(もも類) もも 白肉種 生,38.0,0.6,0.1,10.2,0.0,15.0,1.3,180.0,4.0,0.1,8.0
07137,07,(もも類) もも 果実飲料 30%果汁入り飲料 (ネクター),46.0,0.2,0.1,11.6,0.0,0.0,0.4,35.0,2.0,0.2,2.0
07138,07,(もも類) もも 缶詰 白肉種 果肉,82.0,0.5,0.1,20.6,0.0,0.0,1.4,80.0,3.0,0.2,2.0
07139,07,(もも類) もも 缶詰 液汁,81.0,0.3,0.1,19.8,0.0,0.0,0.3,80.0,2.0,0.2,2.0
07140,07,(もも類) ネクタリン 生,39.0,0.7,0.3,10.7,0.0,15.0,1.7,210.0,5.0,0.2,10.0
07141,07,やまもも 生,47.0,0.5,0.2,11.3,0.0,10.0,1.1,120.0,4.0,0.4,4.0
07142,07,(かんきつ類) ゆず 果皮 生,50.0,1.2,0.5,14.2,0.0,0.0,6.9,140.0,41.0,0.3,160.0
07143,07,(かんきつ類) ゆず 果汁 生,30.0,0.5,0.1,7.0,0.0,0.0,0.4,210.0,20.0,0.1,40.0
07144,07,ライチー 生,61.0,1.0,0.1,16.4,0.0,30.0,0.9,170.0,2.0,0.2,36.0
07145,07,(かんきつ類) ライム 果汁 生,39.0,0.4,0.1,9.3,0.0,0.0,0.2,160.0,16.0,0.2,33.0
07146,07,ラズベリー 生,36.0,1.1,0.1,10.2,0.0,0.0,4.7,150.0,22.0,0.7,22.0
07147,07,りゅうがん 乾,310.0,5.1,0.4,72.9,0.0,60.0,2.8,1000.0,30.0,1.7,0.0
07148,07,りんご 皮なし 生,53.0,0.1,0.2,15.5,0.0,15.0,1.4,120.0,3.0,0.1,4.0
07149,07,りんご 果実飲料 ストレートジュース,43.0,0.2,0.1,11.8,0.0,0.0,0.0,77.0,2.0,0.4,3.0
07150,07,りんご 果実飲料 濃縮還元ジュース,47.0,0.1,0.2,11.4,0.0,0.0,0.0,110.0,3.0,0.1,1.0
07151,07,りんご 果実飲料 50%果汁入り飲料,46.0,0.1,0.0,11.5,0.0,0.0,0.0,55.0,2.0,0.1,0.0
07152,07,りんご 果実飲料 30%果汁入り飲料,46.0,0.0,0.0,11.4,0.0,0.0,0.0,24.0,2.0,0.0,0.0
07153,07,りんご 缶詰,81.0,0.3,0.1,20.1,0.0,0.0,0.4,30.0,4.0,0.2,0.0
07154,07,りんご ジャム,203.0,0.2,0.1,52.7,0.0,0.0,0.8,33.0,6.0,0.0,0.0
07155,07,(かんきつ類) レモン 全果 生,43.0,0.9,0.7,12.5,0.0,3.0,4.9,130.0,67.0,0.2,100.0
07156,07,(かんきつ類) レモン 果汁 生,24.0,0.4,0.2,8.6,0.0,0.0,0.0,100.0,7.0,0.1,50.0
07157,07,ココナッツ ココナッツウォーター,22.0,0.2,0.1,5.0,0.0,0.0,0.0,230.0,11.0,0.1,2.0
07158,07,ココナッツ ココナッツミルク,157.0,1.9,16.0,2.8,0.0,0.0,0.2,230.0,5.0,0.8,0.0
07159,07,アセロラ 甘味種 生,36.0,0.7,0.1,9.0,0.0,25.0,1.9,130.0,11.0,0.5,800.0
07160,07,いちご 乾,329.0,0.5,0.2,82.8,0.7,0.0,3.0,15.0,140.0,0.4,0.0
07161,07,(かんきつ類) オレンジ 福原オレンジ 砂じょう 生,43.0,1.0,0.1,9.8,0.0,50.0,0.8,140.0,21.0,0.3,60.0
07162,07,(かんきつ類) かわちばんかん 砂じょう 生,38.0,0.7,0.2,8.8,0.0,55.0,0.6,160.0,10.0,0.1,36.0
07163,07,(かんきつ類) きよみ 砂じょう 生,45.0,0.8,0.2,10.3,0.0,40.0,0.6,170.0,11.0,0.1,42.0
07164,07,(かんきつ類) グレープフルーツ 紅肉種 砂じょう 生,40.0,0.9,0.1,9.6,0.0,30.0,0.6,140.0,15.0,0.0,36.0
07165,07,(かんきつ類) しらぬひ 砂じょう 生,56.0,0.8,0.2,12.9,0.0,30.0,0.6,170.0,9.0,0.1,48.0
07166,07,(かんきつ類) せとか 砂じょう 生,50.0,0.8,0.2,11.7,0.0,20.0,0.7,170.0,11.0,0.1,57.0
07167,07,(かんきつ類) はるみ 砂じょう 生,52.0,0.9,0.2,12.1,0.0,30.0,0.8,170.0,9.0,0.1,40.0
07168,07,キウイフルーツ 黄肉種 生,63.0,1.1,0.2,14.9,0.0,20.0,1.4,300.0,17.0,0.2,140.0
07169,07,グァバ 白肉種 生,33.0,0.6,0.1,9.9,0.0,30.0,5.1,240.0,8.0,0.1,220.0
07170,07,ココナッツ ナタデココ,80.0,0.0,0.0,20.2,0.0,0.0,0.5,0.0,1.0,0.0,0.0
07171,07,すいか 黄肉種 生,41.0,0.6,0.1,9.5,0.0,40.0,0.3,120.0,4.0,0.2,10.0
07172,07,ブルーベリー 乾,280.0,2.7,1.9,72.5,0.0,0.0,17.6,400.0,43.0,1.2,0.0
07173,07,まくわうり 白肉種 生,34.0,0.8,0.1,7.8,0.0,40.0,1.0,280.0,6.0,0.2,30.0
07174,07,メロン 露地メロン 赤肉種 生,45.0,1.0,0.1,10.4,0.0,45.0,0.5,350.0,6.0,0.2,25.0
07175,07,(もも類) もも 缶詰 黄肉種 果肉,83.0,0.5,0.1,20.6,0.0,0.0,1.4,80.0,3.0,0.2,2.0
07176,07,りんご 皮つき 生,56.0,0.2,0.3,16.2,0.0,8.0,1.9,120.0,4.0,0.1,6.0
07177,07,パインアップル 焼き,74.0,0.9,0.2,20.1,0.0,0.0,1.7,190.0,16.0,0.3,41.0
07178,07,ぶどう 皮つき 生,69.0,0.6,0.2,16.9,0.0,0.0,0.9,220.0,8.0,0.2,3.0
07179,07,マンゴー ドライマンゴー,339.0,3.1,0.7,84.9,0.0,0.0,6.4,1100.0,37.0,0.5,69.0
07180,07,りんご 皮つき 焼き,86.0,0.2,0.4,21.9,0.0,0.0,2.5,170.0,5.0,0.1,7.0
07181,07,アサイー 冷凍 無糖,62.0,0.9,5.3,5.0,0.0,0.0,4.7,150.0,45.0,0.5,1.0
07182,07,(すぐり類) カシス 冷凍,62.0,1.6,1.6,13.4,0.0,0.0,6.4,270.0,40.0,0.5,0.0
07183,07,きはだ 実 乾,378.0,7.3,9.8,65.1,0.0,0.0,0.0,2100.0,230.0,1.7,0.0
07184,07,(もも類) もも 黄肉種 生,48.0,0.5,0.2,13.4,0.0,15.0,1.9,210.0,3.0,0.1,6.0
07185,07,くこ 実 乾,387.0,12.3,4.1,75.3,1.3,0.0,0.0,1400.0,47.0,4.0,9.0
07186,07,(すぐり類) 赤すぐり 冷凍,43.0,0.8,0.3,12.2,0.0,20.0,2.8,200.0,21.0,0.4,33.0
07187,07,ぶどう 皮つき シャインマスカット 生,61.0,0.7,0.2,16.1,0.0,0.0,0.9,210.0,7.0,0.2,2.0
08001,08,えのきたけ 生,34.0,2.7,0.2,7.6,0.0,15.0,3.9,340.0,0.0,1.1,0.0
08002,08,えのきたけ ゆで,34.0,2.8,0.1,7.8,0.0,0.0,4.5,270.0,0.0,1.0,0.0
08003,08,えのきたけ 味付け瓶詰,76.0,3.6,0.3,16.9,4.3,0.0,4.1,320.0,10.0,0.8,0.0
08004,08,(きくらげ類) あらげきくらげ 乾,184.0,6.9,0.7,77.0,0.1,0.0,79.5,630.0,82.0,10.0,0.0
08005,08,(きくらげ類) あらげきくらげ ゆで,38.0,1.2,0.1,16.1,0.0,0.0,16.3,75.0,35.0,1.7,0.0
08006,08,(きくらげ類) きくらげ 乾,216.0,7.9,2.1,71.1,0.1,0.0,57.4,1000.0,310.0,35.0,0.0
08007,08,(きくらげ類) きくらげ ゆで,14.0,0.6,0.2,5.2,0.0,0.0,5.2,37.0,25.0,0.7,0.0
08008,08,(きくらげ類) しろきくらげ 乾,170.0,4.9,0.7,74.5,0.1,0.0,68.7,1400.0,240.0,4.4,0.0
08009,08,(きくらげ類) しろきくらげ ゆで,15.0,0.4,0.0,6.7,0.0,0.0,6.4,79.0,27.0,0.2,0.0
08010,08,くろあわびたけ 生,28.0,3.7,0.4,4.9,0.0,10.0,4.1,300.0,2.0,0.5,0.0
08013,08,しいたけ 乾しいたけ 乾,258.0,21.2,2.8,62.5,0.0,20.0,46.7,2200.0,12.0,3.2,20.0
08014,08,しいたけ 乾しいたけ ゆで,40.0,3.1,0.3,9.9,0.0,0.0,6.7,200.0,4.0,0.5,0.0
08015,08,(しめじ類) はたけしめじ 生,25.0,2.6,0.3,4.5,0.0,15.0,2.7,260.0,1.0,0.6,0.0
08016,08,(しめじ類) ぶなしめじ 生,26.0,2.7,0.5,4.8,0.0,10.0,3.0,370.0,1.0,0.5,0.0
08017,08,(しめじ類) ぶなしめじ ゆで,22.0,2.7,0.2,5.2,0.0,0.0,4.2,280.0,2.0,0.4,0.0
08018,08,(しめじ類) ほんしめじ 生,21.0,2.5,0.4,2.8,0.0,20.0,1.9,310.0,2.0,0.6,0.0
08019,08,たもぎたけ 生,23.0,3.6,0.3,3.7,0.0,15.0,3.3,190.0,2.0,0.8,0.0
08020,08,なめこ 株採り 生,21.0,1.8,0.2,5.4,0.0,20.0,3.4,240.0,4.0,0.7,0.0
08021,08,なめこ 株採り ゆで,22.0,1.6,0.1,5.1,0.0,0.0,2.8,210.0,4.0,0.6,0.0
08022,08,なめこ 水煮缶詰,13.0,1.0,0.1,3.2,0.0,0.0,2.5,100.0,3.0,0.8,0.0
08023,08,ぬめりすぎたけ 生,23.0,2.3,0.4,4.1,0.0,8.0,2.5,260.0,1.0,0.6,1.0
08024,08,(ひらたけ類) うすひらたけ 生,37.0,6.1,0.2,4.8,0.0,8.0,3.8,220.0,2.0,0.6,0.0
08025,08,(ひらたけ類) エリンギ 生,31.0,2.8,0.4,6.0,0.0,6.0,3.4,340.0,0.0,0.3,0.0
08026,08,(ひらたけ類) ひらたけ 生,34.0,3.3,0.3,6.2,0.0,8.0,2.6,340.0,1.0,0.7,0.0
08027,08,(ひらたけ類) ひらたけ ゆで,33.0,3.4,0.2,6.6,0.0,0.0,3.7,260.0,1.0,0.7,0.0
08028,08,まいたけ 生,22.0,2.0,0.5,4.4,0.0,10.0,3.5,230.0,0.0,0.2,0.0
08029,08,まいたけ ゆで,27.0,1.6,0.5,6.4,0.0,0.0,4.3,110.0,0.0,0.2,0.0
08030,08,まいたけ 乾,273.0,21.9,3.9,59.9,0.0,0.0,40.9,2500.0,2.0,2.6,0.0
08031,08,マッシュルーム 生,15.0,2.9,0.3,2.1,0.0,5.0,2.0,350.0,3.0,0.3,0.0
08032,08,マッシュルーム ゆで,20.0,3.8,0.2,3.7,0.0,0.0,3.3,310.0,4.0,0.3,0.0
08033,08,マッシュルーム 水煮缶詰,18.0,3.4,0.2,3.3,0.9,0.0,3.2,85.0,8.0,0.8,0.0
08034,08,まつたけ 生,32.0,2.0,0.6,8.2,0.0,3.0,4.7,410.0,6.0,1.3,0.0
08036,08,やなぎまつたけ 生,20.0,2.4,0.1,4.0,0.0,10.0,3.0,360.0,0.0,0.5,0.0
08037,08,えのきたけ 油いため,71.0,3.0,3.9,8.8,0.0,0.0,4.6,380.0,0.0,1.2,0.0
08038,08,(きくらげ類) あらげきくらげ 油いため,110.0,2.3,5.2,27.8,0.0,0.0,28.6,130.0,29.0,4.3,0.0
08039,08,しいたけ 生しいたけ 菌床栽培 生,25.0,3.1,0.3,6.4,0.0,20.0,4.9,290.0,1.0,0.4,0.0
08040,08,しいたけ 生しいたけ 菌床栽培 ゆで,22.0,2.5,0.4,5.1,0.0,0.0,4.4,200.0,1.0,0.3,0.0
08041,08,しいたけ 生しいたけ 菌床栽培 油いため,65.0,3.3,4.1,7.3,0.0,0.0,4.7,300.0,2.0,0.4,0.0
08042,08,しいたけ 生しいたけ 原木栽培 生,34.0,3.1,0.4,7.6,0.0,20.0,5.5,270.0,2.0,0.4,0.0
08043,08,しいたけ 生しいたけ 原木栽培 ゆで,27.0,2.4,0.4,5.9,0.0,0.0,4.8,170.0,1.0,0.2,0.0
08044,08,しいたけ 生しいたけ 原木栽培 油いため,84.0,3.8,5.4,8.8,0.0,0.0,6.4,330.0,2.0,0.4,0.0
08045,08,(しめじ類) はたけしめじ ゆで,25.0,2.6,0.3,5.1,0.0,0.0,4.6,200.0,1.0,0.5,0.0
08046,08,(しめじ類) ぶなしめじ 油いため,65.0,3.0,5.5,4.8,0.0,0.0,3.7,420.0,1.0,0.6,0.0
08047,08,(しめじ類) ほんしめじ ゆで,26.0,2.8,0.6,4.1,0.0,0.0,3.3,210.0,2.0,0.6,0.0
08048,08,(ひらたけ類) エリンギ ゆで,32.0,3.2,0.5,6.5,0.0,0.0,4.8,260.0,0.0,0.3,0.0
08049,08,(ひらたけ類) エリンギ 焼き,41.0,4.2,0.5,9.1,0.0,0.0,5.4,500.0,0.0,0.4,0.0
08050,08,(ひらたけ類) エリンギ 油いため,69.0,3.2,3.7,8.1,0.0,0.0,4.2,380.0,0.0,0.3,0.0
08051,08,まいたけ 油いため,67.0,2.6,4.4,6.8,0.0,0.0,4.7,300.0,0.0,0.2,0.0
08052,08,マッシュルーム 油いため,57.0,3.6,4.5,4.5,0.0,0.0,3.4,450.0,4.0,0.4,0.0
08053,08,しいたけ 乾しいたけ 甘煮,116.0,3.3,0.4,28.9,2.6,0.0,6.7,90.0,13.0,0.7,4.0
08054,08,(きくらげ類) あらげきくらげ 生,14.0,0.7,0.1,5.4,0.0,4.0,5.6,59.0,10.0,0.1,0.0
08055,08,(しめじ類) ぶなしめじ 素揚げ,168.0,3.9,14.3,10.1,0.0,0.0,6.2,570.0,1.0,1.1,0.0
08056,08,(しめじ類) ぶなしめじ 天ぷら,248.0,3.4,17.1,23.2,0.1,0.0,4.8,230.0,58.0,0.5,0.0
08057,08,しいたけ 生しいたけ 菌床栽培 天ぷら,201.0,3.4,14.0,17.8,0.1,0.0,4.4,230.0,40.0,0.3,0.0
08058,08,なめこ カットなめこ 生,14.0,1.1,0.1,3.6,0.0,0.0,1.9,130.0,2.0,0.5,0.0
08059,08,マッシュルーム ブラウン種 生,18.0,3.2,0.4,2.9,0.0,15.0,2.5,390.0,4.0,0.2,0.0
09001,09,あおさ 素干し,201.0,22.1,0.6,41.7,9.9,0.0,29.1,3200.0,490.0,5.3,25.0
09002,09,あおのり 素干し,249.0,29.4,5.2,41.0,8.1,0.0,35.2,2500.0,750.0,77.0,62.0
09003,09,あまのり ほしのり,276.0,39.4,3.7,38.7,1.5,0.0,31.2,3100.0,140.0,11.0,160.0
09004,09,あまのり 焼きのり,297.0,41.4,3.7,44.3,1.3,0.0,36.0,2400.0,280.0,11.0,210.0
09005,09,あまのり 味付けのり,303.0,40.0,3.5,41.8,4.3,0.0,25.2,2700.0,170.0,8.2,200.0
09006,09,あらめ 蒸し干し,184.0,12.4,0.7,56.2,5.8,0.0,48.0,3200.0,790.0,3.5,0.0
09007,09,いわのり 素干し,228.0,34.8,0.7,39.1,5.3,0.0,36.4,4500.0,86.0,48.0,3.0
09008,09,えごのり 素干し,179.0,9.0,0.1,62.2,6.1,0.0,53.3,2300.0,210.0,6.8,0.0
09009,09,えごのり おきうと,7.0,0.3,0.1,2.5,0.1,0.0,2.5,22.0,19.0,0.6,0.0
09010,09,おごのり 塩蔵 塩抜き,26.0,1.3,0.1,8.8,0.3,0.0,7.5,1.0,54.0,4.2,0.0
09011,09,かわのり 素干し,247.0,38.1,1.6,41.7,0.2,0.0,41.7,500.0,450.0,61.0,0.0
09012,09,うみぶどう 生,6.0,0.5,0.1,1.2,0.8,0.0,0.8,39.0,34.0,0.8,0.0
09013,09,(こんぶ類) えながおにこんぶ 素干し,224.0,11.0,1.0,55.7,6.1,0.0,24.9,7300.0,650.0,2.5,3.0
09014,09,(こんぶ類) がごめこんぶ 素干し,216.0,7.9,0.5,62.1,7.6,0.0,34.2,5700.0,750.0,3.3,0.0
09015,09,(こんぶ類) ながこんぶ 素干し,205.0,8.3,1.5,58.5,7.6,0.0,36.8,5200.0,430.0,3.0,20.0
09016,09,(こんぶ類) ほそめこんぶ 素干し,227.0,6.9,1.7,62.9,6.1,0.0,32.9,4000.0,900.0,9.6,25.0
09017,09,(こんぶ類) まこんぶ 素干し 乾,170.0,5.8,1.3,64.3,6.6,0.0,32.1,6100.0,780.0,3.2,29.0
09018,09,(こんぶ類) みついしこんぶ 素干し,235.0,7.7,1.9,64.7,7.6,0.0,34.8,3200.0,560.0,5.1,10.0
09019,09,(こんぶ類) りしりこんぶ 素干し,211.0,8.0,2.0,56.5,6.9,0.0,31.4,5300.0,760.0,2.4,15.0
09020,09,(こんぶ類) 刻み昆布,119.0,5.4,0.5,50.2,10.9,0.0,39.1,8200.0,940.0,8.6,0.0
09021,09,(こんぶ類) 削り昆布,177.0,6.5,0.9,50.2,5.3,0.0,28.2,4800.0,650.0,3.6,19.0
09022,09,(こんぶ類) 塩昆布,193.0,16.9,0.4,37.0,18.0,0.0,13.1,1800.0,280.0,4.2,0.0
09023,09,(こんぶ類) つくだ煮,150.0,6.0,1.0,33.3,7.4,0.0,6.8,770.0,150.0,1.3,0.0
09024,09,すいぜんじのり 素干し 水戻し,10.0,1.5,0.0,2.1,0.0,0.0,2.1,12.0,63.0,2.5,0.0
09025,09,てんぐさ 素干し,194.0,16.1,1.0,53.8,4.8,0.0,47.3,3100.0,230.0,6.0,0.0
09026,09,てんぐさ ところてん,2.0,0.2,0.0,0.6,0.0,0.0,0.6,2.0,4.0,0.1,0.0
09027,09,てんぐさ 角寒天,159.0,2.4,0.2,74.1,0.3,0.0,74.1,52.0,660.0,4.5,0.0
09028,09,てんぐさ 寒天,3.0,0.0,0.0,1.5,0.0,0.0,1.5,1.0,10.0,0.2,0.0
09029,09,とさかのり 赤とさか 塩蔵 塩抜き,19.0,1.5,0.1,5.1,0.7,0.0,4.0,37.0,70.0,1.2,0.0
09030,09,とさかのり 青とさか 塩蔵 塩抜き,17.0,0.9,0.2,4.9,0.8,0.0,4.1,40.0,160.0,0.8,0.0
09032,09,ひとえぐさ 素干し,172.0,16.6,1.0,46.3,11.4,0.0,44.2,810.0,920.0,3.4,38.0
09033,09,ひとえぐさ つくだ煮,148.0,14.4,1.3,21.1,5.8,0.0,4.1,160.0,28.0,3.6,0.0
09034,09,ふのり 素干し,207.0,13.8,1.0,57.8,6.9,0.0,43.1,600.0,330.0,4.8,1.0
09035,09,まつも 素干し,252.0,27.9,4.9,40.8,3.3,0.0,28.5,3800.0,920.0,11.0,5.0
09036,09,むかでのり 塩蔵 塩抜き,12.0,0.6,0.1,4.2,0.6,0.0,4.2,6.0,85.0,0.8,0.0
09037,09,(もずく類) おきなわもずく 塩蔵 塩抜き,7.0,0.3,0.2,2.0,0.6,0.0,2.0,7.0,22.0,0.2,0.0
09038,09,(もずく類) もずく 塩蔵 塩抜き,4.0,0.2,0.1,1.4,0.2,0.0,1.4,2.0,22.0,0.7,0.0
09039,09,わかめ 原藻 生,24.0,1.9,0.2,5.6,1.5,35.0,3.6,730.0,100.0,0.7,15.0
09040,09,わかめ 乾燥わかめ 素干し,172.0,14.4,2.6,39.6,16.2,0.0,29.8,6000.0,830.0,5.8,19.0
09041,09,わかめ 乾燥わかめ 素干し 水戻し,20.0,1.6,0.3,4.9,0.7,0.0,4.3,440.0,100.0,0.4,2.0
09042,09,わかめ 乾燥わかめ 板わかめ,200.0,16.7,1.2,47.4,9.9,0.0,31.7,7400.0,960.0,6.4,20.0
09043,09,わかめ 乾燥わかめ 灰干し 水戻し,9.0,1.1,0.1,2.2,0.1,0.0,2.2,60.0,140.0,0.7,0.0
09044,09,わかめ カットわかめ 乾,186.0,17.9,4.0,42.1,23.5,0.0,39.2,430.0,870.0,6.5,0.0
09045,09,わかめ 湯通し塩蔵わかめ 塩抜き 生,16.0,1.5,0.3,3.4,1.4,0.0,2.9,10.0,50.0,0.5,0.0
09046,09,わかめ くきわかめ 湯通し塩蔵 塩抜き,18.0,1.1,0.3,5.5,7.9,0.0,5.1,88.0,86.0,0.4,0.0
09047,09,わかめ めかぶわかめ 生,14.0,0.9,0.6,3.4,0.4,0.0,3.4,88.0,77.0,0.3,2.0
09049,09,てんぐさ 粉寒天,160.0,0.2,0.3,81.7,0.4,0.0,79.0,30.0,120.0,7.3,0.0
09050,09,ひじき ほしひじき ステンレス釜 乾,180.0,9.2,3.2,58.4,4.7,0.0,51.8,6400.0,1000.0,6.2,0.0
09051,09,ひじき ほしひじき ステンレス釜 ゆで,11.0,0.7,0.3,3.4,0.1,0.0,3.7,160.0,96.0,0.3,0.0
09052,09,ひじき ほしひじき ステンレス釜 油いため,51.0,0.8,4.7,4.1,0.2,0.0,4.5,200.0,110.0,0.3,0.0
09053,09,ひじき ほしひじき 鉄釜 乾,186.0,9.2,3.2,56.0,4.7,0.0,51.8,6400.0,1000.0,58.0,0.0
09054,09,ひじき ほしひじき 鉄釜 ゆで,13.0,0.7,0.3,3.4,0.1,0.0,3.7,160.0,96.0,2.7,0.0
09055,09,ひじき ほしひじき 鉄釜 油いため,54.0,0.8,4.7,4.1,0.2,0.0,4.5,200.0,110.0,2.9,0.0
09056,09,(こんぶ類) まこんぶ 素干し 水煮,28.0,1.1,0.3,11.6,0.9,0.0,8.7,890.0,200.0,0.7,1.0
09057,09,わかめ 湯通し塩蔵わかめ 塩抜き ゆで,7.0,0.6,0.1,1.4,0.3,0.0,1.1,2.0,19.0,0.3,0.0
09058,09,わかめ カットわかめ 水煮 (沸騰水で短時間加熱したもの),17.0,1.3,0.8,3.8,0.8,0.0,3.2,15.0,76.0,0.6,0.0
09059,09,わかめ カットわかめ 水煮の汁,0.0,0.0,0.0,0.1,0.2,0.0,0.0,3.0,1.0,0.0,0.0
09060,09,わかめ 乾燥わかめ 素干し 水戻し 水煮,10.0,1.0,0.3,2.6,0.4,0.0,2.9,240.0,69.0,0.2,0.0
10001,10,<魚類> あいなめ 生,105.0,19.1,3.4,0.1,0.4,50.0,0.0,370.0,55.0,0.4,2.0
10002,10,<魚類> あこうだい 生,86.0,16.8,2.3,0.1,0.2,0.0,0.0,310.0,15.0,0.3,0.0
10003,10,<魚類> (あじ類) まあじ 皮つき 生,112.0,19.7,4.5,0.1,0.3,55.0,0.0,360.0,66.0,0.6,0.0
10004,10,<魚類> (あじ類) まあじ 皮つき 水煮,136.0,22.4,5.9,0.1,0.3,40.0,0.0,350.0,80.0,0.7,0.0
10005,10,<魚類> (あじ類) まあじ 皮つき 焼き,157.0,25.9,6.4,0.1,0.4,35.0,0.0,470.0,100.0,0.8,0.0
10006,10,<魚類> (あじ類) まあじ 開き干し 生,150.0,20.2,8.8,0.1,1.7,35.0,0.0,310.0,36.0,0.8,0.0
10007,10,<魚類> (あじ類) まあじ 開き干し 焼き,194.0,24.6,12.3,0.1,2.0,30.0,0.0,350.0,57.0,0.9,0.0
10008,10,<魚類> (あじ類) にしまあじ 生,156.0,19.6,9.1,0.1,0.4,0.0,0.0,360.0,26.0,1.0,0.0
10009,10,<魚類> (あじ類) にしまあじ 水煮,160.0,21.7,8.8,0.1,0.5,40.0,0.0,350.0,30.0,1.1,0.0
10010,10,<魚類> (あじ類) にしまあじ 焼き,186.0,24.7,10.4,0.1,0.6,35.0,0.0,440.0,58.0,1.2,0.0
10011,10,<魚類> (あじ類) むろあじ 生,147.0,23.6,6.9,0.4,0.1,45.0,0.0,420.0,19.0,1.6,0.0
10012,10,<魚類> (あじ類) むろあじ 焼き,167.0,29.7,6.2,0.6,0.2,25.0,0.0,480.0,28.0,1.8,0.0
10013,10,<魚類> (あじ類) むろあじ 開き干し,140.0,22.9,6.2,0.1,2.1,35.0,0.0,320.0,43.0,1.4,0.0
10014,10,<魚類> (あじ類) むろあじ くさや,223.0,49.9,3.0,0.3,4.1,30.0,0.0,850.0,300.0,3.2,0.0
10015,10,<魚類> あなご 生,146.0,17.3,9.3,0.0,0.4,35.0,0.0,370.0,75.0,0.8,2.0
10016,10,<魚類> あなご 蒸し,173.0,17.6,12.7,0.0,0.3,0.0,0.0,280.0,64.0,0.9,1.0
10017,10,<魚類> あまご 養殖 生,102.0,18.3,3.6,0.1,0.1,50.0,0.0,380.0,27.0,0.4,1.0
10018,10,<魚類> あまだい 生,102.0,18.8,3.6,0.0,0.2,50.0,0.0,360.0,58.0,0.3,1.0
10019,10,<魚類> あまだい 水煮,113.0,20.7,4.0,0.0,0.2,0.0,0.0,350.0,34.0,0.4,1.0
10020,10,<魚類> あまだい 焼き,110.0,22.5,2.6,0.0,0.3,0.0,0.0,410.0,54.0,0.5,0.0
10021,10,<魚類> あゆ 天然 生,93.0,18.3,2.4,0.1,0.2,45.0,0.0,370.0,270.0,0.9,2.0
10022,10,<魚類> あゆ 天然 焼き,149.0,26.6,6.8,0.1,0.3,55.0,0.0,510.0,480.0,5.5,2.0
10023,10,<魚類> あゆ 天然 内臓 生,180.0,9.5,17.5,0.3,0.2,0.0,0.0,210.0,43.0,24.0,5.0
10024,10,<魚類> あゆ 天然 内臓 焼き,161.0,23.0,10.1,0.4,0.4,0.0,0.0,520.0,140.0,63.0,5.0
10025,10,<魚類> あゆ 養殖 生,138.0,17.8,7.9,0.6,0.1,50.0,0.0,360.0,250.0,0.8,2.0
10026,10,<魚類> あゆ 養殖 焼き,202.0,22.6,15.1,0.8,0.2,55.0,0.0,430.0,450.0,2.0,2.0
10027,10,<魚類> あゆ 養殖 内臓 生,485.0,7.4,55.0,0.3,0.2,0.0,0.0,160.0,55.0,8.0,2.0
10028,10,<魚類> あゆ 養殖 内臓 焼き,500.0,15.2,52.3,0.4,0.3,0.0,0.0,270.0,130.0,19.0,1.0
10029,10,<魚類> あゆ うるか,157.0,11.4,13.1,1.8,13.0,0.0,0.0,190.0,16.0,4.0,0.0
10030,10,<魚類> アラスカめぬけ 生,96.0,17.2,3.4,0.1,0.2,0.0,0.0,290.0,22.0,0.2,0.0
10031,10,<魚類> あんこう 生,54.0,13.0,0.2,0.3,0.3,0.0,0.0,210.0,8.0,0.2,1.0
10032,10,<魚類> あんこう きも 生,401.0,10.0,41.9,2.2,0.3,0.0,0.0,220.0,6.0,1.2,1.0
10033,10,<魚類> いかなご 生,111.0,17.2,5.5,0.1,0.5,0.0,0.0,390.0,500.0,2.5,1.0
10034,10,<魚類> いかなご 煮干し,218.0,43.1,6.1,1.5,7.1,0.0,0.0,810.0,740.0,6.6,0.0
10035,10,<魚類> いかなご つくだ煮,271.0,29.4,4.6,30.7,5.6,0.0,0.0,670.0,470.0,2.3,0.0
10036,10,<魚類> いかなご あめ煮,268.0,25.6,3.7,35.8,4.3,0.0,0.0,430.0,550.0,3.4,0.0
10037,10,<魚類> いさき 生,116.0,17.2,5.7,0.1,0.4,45.0,0.0,300.0,22.0,0.4,0.0
10038,10,<魚類> いしだい 生,138.0,19.5,7.8,0.0,0.1,55.0,0.0,390.0,20.0,0.3,0.0
10039,10,<魚類> いとよりだい 生,85.0,18.1,1.7,0.1,0.2,0.0,0.0,390.0,46.0,0.5,2.0
10040,10,<魚類> いとよりだい すり身,90.0,16.7,0.4,5.1,0.7,0.0,0.0,17.0,26.0,0.1,0.0
10041,10,<魚類> いぼだい 生,132.0,16.4,8.5,0.0,0.5,45.0,0.0,280.0,41.0,0.5,1.0
10042,10,<魚類> (いわし類) うるめいわし 生,124.0,21.3,4.8,0.3,0.2,35.0,0.0,440.0,85.0,2.3,1.0
10043,10,<魚類> (いわし類) うるめいわし 丸干し,219.0,45.0,5.1,0.3,5.8,15.0,0.0,820.0,570.0,4.5,0.0
10044,10,<魚類> (いわし類) かたくちいわし 生,171.0,18.2,12.1,0.3,0.2,45.0,0.0,300.0,60.0,0.9,1.0
10045,10,<魚類> (いわし類) かたくちいわし 煮干し,298.0,64.5,6.2,0.3,4.3,0.0,0.0,1200.0,2200.0,18.0,0.0
10046,10,<魚類> (いわし類) かたくちいわし 田作り,304.0,66.6,5.7,0.3,1.8,0.0,0.0,1600.0,2500.0,3.0,0.0
10047,10,<魚類> (いわし類) まいわし 生,156.0,19.2,9.2,0.2,0.2,60.0,0.0,270.0,74.0,2.1,0.0
10048,10,<魚類> (いわし類) まいわし 水煮,182.0,22.4,8.7,0.2,0.2,20.0,0.0,280.0,82.0,2.3,0.0
10049,10,<魚類> (いわし類) まいわし 焼き,199.0,25.3,9.4,0.2,0.3,35.0,0.0,350.0,98.0,2.5,0.0
10050,10,<魚類> (いわし類) まいわし 塩いわし,143.0,16.8,9.6,0.4,6.1,45.0,0.0,300.0,70.0,1.7,0.0
10051,10,<魚類> (いわし類) まいわし 生干し,217.0,20.6,16.0,1.1,1.8,40.0,0.0,340.0,65.0,1.6,0.0
10052,10,<魚類> (いわし類) まいわし 丸干し,177.0,32.8,5.5,0.7,3.8,15.0,0.0,470.0,440.0,4.4,0.0
10053,10,<魚類> (いわし類) めざし 生,206.0,18.2,18.9,0.5,2.8,15.0,0.0,170.0,180.0,2.6,0.0
10054,10,<魚類> (いわし類) めざし 焼き,200.0,23.7,15.0,0.7,3.6,15.0,0.0,220.0,320.0,4.2,0.0
10055,10,<魚類> (いわし類) しらす干し 微乾燥品,113.0,24.5,2.1,0.1,4.2,0.0,0.0,170.0,280.0,0.6,0.0
10056,10,<魚類> (いわし類) しらす干し 半乾燥品,187.0,40.5,3.5,0.5,6.6,0.0,0.0,490.0,520.0,0.8,0.0
10057,10,<魚類> (いわし類) たたみいわし,348.0,75.1,5.6,0.7,2.2,0.0,0.0,790.0,970.0,2.6,0.0
10058,10,<魚類> (いわし類) みりん干し かたくちいわし,330.0,44.3,7.0,25.0,2.8,0.0,0.0,420.0,800.0,3.7,0.0
10059,10,<魚類> (いわし類) みりん干し まいわし,314.0,31.4,15.7,16.3,1.7,0.0,0.0,290.0,240.0,4.3,0.0
10060,10,<魚類> (いわし類) 缶詰 水煮,168.0,20.7,10.6,0.1,0.8,0.0,0.0,250.0,320.0,2.6,0.0
10061,10,<魚類> (いわし類) 缶詰 味付け,203.0,20.4,11.9,5.7,1.4,0.0,0.0,240.0,370.0,2.3,0.0
10062,10,<魚類> (いわし類) 缶詰 トマト漬,167.0,17.5,10.8,1.3,0.7,0.0,0.0,310.0,360.0,1.9,0.0
10063,10,<魚類> (いわし類) 缶詰 油漬,351.0,20.3,30.7,0.3,0.8,0.0,0.0,280.0,350.0,1.4,0.0
10064,10,<魚類> (いわし類) 缶詰 かば焼,234.0,16.2,15.6,9.3,1.5,0.0,0.0,270.0,220.0,2.0,0.0
10065,10,<魚類> いわな 養殖 生,101.0,19.0,3.6,0.1,0.1,50.0,0.0,380.0,39.0,0.3,1.0
10066,10,<魚類> うぐい 生,93.0,20.1,1.5,0.2,0.2,50.0,0.0,340.0,69.0,0.7,0.0
10067,10,<魚類> うなぎ 養殖 生,228.0,17.1,19.3,0.3,0.2,25.0,0.0,230.0,130.0,0.5,2.0
10068,10,<魚類> うなぎ きも 生,102.0,13.0,5.3,3.5,0.4,0.0,0.0,200.0,19.0,4.6,2.0
10069,10,<魚類> うなぎ 白焼き,300.0,20.7,25.8,0.1,0.3,0.0,0.0,300.0,140.0,1.0,0.0
10070,10,<魚類> うなぎ かば焼,285.0,23.0,21.0,3.1,1.3,0.0,0.0,300.0,150.0,0.8,0.0
10071,10,<魚類> うまづらはぎ 生,75.0,18.2,0.3,0.0,0.5,65.0,0.0,320.0,50.0,0.4,0.0
10072,10,<魚類> うまづらはぎ 味付け開き干し,289.0,58.9,1.6,10.4,6.1,9.0,0.0,310.0,190.0,1.5,0.0
10073,10,<魚類> えい 生,79.0,19.1,0.3,0.1,0.7,0.0,0.0,110.0,4.0,0.9,1.0
10074,10,<魚類> えそ 生,87.0,20.1,0.8,0.1,0.3,0.0,0.0,380.0,80.0,0.3,2.0
10075,10,<魚類> おいかわ 生,124.0,19.2,5.8,0.1,0.1,55.0,0.0,240.0,45.0,0.6,2.0
10076,10,<魚類> おおさが 生,131.0,16.3,8.0,0.1,0.2,0.0,0.0,310.0,16.0,0.2,1.0
10077,10,<魚類> おこぜ 生,81.0,19.6,0.2,0.2,0.2,60.0,0.0,360.0,31.0,0.4,0.0
10078,10,<魚類> おひょう 生,93.0,19.9,1.7,0.1,0.2,0.0,0.0,400.0,7.0,0.1,0.0
10079,10,<魚類> かさご 生,83.0,19.3,1.1,0.1,0.3,0.0,0.0,310.0,57.0,0.3,1.0
10080,10,<魚類> かじか 生,98.0,15.0,5.0,0.2,0.3,0.0,0.0,260.0,520.0,2.8,1.0
10081,10,<魚類> かじか 水煮,108.0,15.8,5.8,0.2,0.2,0.0,0.0,210.0,630.0,2.6,0.0
10082,10,<魚類> かじか つくだ煮,293.0,29.4,5.5,33.8,4.3,0.0,0.0,460.0,880.0,5.8,0.0
10083,10,<魚類> (かじき類) くろかじき 生,93.0,22.9,0.2,0.1,0.2,0.0,0.0,390.0,5.0,0.5,1.0
10084,10,<魚類> (かじき類) まかじき 生,107.0,23.1,1.8,0.1,0.2,0.0,0.0,380.0,5.0,0.6,2.0
10085,10,<魚類> (かじき類) めかじき 生,139.0,19.2,7.6,0.1,0.2,0.0,0.0,440.0,3.0,0.5,1.0
10086,10,<魚類> (かつお類) かつお 春獲り 生,108.0,25.8,0.5,0.1,0.1,0.0,0.0,430.0,11.0,1.9,0.0
10087,10,<魚類> (かつお類) かつお 秋獲り 生,150.0,25.0,6.2,0.2,0.1,35.0,0.0,380.0,8.0,1.9,0.0
10088,10,<魚類> (かつお類) そうだがつお 生,126.0,25.7,2.8,0.3,0.2,40.0,0.0,350.0,23.0,2.6,0.0
10089,10,<魚類> (かつお類) 加工品 なまり,126.0,29.8,0.7,0.4,0.3,0.0,0.0,300.0,11.0,3.7,0.0
10090,10,<魚類> (かつお類) 加工品 なまり節,162.0,38.0,1.1,0.5,0.2,0.0,0.0,630.0,20.0,5.0,0.0
10091,10,<魚類> (かつお類) 加工品 かつお節,332.0,77.1,2.9,0.8,0.3,0.0,0.0,940.0,28.0,5.5,0.0
10092,10,<魚類> (かつお類) 加工品 削り節,327.0,75.7,3.2,0.4,1.2,0.0,0.0,810.0,46.0,9.0,0.0
10093,10,<魚類> (かつお類) 加工品 削り節つくだ煮,233.0,19.5,3.3,32.3,7.9,0.0,0.0,410.0,54.0,8.0,0.0
10094,10,<魚類> (かつお類) 加工品 角煮,221.0,31.0,1.6,21.4,3.8,0.0,0.0,290.0,10.0,6.0,0.0
10095,10,<魚類> (かつお類) 加工品 塩辛,58.0,12.0,1.5,0.0,12.7,0.0,0.0,130.0,180.0,5.0,0.0
10096,10,<魚類> (かつお類) 缶詰 味付け フレーク,139.0,18.4,2.7,10.7,1.7,0.0,0.0,280.0,29.0,2.6,0.0
10097,10,<魚類> (かつお類) 缶詰 油漬 フレーク,289.0,18.8,24.2,0.1,0.9,0.0,0.0,230.0,5.0,0.9,0.0
10098,10,<魚類> かます 生,137.0,18.9,7.2,0.1,0.3,40.0,0.0,320.0,41.0,0.3,0.0
10099,10,<魚類> かます 焼き,134.0,23.3,4.9,0.1,0.4,40.0,0.0,360.0,59.0,0.5,0.0
10100,10,<魚類> (かれい類) まがれい 生,89.0,19.6,1.3,0.1,0.3,0.0,0.0,330.0,43.0,0.2,1.0
10101,10,<魚類> (かれい類) まがれい 水煮,97.0,21.4,1.1,0.1,0.3,35.0,0.0,320.0,56.0,0.3,0.0
10102,10,<魚類> (かれい類) まがれい 焼き,104.0,23.4,1.3,0.1,0.3,35.0,0.0,370.0,70.0,0.3,1.0
10103,10,<魚類> (かれい類) まこがれい 生,86.0,18.0,1.8,0.1,0.3,55.0,0.0,320.0,46.0,0.4,1.0
10104,10,<魚類> (かれい類) 子持ちがれい 生,123.0,19.9,6.2,0.1,0.2,40.0,0.0,290.0,20.0,0.2,4.0
10105,10,<魚類> (かれい類) 子持ちがれい 水煮,137.0,22.3,7.2,0.1,0.2,15.0,0.0,270.0,40.0,0.3,3.0
10106,10,<魚類> (かれい類) 干しかれい,104.0,20.2,3.4,0.0,1.1,40.0,0.0,280.0,40.0,0.1,1.0
10107,10,<魚類> かわはぎ 生,77.0,18.8,0.4,0.0,0.3,0.0,0.0,380.0,13.0,0.2,0.0
10108,10,<魚類> かんぱち 三枚おろし 生,119.0,21.0,4.2,0.1,0.2,0.0,0.0,490.0,15.0,0.6,0.0
10109,10,<魚類> きす 生,73.0,18.5,0.2,0.0,0.3,55.0,0.0,340.0,27.0,0.1,1.0
10110,10,<魚類> きちじ 生,238.0,13.6,21.7,0.0,0.2,0.0,0.0,250.0,32.0,0.3,2.0
10111,10,<魚類> きびなご 生,85.0,18.8,1.4,0.1,0.4,35.0,0.0,330.0,100.0,1.1,3.0
10112,10,<魚類> きびなご 調味干し,241.0,47.9,7.4,0.5,6.6,0.0,0.0,660.0,1400.0,5.9,1.0
10113,10,<魚類> キャビア 塩蔵品,242.0,26.2,17.1,1.1,4.1,0.0,0.0,200.0,8.0,2.4,4.0
10114,10,<魚類> キングクリップ 生,73.0,18.2,0.1,0.0,0.4,0.0,0.0,340.0,47.0,0.3,1.0
10115,10,<魚類> ぎんだら 生,210.0,13.6,18.6,0.0,0.2,0.0,0.0,340.0,15.0,0.3,0.0
10116,10,<魚類> きんめだい 生,147.0,17.8,9.0,0.1,0.1,60.0,0.0,330.0,31.0,0.3,1.0
10117,10,<魚類> ぐち 生,78.0,18.0,0.8,0.0,0.2,60.0,0.0,260.0,37.0,0.4,0.0
10118,10,<魚類> ぐち 焼き,100.0,23.4,0.8,0.0,0.4,45.0,0.0,330.0,51.0,0.6,0.0
10119,10,<魚類> こい 養殖 生,157.0,17.7,10.2,0.2,0.1,50.0,0.0,340.0,9.0,0.5,0.0
10120,10,<魚類> こい 養殖 水煮,190.0,19.2,13.4,0.2,0.1,15.0,0.0,330.0,13.0,0.6,1.0
10121,10,<魚類> こい 養殖 内臓 生,258.0,9.0,25.9,1.3,0.2,0.0,0.0,240.0,9.0,3.1,2.0
10122,10,<魚類> (こち類) まごち 生,94.0,22.5,0.5,0.2,0.3,55.0,0.0,450.0,51.0,0.2,1.0
10123,10,<魚類> (こち類) めごち 生,73.0,17.1,0.6,0.1,0.4,0.0,0.0,280.0,40.0,0.2,0.0
10124,10,<魚類> このしろ 生,146.0,19.0,8.3,0.4,0.4,50.0,0.0,370.0,190.0,1.3,0.0
10125,10,<魚類> このしろ 甘酢漬,184.0,19.1,10.1,6.4,2.3,0.0,0.0,120.0,160.0,1.8,0.0
10126,10,<魚類> (さけ・ます類) からふとます 生,139.0,21.7,6.6,0.1,0.2,0.0,0.0,400.0,13.0,0.4,1.0
10127,10,<魚類> (さけ・ます類) からふとます 焼き,175.0,28.1,7.7,0.1,0.2,0.0,0.0,520.0,20.0,0.6,1.0
10128,10,<魚類> (さけ・ます類) からふとます 塩ます,146.0,20.9,7.4,0.6,5.8,30.0,0.0,310.0,27.0,0.4,1.0
10129,10,<魚類> (さけ・ます類) からふとます 水煮缶詰,145.0,20.7,7.2,0.1,0.9,0.0,0.0,300.0,110.0,1.5,0.0
10130,10,<魚類> (さけ・ます類) ぎんざけ 養殖 生,188.0,19.6,12.8,0.3,0.1,0.0,0.0,350.0,12.0,0.3,1.0
10131,10,<魚類> (さけ・ます類) ぎんざけ 養殖 焼き,236.0,25.2,15.8,0.4,0.2,0.0,0.0,460.0,16.0,0.4,1.0
10132,10,<魚類> (さけ・ます類) さくらます 生,146.0,20.9,7.7,0.1,0.1,0.0,0.0,390.0,15.0,0.4,1.0
10133,10,<魚類> (さけ・ます類) さくらます 焼き,208.0,28.4,12.0,0.1,0.2,0.0,0.0,520.0,26.0,0.5,1.0
10134,10,<魚類> (さけ・ます類) しろさけ 生,124.0,22.3,4.1,0.1,0.2,0.0,0.0,350.0,14.0,0.5,1.0
10135,10,<魚類> (さけ・ます類) しろさけ 水煮,142.0,25.5,4.7,0.1,0.2,0.0,0.0,340.0,19.0,0.6,0.0
10136,10,<魚類> (さけ・ます類) しろさけ 焼き,160.0,29.1,5.1,0.1,0.2,0.0,0.0,440.0,19.0,0.6,1.0
10137,10,<魚類> (さけ・ます類) しろさけ 新巻き 生,138.0,22.8,6.1,0.1,3.0,0.0,0.0,380.0,28.0,1.0,1.0
10138,10,<魚類> (さけ・ます類) しろさけ 新巻き 焼き,177.0,29.3,7.9,0.1,2.1,0.0,0.0,480.0,44.0,1.7,1.0
10139,10,<魚類> (さけ・ます類) しろさけ 塩ざけ,183.0,22.4,11.1,0.1,1.8,0.0,0.0,320.0,16.0,0.3,1.0
10140,10,<魚類> (さけ・ます類) しろさけ イクラ,252.0,32.6,15.6,0.2,2.3,0.0,0.0,210.0,94.0,2.0,6.0
10141,10,<魚類> (さけ・ます類) しろさけ すじこ,263.0,30.5,17.4,0.9,4.8,0.0,0.0,180.0,62.0,2.7,9.0
10142,10,<魚類> (さけ・ます類) しろさけ めふん,74.0,16.9,0.9,0.4,14.7,0.0,0.0,300.0,35.0,6.8,0.0
10143,10,<魚類> (さけ・ます類) しろさけ 水煮缶詰,156.0,21.2,8.5,0.1,0.6,0.0,0.0,290.0,190.0,0.4,0.0
10144,10,<魚類> (さけ・ます類) たいせいようさけ 養殖 皮つき 生,218.0,20.1,16.5,0.1,0.1,0.0,0.0,370.0,9.0,0.3,2.0
10145,10,<魚類> (さけ・ます類) たいせいようさけ 養殖 皮つき 焼き,270.0,24.5,19.7,0.3,0.1,0.0,0.0,460.0,17.0,0.3,3.0
10146,10,<魚類> (さけ・ます類) にじます 海面養殖 皮つき 生,201.0,21.4,14.2,0.1,0.2,0.0,0.0,390.0,13.0,0.3,2.0
10147,10,<魚類> (さけ・ます類) にじます 海面養殖 皮つき 焼き,238.0,27.2,15.8,0.4,0.2,0.0,0.0,490.0,22.0,0.3,5.0
10148,10,<魚類> (さけ・ます類) にじます 淡水養殖 皮つき 生,116.0,19.7,4.6,0.1,0.1,45.0,0.0,370.0,24.0,0.2,2.0
10149,10,<魚類> (さけ・ます類) べにざけ 生,127.0,22.5,4.5,0.1,0.1,0.0,0.0,380.0,10.0,0.4,0.0
10150,10,<魚類> (さけ・ます類) べにざけ 焼き,163.0,28.5,6.0,0.1,0.2,0.0,0.0,490.0,16.0,0.5,2.0
10151,10,<魚類> (さけ・ます類) べにざけ くん製,143.0,25.7,5.5,0.1,3.8,0.0,0.0,250.0,19.0,0.8,0.0
10152,10,<魚類> (さけ・ます類) ますのすけ 生,176.0,19.5,12.5,0.0,0.1,0.0,0.0,380.0,18.0,0.3,1.0
10153,10,<魚類> (さけ・ます類) ますのすけ 焼き,238.0,26.4,16.7,0.0,0.1,0.0,0.0,520.0,30.0,0.4,0.0
10154,10,<魚類> (さば類) まさば 生,211.0,20.6,16.8,0.3,0.3,50.0,0.0,330.0,6.0,1.2,1.0
10155,10,<魚類> (さば類) まさば 水煮,253.0,22.6,22.6,0.3,0.2,0.0,0.0,280.0,7.0,1.3,0.0
10156,10,<魚類> (さば類) まさば 焼き,264.0,25.2,22.4,0.4,0.3,0.0,0.0,370.0,10.0,1.6,0.0
10157,10,<魚類> (さば類) ごまさば さば節,330.0,73.9,5.1,0.0,0.9,0.0,0.0,1100.0,860.0,7.2,0.0
10158,10,<魚類> (さば類) たいせいようさば 生,295.0,17.2,26.8,0.4,0.3,0.0,0.0,320.0,7.0,0.9,1.0
10159,10,<魚類> (さば類) たいせいようさば 水煮,310.0,18.6,28.5,0.4,0.2,0.0,0.0,280.0,9.0,1.0,0.0
10160,10,<魚類> (さば類) たいせいようさば 焼き,326.0,21.8,29.3,0.5,0.3,0.0,0.0,390.0,12.0,1.2,0.0
10161,10,<魚類> (さば類) 加工品 塩さば,263.0,26.2,19.1,0.1,1.8,0.0,0.0,300.0,27.0,2.0,0.0
10162,10,<魚類> (さば類) 加工品 開き干し,303.0,18.7,28.5,0.2,1.7,25.0,0.0,300.0,25.0,2.0,0.0
10163,10,<魚類> (さば類) 加工品 しめさば,292.0,18.6,26.9,1.7,1.6,0.0,0.0,200.0,9.0,1.1,0.0
10164,10,<魚類> (さば類) 缶詰 水煮,174.0,20.9,10.7,0.2,0.9,0.0,0.0,260.0,260.0,1.6,0.0
10165,10,<魚類> (さば類) 缶詰 みそ煮,210.0,16.3,13.9,6.6,1.1,0.0,0.0,250.0,210.0,2.0,0.0
10166,10,<魚類> (さば類) 缶詰 味付け,208.0,21.4,12.6,4.0,1.3,0.0,0.0,260.0,180.0,2.0,0.0
10167,10,<魚類> (さめ類) あぶらつのざめ 生,138.0,16.8,9.4,0.0,0.3,0.0,0.0,450.0,6.0,1.0,0.0
10168,10,<魚類> (さめ類) よしきりざめ 生,79.0,18.9,0.6,0.0,0.5,0.0,0.0,290.0,5.0,0.4,0.0
10169,10,<魚類> (さめ類) ふかひれ,344.0,83.9,1.6,0.0,0.5,0.0,0.0,3.0,65.0,1.2,0.0
10170,10,<魚類> さより 生,88.0,19.6,1.3,0.0,0.5,40.0,0.0,290.0,41.0,0.3,2.0
10171,10,<魚類> さわら 生,161.0,20.1,9.7,0.1,0.2,0.0,0.0,490.0,13.0,0.8,0.0
10172,10,<魚類> さわら 焼き,184.0,23.6,10.8,0.1,0.2,0.0,0.0,610.0,22.0,0.9,0.0
10173,10,<魚類> さんま 皮つき 生,287.0,18.1,25.6,0.1,0.4,0.0,0.0,200.0,28.0,1.4,0.0
10174,10,<魚類> さんま 皮つき 焼き,281.0,23.3,22.8,0.2,0.3,35.0,0.0,260.0,37.0,1.7,0.0
10175,10,<魚類> さんま 開き干し,232.0,19.3,19.0,0.1,1.3,30.0,0.0,260.0,60.0,1.1,0.0
10176,10,<魚類> さんま みりん干し,382.0,23.9,25.8,20.4,3.6,15.0,0.0,370.0,120.0,2.2,0.0
10177,10,<魚類> さんま 缶詰 味付け,259.0,18.9,18.9,5.6,1.4,0.0,0.0,160.0,280.0,1.9,0.0
10178,10,<魚類> さんま 缶詰 かば焼,219.0,17.4,13.0,9.7,1.5,0.0,0.0,250.0,250.0,2.9,0.0
10179,10,<魚類> しいら 生,100.0,21.3,1.9,0.0,0.1,0.0,0.0,480.0,13.0,0.7,1.0
10180,10,<魚類> (ししゃも類) ししゃも 生干し 生,152.0,21.0,8.1,0.2,1.2,10.0,0.0,380.0,330.0,1.6,1.0
10181,10,<魚類> (ししゃも類) ししゃも 生干し 焼き,162.0,24.3,7.8,0.2,1.6,10.0,0.0,400.0,360.0,1.7,1.0
10182,10,<魚類> (ししゃも類) からふとししゃも 生干し 生,160.0,15.6,11.6,0.5,1.5,0.0,0.0,200.0,350.0,1.4,1.0
10183,10,<魚類> (ししゃも類) からふとししゃも 生干し 焼き,170.0,18.2,11.3,0.6,2.0,0.0,0.0,210.0,380.0,1.6,1.0
10184,10,<魚類> したびらめ 生,89.0,19.2,1.6,0.0,0.4,45.0,0.0,310.0,36.0,0.3,1.0
10185,10,<魚類> しまあじ 養殖 生,153.0,21.9,8.0,0.1,0.1,55.0,0.0,390.0,16.0,0.7,0.0
10186,10,<魚類> しらうお 生,70.0,13.6,2.0,0.1,0.4,0.0,0.0,250.0,150.0,0.4,4.0
10187,10,<魚類> シルバー 生,138.0,18.6,7.9,0.0,0.2,0.0,0.0,440.0,11.0,0.6,0.0
10188,10,<魚類> すずき 生,113.0,19.8,4.2,0.0,0.2,0.0,0.0,370.0,12.0,0.2,3.0
10189,10,<魚類> (たい類) きだい 生,100.0,18.6,3.1,0.2,0.2,60.0,0.0,390.0,23.0,0.2,1.0
10190,10,<魚類> (たい類) くろだい 生,137.0,20.4,6.7,0.3,0.1,55.0,0.0,400.0,13.0,0.3,3.0
10191,10,<魚類> (たい類) ちだい 生,97.0,19.4,2.4,0.1,0.2,0.0,0.0,390.0,33.0,0.6,2.0
10192,10,<魚類> (たい類) まだい 天然 生,129.0,20.6,5.8,0.1,0.1,50.0,0.0,440.0,11.0,0.2,1.0
10193,10,<魚類> (たい類) まだい 養殖 皮つき 生,160.0,20.9,9.4,0.1,0.1,55.0,0.0,450.0,12.0,0.2,3.0
10194,10,<魚類> (たい類) まだい 養殖 皮つき 水煮,182.0,22.2,11.9,0.1,0.1,20.0,0.0,440.0,20.0,0.2,2.0
10195,10,<魚類> (たい類) まだい 養殖 皮つき 焼き,186.0,22.7,12.0,0.1,0.1,35.0,0.0,500.0,24.0,0.2,3.0
10196,10,<魚類> たかさご 生,93.0,20.2,1.5,0.1,0.1,40.0,0.0,510.0,51.0,0.5,0.0
10197,10,<魚類> たかべ 生,148.0,18.7,9.0,0.0,0.3,40.0,0.0,380.0,41.0,0.6,1.0
10198,10,<魚類> たちうお 生,238.0,16.5,20.9,0.0,0.2,35.0,0.0,290.0,12.0,0.2,1.0
10199,10,<魚類> (たら類) すけとうだら 生,72.0,17.4,1.0,0.1,0.3,0.0,0.0,350.0,13.0,0.2,1.0
10200,10,<魚類> (たら類) すけとうだら すり身,98.0,17.5,0.2,6.6,0.3,0.0,0.0,130.0,7.0,0.1,0.0
10201,10,<魚類> (たら類) すけとうだら すきみだら,165.0,40.5,0.3,0.1,18.8,0.0,0.0,540.0,130.0,1.9,0.0
10202,10,<魚類> (たら類) すけとうだら たらこ 生,131.0,24.0,4.7,0.4,4.6,0.0,0.0,300.0,24.0,0.6,33.0
10203,10,<魚類> (たら類) すけとうだら たらこ 焼き,158.0,28.3,6.1,0.5,5.3,0.0,0.0,340.0,27.0,0.7,21.0
10204,10,<魚類> (たら類) すけとうだら からしめんたいこ,121.0,21.0,3.3,3.0,5.6,0.0,0.0,180.0,23.0,0.7,76.0
10205,10,<魚類> (たら類) まだら 生,72.0,17.6,0.2,0.1,0.3,0.0,0.0,350.0,32.0,0.2,0.0
10206,10,<魚類> (たら類) まだら 焼き,103.0,25.2,0.2,0.2,0.4,0.0,0.0,480.0,48.0,0.4,0.0
10207,10,<魚類> (たら類) まだら しらこ 生,60.0,13.4,0.8,0.2,0.3,0.0,0.0,390.0,6.0,0.2,2.0
10208,10,<魚類> (たら類) まだら 塩だら,61.0,15.2,0.1,0.0,2.0,0.0,0.0,290.0,23.0,0.3,0.0
10209,10,<魚類> (たら類) まだら 干しだら,299.0,73.2,0.8,0.1,3.8,45.0,0.0,1600.0,80.0,0.1,0.0
10210,10,<魚類> (たら類) 加工品 でんぶ,276.0,25.5,1.1,41.5,4.2,0.0,0.0,120.0,260.0,1.3,0.0
10211,10,<魚類> ちか 生,82.0,19.5,0.6,0.0,0.6,45.0,0.0,340.0,35.0,0.3,0.0
10212,10,<魚類> ナイルティラピア 生,124.0,19.8,5.3,0.2,0.2,0.0,0.0,370.0,29.0,0.5,1.0
10213,10,<魚類> どじょう 生,72.0,16.1,1.2,0.0,0.2,0.0,0.0,290.0,1100.0,5.6,1.0
10214,10,<魚類> どじょう 水煮,76.0,17.1,1.2,0.0,0.3,0.0,0.0,330.0,1200.0,6.4,0.0
10215,10,<魚類> とびうお 生,89.0,21.0,0.7,0.1,0.2,40.0,0.0,320.0,13.0,0.5,1.0
10216,10,<魚類> なまず 生,145.0,18.4,8.6,0.0,0.1,55.0,0.0,320.0,18.0,0.4,0.0
10217,10,<魚類> にぎす 生,84.0,18.7,1.2,0.1,0.5,45.0,0.0,320.0,70.0,0.4,1.0
10218,10,<魚類> にしん 生,196.0,17.4,15.1,0.1,0.3,45.0,0.0,350.0,27.0,1.0,0.0
10219,10,<魚類> にしん 身欠きにしん,224.0,20.9,16.7,0.2,0.4,9.0,0.0,430.0,66.0,1.5,0.0
10220,10,<魚類> にしん 開き干し,239.0,18.5,19.7,0.2,0.9,25.0,0.0,350.0,25.0,1.9,0.0
10221,10,<魚類> にしん くん製,280.0,23.1,22.1,0.0,9.9,45.0,0.0,280.0,150.0,3.5,0.0
10222,10,<魚類> にしん かずのこ 生,139.0,25.2,6.7,0.2,0.8,0.0,0.0,210.0,50.0,1.2,0.0
10223,10,<魚類> にしん かずのこ 乾,358.0,65.2,13.6,0.5,3.6,0.0,0.0,46.0,65.0,1.9,0.0
10224,10,<魚類> にしん かずのこ 塩蔵 水戻し,80.0,15.0,3.0,0.6,1.2,0.0,0.0,2.0,8.0,0.4,0.0
10225,10,<魚類> はぜ 生,78.0,19.1,0.2,0.1,0.2,60.0,0.0,350.0,42.0,0.2,1.0
10226,10,<魚類> はぜ つくだ煮,277.0,24.3,3.0,39.9,5.6,0.0,0.0,480.0,1200.0,12.0,0.0
10227,10,<魚類> はぜ 甘露煮,260.0,21.1,2.2,40.3,3.8,0.0,0.0,200.0,980.0,4.2,0.0
10228,10,<魚類> はたはた 生,101.0,14.1,5.7,0.0,0.5,0.0,0.0,250.0,60.0,0.5,0.0
10229,10,<魚類> はたはた 生干し,154.0,16.7,10.3,0.0,1.3,50.0,0.0,240.0,17.0,0.3,3.0
10230,10,<魚類> はまふえふき 生,85.0,20.5,0.3,0.1,0.2,55.0,0.0,450.0,43.0,0.3,0.0
10231,10,<魚類> はも 生,132.0,22.3,5.3,0.0,0.2,0.0,0.0,450.0,79.0,0.2,1.0
10232,10,<魚類> みなみくろたち 生,112.0,21.7,3.0,0.1,0.3,0.0,0.0,460.0,22.0,0.6,1.0
10233,10,<魚類> ひらまさ 生,128.0,22.6,4.9,0.1,0.1,0.0,0.0,450.0,12.0,0.4,3.0
10234,10,<魚類> ひらめ 天然 生,96.0,20.0,2.0,0.0,0.1,40.0,0.0,440.0,22.0,0.1,3.0
10235,10,<魚類> ひらめ 養殖 皮つき 生,115.0,21.6,3.7,0.0,0.1,40.0,0.0,440.0,30.0,0.1,5.0
10236,10,<魚類> (ふぐ類) とらふぐ 養殖 生,80.0,19.3,0.3,0.2,0.3,0.0,0.0,430.0,6.0,0.2,0.0
10237,10,<魚類> (ふぐ類) まふぐ 生,78.0,18.9,0.4,0.0,0.2,0.0,0.0,470.0,5.0,0.2,0.0
10238,10,<魚類> ふな 生,93.0,18.2,2.5,0.1,0.1,50.0,0.0,340.0,100.0,1.5,1.0
10239,10,<魚類> ふな 水煮,104.0,20.3,2.8,0.1,0.1,35.0,0.0,310.0,140.0,1.5,0.0
10240,10,<魚類> ふな 甘露煮,266.0,15.5,3.6,44.4,3.3,0.0,0.0,240.0,1200.0,6.5,0.0
10241,10,<魚類> ぶり 成魚 生,222.0,21.4,17.6,0.3,0.1,0.0,0.0,380.0,5.0,1.3,2.0
10242,10,<魚類> ぶり 成魚 焼き,260.0,26.2,20.4,0.3,0.1,0.0,0.0,440.0,6.0,2.3,2.0
10243,10,<魚類> ぶり はまち 養殖 皮つき 生,217.0,20.7,17.2,0.3,0.1,0.0,0.0,340.0,19.0,1.0,2.0
10244,10,<魚類> ほうぼう 生,110.0,19.6,4.2,0.0,0.3,50.0,0.0,380.0,42.0,0.4,3.0
10245,10,<魚類> ホキ 生,78.0,17.0,1.3,0.0,0.4,0.0,0.0,330.0,20.0,0.3,0.0
10246,10,<魚類> ほっけ 生,103.0,17.3,4.4,0.1,0.2,50.0,0.0,360.0,22.0,0.4,1.0
10247,10,<魚類> ほっけ 塩ほっけ,113.0,18.1,4.9,0.1,3.6,40.0,0.0,350.0,20.0,0.5,0.0
10248,10,<魚類> ほっけ 開き干し 生,161.0,20.6,9.4,0.1,1.8,35.0,0.0,390.0,170.0,0.5,4.0
10249,10,<魚類> ぼら 生,119.0,19.2,5.0,0.1,0.2,50.0,0.0,330.0,17.0,0.7,1.0
10250,10,<魚類> ぼら からすみ,353.0,40.4,28.9,0.3,3.6,0.0,0.0,170.0,9.0,1.5,10.0
10251,10,<魚類> ほんもろこ 生,103.0,17.5,4.1,0.1,0.2,0.0,0.0,320.0,850.0,1.3,2.0
10252,10,<魚類> (まぐろ類) きはだ 生,102.0,24.3,1.0,0.0,0.1,0.0,0.0,450.0,5.0,2.0,0.0
10253,10,<魚類> (まぐろ類) くろまぐろ 天然 赤身 生,115.0,26.4,1.4,0.1,0.1,0.0,0.0,380.0,5.0,1.1,2.0
10254,10,<魚類> (まぐろ類) くろまぐろ 天然 脂身 生,308.0,20.1,27.5,0.1,0.2,0.0,0.0,230.0,7.0,1.6,4.0
10255,10,<魚類> (まぐろ類) びんなが 生,111.0,26.0,0.7,0.2,0.1,0.0,0.0,440.0,9.0,0.9,1.0
10256,10,<魚類> (まぐろ類) みなみまぐろ 赤身 生,88.0,21.6,0.4,0.1,0.1,0.0,0.0,400.0,5.0,1.8,0.0
10257,10,<魚類> (まぐろ類) みなみまぐろ 脂身 生,322.0,20.3,28.3,0.1,0.1,0.0,0.0,280.0,9.0,0.6,5.0
10258,10,<魚類> (まぐろ類) めじまぐろ 生,139.0,25.2,4.8,0.1,0.1,0.0,0.0,410.0,9.0,1.8,1.0
10260,10,<魚類> (まぐろ類) 缶詰 水煮 フレーク ライト,70.0,16.0,0.7,0.2,0.5,0.0,0.0,230.0,5.0,0.6,0.0
10261,10,<魚類> (まぐろ類) 缶詰 水煮 フレーク ホワイト,96.0,18.3,2.5,0.4,0.7,0.0,0.0,280.0,6.0,1.0,0.0
10262,10,<魚類> (まぐろ類) 缶詰 味付け フレーク,134.0,19.0,2.3,9.9,1.9,0.0,0.0,280.0,24.0,4.0,0.0
10263,10,<魚類> (まぐろ類) 缶詰 油漬 フレーク ライト,265.0,17.7,21.7,0.1,0.9,0.0,0.0,230.0,4.0,0.5,0.0
10264,10,<魚類> (まぐろ類) 缶詰 油漬 フレーク ホワイト,279.0,18.8,23.6,0.1,0.9,0.0,0.0,190.0,2.0,1.8,0.0
10265,10,<魚類> マジェランあいなめ 生,243.0,13.3,22.9,0.1,0.2,0.0,0.0,300.0,10.0,0.1,0.0
10266,10,<魚類> まながつお 生,161.0,17.1,10.9,0.0,0.4,40.0,0.0,370.0,21.0,0.3,1.0
10267,10,<魚類> みなみだら 生,68.0,16.4,0.3,0.0,0.6,0.0,0.0,320.0,23.0,0.3,0.0
10268,10,<魚類> むつ 生,175.0,16.7,12.6,0.0,0.2,0.0,0.0,390.0,25.0,0.5,0.0
10269,10,<魚類> むつ 水煮,161.0,22.2,8.4,0.0,0.2,0.0,0.0,410.0,49.0,0.6,0.0
10270,10,<魚類> めじな 生,113.0,19.4,4.5,0.1,0.2,0.0,0.0,380.0,27.0,0.3,0.0
10271,10,<魚類> めばる 生,100.0,18.1,3.5,0.0,0.2,55.0,0.0,350.0,80.0,0.4,2.0
10272,10,<魚類> メルルーサ 生,73.0,17.0,0.6,0.0,0.4,5.0,0.0,320.0,12.0,0.2,0.0
10273,10,<魚類> やつめうなぎ 生,245.0,15.8,21.8,0.2,0.1,55.0,0.0,150.0,7.0,2.0,2.0
10274,10,<魚類> やつめうなぎ 干しやつめ,449.0,50.3,31.2,0.5,0.3,20.0,0.0,650.0,16.0,32.0,0.0
10275,10,<魚類> やまめ 養殖 生,110.0,18.4,4.3,0.3,0.1,45.0,0.0,420.0,85.0,0.5,3.0
10276,10,<魚類> わかさぎ 生,71.0,14.4,1.7,0.1,0.5,0.0,0.0,120.0,450.0,0.9,1.0
10277,10,<魚類> わかさぎ つくだ煮,308.0,28.7,5.5,38.2,4.8,0.0,0.0,480.0,970.0,2.6,0.0
10278,10,<魚類> わかさぎ あめ煮,301.0,26.3,5.1,40.4,4.1,0.0,0.0,410.0,960.0,2.1,0.0
10279,10,<貝類> あかがい 生,70.0,13.5,0.3,3.5,0.8,75.0,0.0,290.0,40.0,5.0,2.0
10280,10,<貝類> あげまき 生,44.0,8.1,0.6,2.0,1.5,35.0,0.0,120.0,66.0,4.1,1.0
10281,10,<貝類> あさり 生,29.0,5.7,0.7,0.4,2.0,70.0,0.0,140.0,66.0,2.2,1.0
10282,10,<貝類> あさり つくだ煮,218.0,20.8,2.4,30.1,7.4,0.0,0.0,270.0,260.0,19.0,0.0
10283,10,<貝類> あさり 缶詰 水煮,102.0,20.3,2.2,1.9,1.0,0.0,0.0,9.0,110.0,30.0,0.0
10284,10,<貝類> あさり 缶詰 味付け,124.0,16.6,1.9,11.5,1.6,0.0,0.0,35.0,87.0,28.0,0.0
10286,10,<貝類> あわび 干し,257.0,38.0,1.6,23.8,7.4,0.0,0.0,490.0,39.0,2.0,0.0
10287,10,<貝類> あわび 塩辛,93.0,14.8,3.9,1.4,6.6,0.0,0.0,180.0,55.0,34.0,0.0
10288,10,<貝類> あわび 水煮缶詰,85.0,19.4,0.4,1.0,1.4,0.0,0.0,130.0,20.0,1.8,0.0
10289,10,<貝類> いがい 生,63.0,10.3,1.6,3.2,1.4,60.0,0.0,230.0,43.0,3.5,5.0
10290,10,<貝類> いたやがい 養殖 生,55.0,10.8,0.8,1.5,1.1,65.0,0.0,260.0,48.0,2.0,0.0
10291,10,<貝類> エスカルゴ 水煮缶詰,75.0,16.5,1.0,0.8,0.7,0.0,0.0,5.0,400.0,3.9,0.0
10292,10,<貝類> かき 養殖 生,58.0,6.9,2.2,4.9,1.2,75.0,0.0,190.0,84.0,2.1,3.0
10293,10,<貝類> かき 養殖 水煮,90.0,9.9,3.6,7.1,0.9,0.0,0.0,180.0,59.0,2.9,3.0
10294,10,<貝類> かき くん製油漬缶詰,294.0,12.5,22.6,11.2,0.8,0.0,0.0,140.0,35.0,4.5,0.0
10295,10,<貝類> さざえ 生,83.0,19.4,0.4,0.8,0.6,85.0,0.0,250.0,22.0,0.8,1.0
10296,10,<貝類> さざえ 焼き,91.0,21.3,0.4,0.9,0.7,85.0,0.0,220.0,29.0,0.9,1.0
10297,10,<貝類> しじみ 生,54.0,7.5,1.4,4.5,0.4,75.0,0.0,83.0,240.0,8.3,2.0
10298,10,<貝類> たいらがい 貝柱 生,94.0,21.8,0.2,1.5,0.7,0.0,0.0,260.0,16.0,0.6,2.0
10299,10,<貝類> たにし 生,73.0,13.0,1.1,3.6,0.1,30.0,0.0,70.0,1300.0,19.0,0.0
10300,10,<貝類> つぶ 生,82.0,17.8,0.2,2.3,1.0,0.0,0.0,160.0,60.0,1.3,0.0
10301,10,<貝類> とこぶし 生,78.0,16.0,0.4,3.0,0.7,60.0,0.0,250.0,24.0,1.8,1.0
10303,10,<貝類> とりがい 斧足 生,81.0,12.9,0.3,6.9,0.3,0.0,0.0,150.0,19.0,2.9,1.0
10304,10,<貝類> ばい 生,81.0,16.3,0.6,3.1,0.6,55.0,0.0,320.0,44.0,0.7,2.0
10305,10,<貝類> ばかがい 生,56.0,10.9,0.5,2.4,0.8,65.0,0.0,220.0,42.0,1.1,1.0
10306,10,<貝類> (はまぐり類) はまぐり 生,35.0,6.1,0.6,1.8,2.0,60.0,0.0,160.0,130.0,2.1,1.0
10307,10,<貝類> (はまぐり類) はまぐり 水煮,79.0,14.9,1.5,2.9,1.2,75.0,0.0,180.0,130.0,3.9,1.0
10308,10,<貝類> (はまぐり類) はまぐり 焼き,70.0,13.3,1.0,2.8,2.0,70.0,0.0,230.0,140.0,3.3,2.0
10309,10,<貝類> (はまぐり類) はまぐり つくだ煮,211.0,27.0,2.8,21.4,7.1,0.0,0.0,320.0,120.0,7.2,0.0
10310,10,<貝類> (はまぐり類) ちょうせんはまぐり 生,41.0,6.5,1.0,2.7,1.3,60.0,0.0,170.0,160.0,5.1,1.0
10311,10,<貝類> ほたてがい 生,66.0,13.5,0.9,1.5,0.8,50.0,0.0,310.0,22.0,2.2,3.0
10312,10,<貝類> ほたてがい 水煮,89.0,17.6,1.9,1.9,0.6,60.0,0.0,330.0,24.0,2.8,2.0
10313,10,<貝類> ほたてがい 貝柱 生,82.0,16.9,0.3,3.5,0.3,0.0,0.0,380.0,7.0,0.2,2.0
10314,10,<貝類> ほたてがい 貝柱 煮干し,301.0,65.7,1.4,7.6,6.4,0.0,0.0,810.0,34.0,1.2,0.0
10315,10,<貝類> ほたてがい 貝柱 水煮缶詰,87.0,19.5,0.6,1.5,1.0,0.0,0.0,250.0,50.0,0.7,0.0
10316,10,<貝類> ほっきがい 生,66.0,11.1,1.1,3.8,0.6,65.0,0.0,260.0,62.0,4.4,2.0
10317,10,<貝類> みるがい 水管 生,77.0,18.3,0.4,0.3,0.8,80.0,0.0,420.0,55.0,3.3,1.0
10318,10,<貝類> さるぼう 味付け缶詰,131.0,15.9,2.2,12.9,2.2,0.0,0.0,55.0,60.0,11.0,0.0
10319,10,<えび・かに類> (えび類) あまえび 生,85.0,19.8,1.5,0.1,0.8,65.0,0.0,310.0,50.0,0.1,0.0
10320,10,<えび・かに類> (えび類) いせえび 生,86.0,20.9,0.4,0.0,0.9,70.0,0.0,400.0,37.0,0.1,1.0
10321,10,<えび・かに類> (えび類) くるまえび 養殖 生,90.0,21.6,0.6,0.0,0.4,55.0,0.0,430.0,41.0,0.7,0.0
10322,10,<えび・かに類> (えび類) くるまえび 養殖 ゆで,116.0,28.2,0.5,0.0,0.5,55.0,0.0,500.0,61.0,1.0,0.0
10323,10,<えび・かに類> (えび類) くるまえび 養殖 焼き,97.0,23.5,0.4,0.0,0.5,55.0,0.0,400.0,55.0,1.4,1.0
10324,10,<えび・かに類> (えび類) さくらえび ゆで,82.0,18.2,1.5,0.0,2.1,0.0,0.0,250.0,690.0,0.5,0.0
10325,10,<えび・かに類> (えび類) さくらえび 素干し,286.0,64.9,4.0,0.1,3.0,0.0,0.0,1200.0,2000.0,3.2,0.0
10326,10,<えび・かに類> (えび類) さくらえび 煮干し,252.0,59.1,2.5,0.1,8.6,0.0,0.0,680.0,1500.0,3.0,0.0
10327,10,<えび・かに類> (えび類) 大正えび 生,89.0,21.7,0.3,0.1,0.5,55.0,0.0,360.0,34.0,0.1,1.0
10328,10,<えび・かに類> (えび類) しばえび 生,78.0,18.7,0.4,0.1,0.6,50.0,0.0,260.0,56.0,1.0,2.0
10329,10,<えび・かに類> (えび類) ブラックタイガー 養殖 生,77.0,18.4,0.3,0.3,0.4,15.0,0.0,230.0,67.0,0.2,0.0
10330,10,<えび・かに類> (えび類) 加工品 干しえび,213.0,48.6,2.8,0.3,3.8,0.0,0.0,740.0,7100.0,15.0,0.0
10331,10,<えび・かに類> (えび類) 加工品 つくだ煮,239.0,25.9,2.2,30.1,4.8,0.0,0.0,350.0,1800.0,3.9,0.0
10332,10,<えび・かに類> (かに類) がざみ 生,61.0,14.4,0.3,0.3,0.9,65.0,0.0,300.0,110.0,0.3,0.0
10333,10,<えび・かに類> (かに類) 毛がに 生,67.0,15.8,0.5,0.2,0.6,70.0,0.0,340.0,61.0,0.5,0.0
10334,10,<えび・かに類> (かに類) 毛がに ゆで,78.0,18.4,0.5,0.2,0.6,60.0,0.0,280.0,66.0,0.6,0.0
10335,10,<えび・かに類> (かに類) ずわいがに 生,59.0,13.9,0.4,0.1,0.8,70.0,0.0,310.0,90.0,0.5,0.0
10336,10,<えび・かに類> (かに類) ずわいがに ゆで,65.0,15.0,0.6,0.1,0.6,55.0,0.0,240.0,120.0,0.7,0.0
10337,10,<えび・かに類> (かに類) ずわいがに 水煮缶詰,69.0,16.3,0.4,0.2,1.7,0.0,0.0,21.0,68.0,0.5,0.0
10338,10,<えび・かに類> (かに類) たらばがに 生,56.0,13.0,0.9,0.2,0.9,70.0,0.0,280.0,51.0,0.3,1.0
10339,10,<えび・かに類> (かに類) たらばがに ゆで,77.0,17.5,1.5,0.3,0.8,60.0,0.0,230.0,48.0,0.2,0.0
10340,10,<えび・かに類> (かに類) たらばがに 水煮缶詰,85.0,20.6,0.3,0.1,1.5,0.0,0.0,90.0,52.0,0.2,0.0
10341,10,<えび・かに類> (かに類) 加工品 がん漬,58.0,8.4,0.4,5.4,19.1,0.0,0.0,250.0,4000.0,1.7,0.0
10342,10,<いか・たこ類> (いか類) あかいか 生,81.0,17.9,1.5,0.0,0.5,25.0,0.0,330.0,12.0,0.1,1.0
10343,10,<いか・たこ類> (いか類) けんさきいか 生,77.0,17.5,1.0,0.1,0.5,20.0,0.0,330.0,12.0,0.1,2.0
10344,10,<いか・たこ類> (いか類) こういか 生,64.0,14.9,1.3,0.1,0.7,35.0,0.0,220.0,17.0,0.1,1.0
10345,10,<いか・たこ類> (いか類) するめいか 生,76.0,17.9,0.8,0.1,0.5,30.0,0.0,300.0,11.0,0.1,1.0
10346,10,<いか・たこ類> (いか類) するめいか 水煮,98.0,21.9,0.9,0.1,0.6,0.0,0.0,310.0,14.0,0.1,1.0
10347,10,<いか・たこ類> (いか類) するめいか 焼き,108.0,23.6,1.0,0.1,0.8,0.0,0.0,360.0,14.0,0.2,1.0
10348,10,<いか・たこ類> (いか類) ほたるいか 生,74.0,11.8,3.5,0.2,0.7,0.0,0.0,290.0,14.0,0.8,5.0
10349,10,<いか・たこ類> (いか類) ほたるいか ゆで,91.0,17.7,2.9,0.4,0.6,0.0,0.0,240.0,22.0,1.1,0.0
10350,10,<いか・たこ類> (いか類) ほたるいか くん製,305.0,43.1,7.5,21.3,3.8,0.0,0.0,240.0,55.0,10.0,0.0
10351,10,<いか・たこ類> (いか類) ほたるいか つくだ煮,245.0,27.0,6.7,22.9,3.0,0.0,0.0,96.0,26.0,2.7,0.0
10352,10,<いか・たこ類> (いか類) やりいか 生,79.0,17.6,1.0,0.4,0.4,25.0,0.0,300.0,10.0,0.1,2.0
10353,10,<いか・たこ類> (いか類) 加工品 するめ,304.0,69.2,4.3,0.4,2.3,0.0,0.0,1100.0,43.0,0.8,0.0
10354,10,<いか・たこ類> (いか類) 加工品 さきいか,268.0,45.5,3.1,17.3,6.9,0.0,0.0,230.0,23.0,1.6,0.0
10355,10,<いか・たこ類> (いか類) 加工品 くん製,202.0,35.2,1.5,12.8,6.1,0.0,0.0,240.0,9.0,0.7,0.0
10356,10,<いか・たこ類> (いか類) 加工品 切りいかあめ煮,310.0,22.7,4.7,46.1,2.8,0.0,0.0,210.0,65.0,0.8,0.0
10357,10,<いか・たこ類> (いか類) 加工品 いかあられ,289.0,20.0,1.8,49.1,1.8,0.0,0.0,230.0,18.0,0.4,0.0
10358,10,<いか・たこ類> (いか類) 加工品 塩辛,114.0,15.2,3.4,6.5,6.9,0.0,0.0,170.0,16.0,1.1,0.0
10359,10,<いか・たこ類> (いか類) 加工品 味付け缶詰,127.0,21.4,1.8,7.7,1.8,0.0,0.0,110.0,16.0,0.6,0.0
10360,10,<いか・たこ類> (たこ類) いいだこ 生,64.0,14.6,0.8,0.1,0.6,0.0,0.0,200.0,20.0,2.2,1.0
10361,10,<いか・たこ類> (たこ類) まだこ 皮つき 生,70.0,16.1,0.9,0.2,1.0,15.0,0.0,300.0,15.0,0.6,1.0
10362,10,<いか・たこ類> (たこ類) まだこ ゆで,91.0,21.7,0.7,0.1,0.6,0.0,0.0,240.0,19.0,0.2,0.0
10363,10,<その他> あみ つくだ煮,230.0,19.1,1.8,35.1,6.9,0.0,0.0,350.0,490.0,7.1,0.0
10364,10,<その他> あみ 塩辛,62.0,12.9,1.1,0.8,19.8,0.0,0.0,280.0,460.0,0.5,0.0
10365,10,<その他> うに 生うに,109.0,16.0,4.8,3.3,0.6,0.0,0.0,340.0,12.0,0.9,3.0
10366,10,<その他> うに 粒うに,172.0,17.2,5.8,15.6,8.4,0.0,0.0,280.0,46.0,1.1,0.0
10367,10,<その他> うに 練りうに,166.0,13.5,2.9,22.4,7.1,0.0,0.0,230.0,38.0,1.8,0.0
10368,10,<その他> おきあみ 生,84.0,15.0,3.2,0.2,1.1,0.0,0.0,320.0,360.0,0.8,2.0
10369,10,<その他> おきあみ ゆで,78.0,13.8,3.0,0.0,1.6,0.0,0.0,200.0,350.0,0.6,1.0
10370,10,<その他> くらげ 塩蔵 塩抜き,21.0,5.2,0.1,0.0,0.3,0.0,0.0,1.0,2.0,0.3,0.0
10371,10,<その他> しゃこ ゆで,89.0,19.2,1.7,0.2,0.8,0.0,0.0,230.0,88.0,0.8,0.0
10372,10,<その他> なまこ 生,22.0,4.6,0.3,0.5,1.7,20.0,0.0,54.0,72.0,0.1,0.0
10373,10,<その他> なまこ このわた,54.0,11.4,1.8,0.5,4.6,0.0,0.0,330.0,41.0,4.0,0.0
10374,10,<その他> ほや 生,27.0,5.0,0.8,0.8,3.3,80.0,0.0,570.0,32.0,5.7,3.0
10375,10,<その他> ほや 塩辛,69.0,11.6,1.1,3.8,3.6,0.0,0.0,79.0,14.0,3.0,0.0
10376,10,<水産練り製品> かに風味かまぼこ,89.0,12.1,0.5,9.2,2.2,0.0,0.0,76.0,120.0,0.2,1.0
10377,10,<水産練り製品> 昆布巻きかまぼこ,83.0,8.9,0.5,11.0,2.4,0.0,0.0,430.0,70.0,0.3,0.0
10378,10,<水産練り製品> す巻きかまぼこ,89.0,12.0,0.8,8.7,2.2,0.0,0.0,85.0,25.0,0.2,0.0
10379,10,<水産練り製品> 蒸しかまぼこ,93.0,12.0,0.9,9.7,2.5,0.0,0.0,110.0,25.0,0.3,0.0
10380,10,<水産練り製品> 焼き抜きかまぼこ,102.0,16.2,1.0,7.4,2.4,0.0,0.0,100.0,25.0,0.2,0.0
10381,10,<水産練り製品> 焼き竹輪,107.0,13.2,0.4,13.3,2.5,0.0,0.0,57.0,48.0,0.2,36.0
10382,10,<水産練り製品> だて巻,190.0,14.6,7.5,17.6,0.9,0.0,0.0,110.0,25.0,0.5,0.0
10383,10,<水産練り製品> つみれ,104.0,12.0,4.3,6.5,1.4,0.0,0.0,180.0,60.0,1.0,0.0
10384,10,<水産練り製品> なると,80.0,7.6,0.4,11.6,2.0,0.0,0.0,160.0,15.0,0.5,0.0
10385,10,<水産練り製品> はんぺん,93.0,9.9,1.0,11.4,1.5,0.0,0.0,160.0,15.0,0.5,0.0
10386,10,<水産練り製品> さつま揚げ,116.0,11.3,2.4,12.6,2.0,0.0,0.0,79.0,20.0,0.1,0.0
10387,10,<水産練り製品> 魚肉ハム,155.0,13.4,6.7,11.1,2.3,0.0,0.0,110.0,45.0,1.0,0.0
10388,10,<水産練り製品> 魚肉ソーセージ,158.0,11.5,7.2,12.6,2.1,0.0,0.0,70.0,100.0,1.0,0.0
10389,10,<魚類> (あじ類) まあじ 皮なし 生,108.0,19.7,4.1,0.2,0.3,0.0,0.0,360.0,12.0,0.9,0.0
10390,10,<魚類> (あじ類) まあじ 皮つき フライ,270.0,20.1,18.2,7.9,0.4,0.0,0.0,330.0,100.0,0.8,0.0
10391,10,<魚類> (あじ類) まあじ 小型 骨付き 生,114.0,17.8,5.0,0.1,0.3,10.0,0.0,330.0,780.0,1.1,1.0
10392,10,<魚類> (あじ類) まあじ 小型 骨付き から揚げ,268.0,24.0,18.6,3.5,0.3,0.0,0.0,420.0,900.0,0.9,0.0
10393,10,<魚類> (あじ類) まるあじ 生,133.0,22.1,5.6,0.2,0.2,50.0,0.0,410.0,53.0,1.2,0.0
10394,10,<魚類> (あじ類) まるあじ 焼き,175.0,28.7,7.7,0.2,0.2,25.0,0.0,540.0,94.0,1.5,0.0
10395,10,<魚類> (いわし類) まいわし フライ,384.0,20.0,30.3,10.7,0.4,0.0,0.0,290.0,78.0,2.2,0.0
10396,10,<魚類> (いわし類) しらす 生,67.0,15.0,1.3,0.1,1.0,0.0,0.0,340.0,210.0,0.4,5.0
10397,10,<魚類> (いわし類) 缶詰 アンチョビ,157.0,24.2,6.8,0.1,13.1,0.0,0.0,140.0,150.0,2.6,0.0
10398,10,<魚類> (かじき類) めかじき 焼き,202.0,27.5,11.1,0.0,0.3,0.0,0.0,630.0,5.0,0.6,0.0
10399,10,<魚類> (かれい類) まこがれい 焼き,138.0,28.5,2.8,0.2,0.5,0.0,0.0,490.0,75.0,0.8,1.0
10400,10,<魚類> きす 天ぷら,234.0,18.4,15.2,7.8,0.3,2.0,0.7,330.0,90.0,0.2,1.0
10401,10,<魚類> ぎんだら 水煮,253.0,14.9,23.8,0.0,0.2,0.0,0.0,280.0,15.0,0.3,0.0
10402,10,<魚類> (さけ・ます類) にじます 海面養殖 皮なし 生,176.0,20.5,10.8,0.2,0.1,0.0,0.0,420.0,8.0,0.3,3.0
10403,10,<魚類> (さば類) まさば フライ,316.0,20.0,25.1,6.5,0.3,0.0,0.0,310.0,14.0,1.3,0.0
10404,10,<魚類> (さば類) ごまさば 生,131.0,23.0,5.1,0.3,0.2,50.0,0.0,420.0,12.0,1.6,0.0
10405,10,<魚類> (さば類) ごまさば 水煮,139.0,24.8,5.2,0.2,0.1,0.0,0.0,350.0,13.0,1.8,0.0
10406,10,<魚類> (さば類) ごまさば 焼き,174.0,31.1,6.6,0.3,0.2,0.0,0.0,540.0,19.0,2.2,0.0
10407,10,<魚類> さんま 皮なし 生,277.0,17.8,25.0,0.2,0.3,0.0,0.0,200.0,15.0,1.3,1.0
10408,10,<魚類> (たい類) まだい 養殖 皮なし 生,131.0,21.2,5.9,0.2,0.1,0.0,0.0,490.0,7.0,0.2,3.0
10409,10,<魚類> (たら類) すけとうだら フライ,195.0,19.2,11.9,5.7,0.4,0.0,0.0,340.0,34.0,0.4,0.0
10410,10,<魚類> ひらめ 養殖 皮なし 生,100.0,21.2,2.5,0.1,0.1,0.0,0.0,470.0,8.0,0.1,10.0
10411,10,<魚類> ぶり はまち 養殖 皮なし 生,180.0,21.0,12.0,0.3,0.1,0.0,0.0,390.0,5.0,1.1,3.0
10412,10,<魚類> ほっけ 開き干し 焼き,179.0,23.1,10.9,0.2,2.0,25.0,0.0,410.0,180.0,0.6,2.0
10413,10,<貝類> しじみ 水煮,95.0,15.4,2.7,5.5,0.3,80.0,0.0,66.0,250.0,15.0,1.0
10414,10,<貝類> ほたてがい 貝柱 焼き,123.0,23.8,0.3,4.6,0.4,0.0,0.0,480.0,13.0,0.3,1.0
10415,10,<えび・かに類> (えび類) バナメイえび 養殖 生,82.0,19.6,0.6,0.7,0.3,20.0,0.0,270.0,68.0,1.4,1.0
10416,10,<えび・かに類> (えび類) バナメイえび 養殖 天ぷら,194.0,20.0,10.3,6.5,0.3,10.0,0.9,250.0,96.0,0.5,0.0
10417,10,<いか・たこ類> (いか類) するめいか 胴 皮つき 生,78.0,18.6,0.7,0.1,0.5,0.0,0.0,330.0,10.0,0.1,2.0
10418,10,<いか・たこ類> (いか類) するめいか 胴 皮なし 生,80.0,18.6,0.6,0.1,0.5,0.0,0.0,340.0,10.0,0.1,2.0
10419,10,<いか・たこ類> (いか類) するめいか 胴 皮なし 天ぷら,175.0,16.7,10.8,6.3,0.4,0.0,0.8,280.0,26.0,0.1,1.0
10420,10,<いか・たこ類> (いか類) するめいか 耳・足 生,75.0,16.9,0.9,0.0,0.6,0.0,0.0,270.0,13.0,0.1,1.0
10421,10,<魚類> とびうお 煮干し,325.0,80.0,2.2,0.1,1.5,0.0,0.0,1200.0,1200.0,2.2,0.0
10422,10,<魚類> とびうお 焼き干し,309.0,73.4,3.3,0.1,1.8,0.0,0.0,1100.0,3200.0,2.7,0.0
10423,10,<水産練り製品> 黒はんぺん,119.0,11.2,2.9,13.7,1.4,0.0,0.9,110.0,110.0,1.0,0.0
10424,10,<魚類> かんぱち 背側 生,95.0,22.2,1.2,0.1,0.1,0.0,0.0,470.0,6.0,0.4,1.0
10425,10,<魚類> (まぐろ類) めばち 赤身 生,115.0,25.4,2.3,0.3,0.1,0.0,0.0,440.0,3.0,0.9,1.0
10426,10,<魚類> (まぐろ類) めばち 脂身 生,158.0,23.9,7.5,0.4,0.3,0.0,0.0,400.0,4.0,0.7,1.0
10427,10,<貝類> あわび くろあわび 生,76.0,14.3,0.8,3.6,1.1,55.0,0.0,160.0,25.0,2.2,1.0
10428,10,<貝類> あわび まだかあわび 生,74.0,14.6,0.4,3.3,0.8,55.0,0.0,250.0,21.0,1.8,2.0
10429,10,<貝類> あわび めがいあわび 生,74.0,12.2,0.3,6.8,0.8,55.0,0.0,230.0,19.0,0.7,1.0
10430,10,<貝類> かき 養殖 フライ,256.0,7.6,11.1,32.9,1.0,0.0,0.0,180.0,67.0,1.8,2.0
10431,10,<えび・かに類> (えび類) さくらえび 生,78.0,16.6,2.0,0.1,0.7,0.0,0.0,310.0,630.0,0.3,1.0
10432,10,<いか・たこ類> (たこ類) みずだこ 生,61.0,13.4,0.9,0.1,1.1,20.0,0.0,270.0,19.0,0.1,1.0
10433,10,<魚類> (さけ・ます類) たいせいようさけ 養殖 皮つき 水煮,236.0,22.5,18.4,0.1,0.1,0.0,0.0,330.0,12.0,0.3,1.0
10434,10,<魚類> (さけ・ます類) たいせいようさけ 養殖 皮つき 蒸し,230.0,23.8,15.8,0.1,0.1,0.0,0.0,360.0,10.0,0.3,2.0
10435,10,<魚類> (さけ・ます類) たいせいようさけ 養殖 皮つき 電子レンジ調理,223.0,22.9,15.4,0.1,0.1,0.0,0.0,380.0,8.0,0.3,2.0
10436,10,<魚類> (さけ・ます類) たいせいようさけ 養殖 皮つき ソテー,266.0,25.2,20.4,0.1,0.1,0.0,0.0,450.0,10.0,0.3,2.0
10437,10,<魚類> (さけ・ます類) たいせいようさけ 養殖 皮つき 天ぷら,282.0,21.0,20.1,5.1,0.2,0.0,0.0,410.0,27.0,0.4,2.0
10438,10,<魚類> (さけ・ます類) たいせいようさけ 養殖 皮なし 生,223.0,19.6,17.0,0.1,0.1,0.0,0.0,380.0,5.0,0.3,2.0
10439,10,<魚類> (さけ・ます類) たいせいようさけ 養殖 皮なし 水煮,244.0,22.7,17.9,0.1,0.1,10.0,0.0,350.0,5.0,0.3,2.0
10440,10,<魚類> (さけ・ます類) たいせいようさけ 養殖 皮なし 蒸し,228.0,23.2,15.8,0.1,0.1,8.0,0.0,360.0,13.0,0.3,2.0
10441,10,<魚類> (さけ・ます類) たいせいようさけ 養殖 皮なし 電子レンジ調理,231.0,22.7,16.5,0.1,0.1,8.0,0.0,400.0,6.0,0.3,2.0
10442,10,<魚類> (さけ・ます類) たいせいようさけ 養殖 皮なし 焼き,229.0,23.9,15.7,0.1,0.1,10.0,0.0,440.0,5.0,0.3,1.0
10443,10,<魚類> (さけ・ます類) たいせいようさけ 養殖 皮なし ソテー,269.0,25.8,21.0,0.1,0.1,10.0,0.0,450.0,7.0,0.3,2.0
10444,10,<魚類> (さけ・ます類) たいせいようさけ 養殖 皮なし 天ぷら,266.0,20.0,18.6,5.5,0.2,10.0,0.0,390.0,27.0,0.3,2.0
10445,10,<魚類> (いわし類) しらす 釜揚げしらす,84.0,17.6,1.7,0.0,2.1,0.0,0.0,120.0,190.0,0.3,0.0
10446,10,<魚類> (かつお類) 加工品 裸節,309.0,71.6,3.3,0.2,0.8,0.0,0.0,780.0,15.0,6.5,0.0
10447,10,<魚類> (さけ・ます類) しろさけ サケ節 削り節,346.0,77.4,3.4,0.2,0.8,0.0,0.0,840.0,51.0,2.0,0.0
10448,10,<魚類> (たら類) 加工品 桜でんぶ,351.0,10.6,0.5,80.2,2.4,0.0,0.0,43.0,300.0,0.4,0.0
10449,10,<魚類> ふな ふなずし,181.0,21.3,7.9,9.2,3.9,20.0,0.0,64.0,350.0,0.9,0.0
10450,10,<魚類> (まぐろ類) くろまぐろ 養殖 赤身 生,153.0,24.8,7.6,0.3,0.1,0.0,0.0,430.0,3.0,0.8,2.0
10451,10,<魚類> (まぐろ類) くろまぐろ 養殖 赤身 水煮,173.0,27.2,8.3,0.3,0.1,0.0,0.0,400.0,3.0,1.0,2.0
10452,10,<魚類> (まぐろ類) くろまぐろ 養殖 赤身 蒸し,187.0,28.0,9.9,0.2,0.1,0.0,0.0,410.0,3.0,0.9,2.0
10453,10,<魚類> (まぐろ類) くろまぐろ 養殖 赤身 電子レンジ調理,191.0,30.4,8.7,0.3,0.1,0.0,0.0,490.0,4.0,1.1,2.0
10454,10,<魚類> (まぐろ類) くろまぐろ 養殖 赤身 焼き,202.0,29.0,10.6,0.3,0.1,0.0,0.0,500.0,3.0,0.9,2.0
10455,10,<魚類> (まぐろ類) くろまぐろ 養殖 赤身 ソテー,194.0,28.0,10.2,0.3,0.1,0.0,0.0,470.0,3.0,0.9,2.0
10456,10,<魚類> (まぐろ類) くろまぐろ 養殖 赤身 天ぷら,222.0,25.1,12.6,3.2,0.1,0.0,0.0,440.0,13.0,1.0,1.0
10457,10,<魚類> (あじ類) にしまあじ 開き干し 生,163.0,20.0,10.2,0.0,1.4,35.0,0.0,360.0,68.0,0.7,7.0
10458,10,<魚類> (あじ類) にしまあじ 開き干し 焼き,203.0,25.2,12.3,0.1,1.9,30.0,0.0,450.0,75.0,0.9,3.0
10459,10,<魚類> (まぐろ類) くろまぐろ 養殖 脂身 生,321.0,18.6,28.9,0.3,0.1,0.0,0.0,330.0,4.0,0.6,3.0
10460,10,<魚類> (まぐろ類) くろまぐろ 養殖 脂身 水煮,330.0,21.4,27.1,0.3,0.1,0.0,0.0,290.0,3.0,0.7,3.0
10461,10,<魚類> (まぐろ類) くろまぐろ 養殖 脂身 蒸し,313.0,21.8,27.3,0.1,1.9,0.0,0.0,450.0,75.0,0.9,2.0
10462,10,<魚類> (まぐろ類) くろまぐろ 養殖 脂身 電子レンジ調理,307.0,23.1,22.7,0.2,0.1,0.0,0.0,350.0,4.0,0.8,2.0
10463,10,<魚類> (まぐろ類) くろまぐろ 養殖 脂身 焼き,342.0,23.0,28.4,0.2,0.1,0.0,0.0,360.0,4.0,0.7,3.0
10464,10,<魚類> (まぐろ類) くろまぐろ 養殖 脂身 ソテー,339.0,24.3,27.8,0.2,0.1,0.0,0.0,380.0,4.0,0.7,3.0
10465,10,<魚類> (まぐろ類) くろまぐろ 養殖 脂身 天ぷら,345.0,22.0,25.4,2.4,0.1,0.0,0.0,350.0,17.0,0.7,2.0
10466,10,<貝類> あさり 蒸し,32.0,4.9,0.8,0.4,2.0,60.0,0.0,130.0,64.0,2.1,0.0
10467,10,<えび・かに類> (えび類) アルゼンチンあかえび 生,73.0,19.1,0.7,0.0,0.8,60.0,0.0,390.0,41.0,0.3,1.0
10468,10,<えび・かに類> (えび類) アルゼンチンあかえび ゆで,95.0,22.5,1.8,0.0,0.8,60.0,0.0,350.0,56.0,0.7,0.0
10469,10,<えび・かに類> (えび類) アルゼンチンあかえび 焼き,82.0,21.0,1.4,0.1,0.9,60.0,0.0,400.0,47.0,0.7,1.0
10470,10,<いか・たこ類> (いか類) するめいか 胴 皮なし フライ,352.0,24.8,23.4,12.2,0.9,0.0,0.0,480.0,22.0,0.4,1.0
10471,10,<いか・たこ類> (たこ類) まだこ 皮なし 生,88.0,19.0,1.0,0.4,1.8,40.0,0.0,340.0,15.0,0.1,2.0
10472,10,<いか・たこ類> (たこ類) まだこ 蒸しだこ,75.0,16.8,1.2,0.2,1.2,20.0,0.0,160.0,15.0,0.1,1.0
10473,10,<いか・たこ類> (たこ類) まだこ 蒸しだこ 油いため,112.0,22.4,3.0,0.2,1.2,0.0,0.0,170.0,18.0,0.1,1.0
10474,10,<いか・たこ類> (たこ類) まだこ 蒸しだこ 素揚げ,131.0,26.0,4.0,0.2,1.4,0.0,0.0,200.0,22.0,0.1,1.0
11001,11,<畜肉類> いのしし 肉 脂身つき 生,249.0,18.8,19.8,0.5,0.1,0.0,0.0,270.0,4.0,2.5,1.0
11002,11,<畜肉類> いのぶた 肉 脂身つき 生,275.0,18.1,24.1,0.3,0.1,0.0,0.0,280.0,4.0,0.8,1.0
11003,11,<畜肉類> うさぎ 肉 赤肉 生,131.0,20.5,6.3,0.0,0.1,0.0,0.0,400.0,5.0,1.3,1.0
11004,11,<畜肉類> うし [和牛肉] かた 脂身つき 生,258.0,17.7,22.3,0.3,0.1,0.0,0.0,280.0,4.0,0.9,1.0
11005,11,<畜肉類> うし [和牛肉] かた 皮下脂肪なし 生,239.0,18.3,19.8,0.3,0.1,0.0,0.0,290.0,4.0,0.8,1.0
11006,11,<畜肉類> うし [和牛肉] かた 赤肉 生,183.0,20.2,12.2,0.3,0.1,0.0,0.0,320.0,4.0,2.7,1.0
11007,11,<畜肉類> うし [和牛肉] かた 脂身 生,692.0,4.0,78.0,0.0,0.0,0.0,0.0,81.0,2.0,0.6,0.0
11008,11,<畜肉類> うし [和牛肉] かたロース 脂身つき 生,380.0,13.8,37.4,0.2,0.1,0.0,0.0,210.0,3.0,0.7,1.0
11009,11,<畜肉類> うし [和牛肉] かたロース 皮下脂肪なし 生,373.0,14.0,36.5,0.2,0.1,0.0,0.0,210.0,3.0,0.7,1.0
11010,11,<畜肉類> うし [和牛肉] かたロース 赤肉 生,293.0,16.5,26.1,0.2,0.1,0.0,0.0,240.0,3.0,2.4,1.0
11011,11,<畜肉類> うし [和牛肉] リブロース 脂身つき 生,514.0,9.7,56.5,0.1,0.1,0.0,0.0,150.0,2.0,1.2,1.0
11012,11,<畜肉類> うし [和牛肉] リブロース 皮下脂肪なし 生,502.0,10.3,54.4,0.1,0.1,0.0,0.0,160.0,3.0,1.3,1.0
11013,11,<畜肉類> うし [和牛肉] リブロース 赤肉 生,395.0,14.0,40.0,0.2,0.1,0.0,0.0,210.0,3.0,1.7,1.0
11014,11,<畜肉類> うし [和牛肉] リブロース 脂身 生,674.0,4.2,78.0,0.0,0.1,0.0,0.0,69.0,2.0,0.6,0.0
11015,11,<畜肉類> うし [和牛肉] サーロイン 脂身つき 生,460.0,11.7,47.5,0.3,0.1,0.0,0.0,180.0,3.0,0.9,1.0
11016,11,<畜肉類> うし [和牛肉] サーロイン 皮下脂肪なし 生,422.0,12.9,42.5,0.3,0.1,0.0,0.0,200.0,3.0,0.8,1.0
11017,11,<畜肉類> うし [和牛肉] サーロイン 赤肉 生,294.0,17.1,25.8,0.4,0.1,0.0,0.0,260.0,4.0,2.0,1.0
11018,11,<畜肉類> うし [和牛肉] ばら 脂身つき 生,472.0,11.0,50.0,0.1,0.1,0.0,0.0,160.0,4.0,1.4,1.0
11019,11,<畜肉類> うし [和牛肉] もも 脂身つき 生,235.0,19.2,18.7,0.5,0.1,0.0,0.0,320.0,4.0,2.5,1.0
11020,11,<畜肉類> うし [和牛肉] もも 皮下脂肪なし 生,212.0,20.2,15.5,0.6,0.1,0.0,0.0,330.0,4.0,2.7,1.0
11021,11,<畜肉類> うし [和牛肉] もも 赤肉 生,176.0,21.3,10.7,0.6,0.1,0.0,0.0,350.0,4.0,2.8,1.0
11022,11,<畜肉類> うし [和牛肉] もも 脂身 生,664.0,4.4,75.4,0.0,0.1,0.0,0.0,99.0,2.0,0.8,1.0
11023,11,<畜肉類> うし [和牛肉] そともも 脂身つき 生,244.0,17.8,20.0,0.5,0.1,0.0,0.0,310.0,3.0,1.1,1.0
11024,11,<畜肉類> うし [和牛肉] そともも 皮下脂肪なし 生,219.0,18.7,16.6,0.5,0.1,0.0,0.0,320.0,3.0,1.0,1.0
11025,11,<畜肉類> うし [和牛肉] そともも 赤肉 生,159.0,20.7,8.7,0.6,0.1,0.0,0.0,360.0,3.0,2.4,1.0
11026,11,<畜肉類> うし [和牛肉] ランプ 脂身つき 生,319.0,15.1,29.9,0.4,0.1,0.0,0.0,260.0,3.0,1.4,1.0
11027,11,<畜肉類> うし [和牛肉] ランプ 皮下脂肪なし 生,293.0,16.0,26.4,0.4,0.1,0.0,0.0,270.0,3.0,1.3,1.0
11028,11,<畜肉類> うし [和牛肉] ランプ 赤肉 生,196.0,19.2,13.6,0.5,0.1,0.0,0.0,320.0,3.0,2.9,1.0
11029,11,<畜肉類> うし [和牛肉] ヒレ 赤肉 生,207.0,19.1,15.0,0.3,0.1,0.0,0.0,340.0,3.0,2.5,1.0
11030,11,<畜肉類> うし [乳用肥育牛肉] かた 脂身つき 生,231.0,17.1,19.8,0.3,0.2,0.0,0.0,290.0,4.0,2.1,1.0
11031,11,<畜肉類> うし [乳用肥育牛肉] かた 皮下脂肪なし 生,193.0,17.9,14.9,0.4,0.1,0.0,0.0,310.0,4.0,0.9,1.0
11032,11,<畜肉類> うし [乳用肥育牛肉] かた 赤肉 生,138.0,20.4,6.7,0.2,0.2,0.0,0.0,340.0,4.0,2.5,1.0
11033,11,<畜肉類> うし [乳用肥育牛肉] かた 脂身 生,650.0,4.5,73.3,0.0,0.1,0.0,0.0,84.0,2.0,0.7,1.0
11034,11,<畜肉類> うし [乳用肥育牛肉] かたロース 脂身つき 生,295.0,16.2,26.4,0.2,0.1,0.0,0.0,260.0,4.0,0.9,1.0
11035,11,<畜肉類> うし [乳用肥育牛肉] かたロース 皮下脂肪なし 生,285.0,16.5,25.2,0.2,0.1,0.0,0.0,270.0,4.0,0.9,1.0
11036,11,<畜肉類> うし [乳用肥育牛肉] かたロース 赤肉 生,196.0,19.1,13.9,0.2,0.1,0.0,0.0,310.0,4.0,2.4,1.0
11037,11,<畜肉類> うし [乳用肥育牛肉] リブロース 脂身つき 生,380.0,14.1,37.1,0.2,0.1,0.0,0.0,230.0,4.0,1.0,1.0
11038,11,<畜肉類> うし [乳用肥育牛肉] リブロース 脂身つき 焼き,457.0,20.4,45.0,0.3,0.1,0.0,0.0,290.0,4.0,1.4,1.0
11039,11,<畜肉類> うし [乳用肥育牛肉] リブロース 脂身つき ゆで,428.0,17.2,43.0,0.3,0.1,0.0,0.0,130.0,5.0,1.2,0.0
11040,11,<畜肉類> うし [乳用肥育牛肉] リブロース 皮下脂肪なし 生,351.0,15.0,33.4,0.2,0.1,0.0,0.0,240.0,4.0,0.9,1.0
11041,11,<畜肉類> うし [乳用肥育牛肉] リブロース 赤肉 生,230.0,18.8,17.8,0.3,0.1,0.0,0.0,300.0,4.0,2.1,2.0
11042,11,<畜肉類> うし [乳用肥育牛肉] リブロース 脂身 生,703.0,3.7,80.5,0.0,0.0,0.0,0.0,72.0,3.0,0.6,1.0
11043,11,<畜肉類> うし [乳用肥育牛肉] サーロイン 脂身つき 生,313.0,16.5,27.9,0.4,0.1,0.0,0.0,270.0,4.0,1.0,1.0
11044,11,<畜肉類> うし [乳用肥育牛肉] サーロイン 皮下脂肪なし 生,253.0,18.4,20.2,0.5,0.1,0.0,0.0,300.0,4.0,0.8,1.0
11045,11,<畜肉類> うし [乳用肥育牛肉] サーロイン 赤肉 生,167.0,21.1,9.1,0.6,0.2,0.0,0.0,340.0,4.0,2.1,2.0
11046,11,<畜肉類> うし [乳用肥育牛肉] ばら 脂身つき 生,381.0,12.8,39.4,0.3,0.1,0.0,0.0,190.0,3.0,1.4,1.0
11047,11,<畜肉類> うし [乳用肥育牛肉] もも 脂身つき 生,196.0,19.5,13.3,0.4,0.1,0.0,0.0,330.0,4.0,1.4,1.0
11048,11,<畜肉類> うし [乳用肥育牛肉] もも 皮下脂肪なし 生,169.0,20.5,9.9,0.4,0.1,0.0,0.0,340.0,4.0,1.3,1.0
11049,11,<畜肉類> うし [乳用肥育牛肉] もも 皮下脂肪なし 焼き,227.0,28.0,13.2,0.6,0.2,0.0,0.0,430.0,5.0,1.7,1.0
11050,11,<畜肉類> うし [乳用肥育牛肉] もも 皮下脂肪なし ゆで,235.0,28.4,13.8,0.6,0.1,0.0,0.0,220.0,5.0,1.7,0.0
11051,11,<畜肉類> うし [乳用肥育牛肉] もも 赤肉 生,130.0,21.9,4.9,0.4,0.1,0.0,0.0,360.0,4.0,2.7,1.0
11052,11,<畜肉類> うし [乳用肥育牛肉] もも 脂身 生,594.0,5.1,64.1,0.2,0.1,0.0,0.0,140.0,2.0,1.1,1.0
11053,11,<畜肉類> うし [乳用肥育牛肉] そともも 脂身つき 生,220.0,18.2,16.3,0.6,0.1,0.0,0.0,310.0,4.0,1.4,1.0
11054,11,<畜肉類> うし [乳用肥育牛肉] そともも 皮下脂肪なし 生,179.0,19.6,11.1,0.6,0.1,0.0,0.0,330.0,4.0,1.3,1.0
11055,11,<畜肉類> うし [乳用肥育牛肉] そともも 赤肉 生,131.0,21.3,5.0,0.7,0.2,0.0,0.0,360.0,4.0,2.4,1.0
11056,11,<畜肉類> うし [乳用肥育牛肉] ランプ 脂身つき 生,234.0,18.6,17.8,0.6,0.1,0.0,0.0,300.0,4.0,1.4,1.0
11057,11,<畜肉類> うし [乳用肥育牛肉] ランプ 皮下脂肪なし 生,203.0,19.7,13.9,0.6,0.1,0.0,0.0,310.0,4.0,1.3,1.0
11058,11,<畜肉類> うし [乳用肥育牛肉] ランプ 赤肉 生,142.0,22.0,6.1,0.7,0.2,0.0,0.0,340.0,4.0,2.7,2.0
11059,11,<畜肉類> うし [乳用肥育牛肉] ヒレ 赤肉 生,177.0,20.8,11.2,0.5,0.1,0.0,0.0,380.0,4.0,2.4,1.0
11060,11,<畜肉類> うし [輸入牛肉] かた 脂身つき 生,160.0,19.0,10.6,0.1,0.1,0.0,0.0,320.0,4.0,1.1,1.0
11061,11,<畜肉類> うし [輸入牛肉] かた 皮下脂肪なし 生,138.0,19.6,7.8,0.1,0.1,0.0,0.0,330.0,4.0,1.0,1.0
11062,11,<畜肉類> うし [輸入牛肉] かた 赤肉 生,114.0,20.4,4.6,0.1,0.1,0.0,0.0,340.0,4.0,2.4,1.0
11063,11,<畜肉類> うし [輸入牛肉] かた 脂身 生,537.0,7.1,60.5,0.0,0.1,0.0,0.0,140.0,6.0,0.9,1.0
11064,11,<畜肉類> うし [輸入牛肉] かたロース 脂身つき 生,221.0,17.9,17.4,0.1,0.1,0.0,0.0,300.0,4.0,1.2,1.0
11065,11,<畜肉類> うし [輸入牛肉] かたロース 皮下脂肪なし 生,219.0,18.0,17.1,0.1,0.1,0.0,0.0,300.0,4.0,1.2,1.0
11066,11,<畜肉類> うし [輸入牛肉] かたロース 赤肉 生,160.0,19.7,9.5,0.1,0.1,0.0,0.0,320.0,4.0,2.4,2.0
11067,11,<畜肉類> うし [輸入牛肉] リブロース 脂身つき 生,212.0,20.1,15.4,0.4,0.1,0.0,0.0,330.0,4.0,2.2,2.0
11068,11,<畜肉類> うし [輸入牛肉] リブロース 皮下脂肪なし 生,203.0,20.3,14.4,0.4,0.1,0.0,0.0,330.0,4.0,2.2,2.0
11069,11,<畜肉類> うし [輸入牛肉] リブロース 赤肉 生,163.0,21.7,9.1,0.4,0.1,0.0,0.0,350.0,4.0,2.3,2.0
11070,11,<畜肉類> うし [輸入牛肉] リブロース 脂身 生,653.0,5.7,73.1,0.1,0.0,0.0,0.0,130.0,1.0,1.1,0.0
11071,11,<畜肉類> うし [輸入牛肉] サーロイン 脂身つき 生,273.0,17.4,23.7,0.4,0.1,0.0,0.0,290.0,3.0,1.4,1.0
11072,11,<畜肉類> うし [輸入牛肉] サーロイン 皮下脂肪なし 生,218.0,19.1,16.5,0.4,0.1,0.0,0.0,320.0,4.0,1.3,1.0
11073,11,<畜肉類> うし [輸入牛肉] サーロイン 赤肉 生,127.0,22.0,4.4,0.5,0.1,0.0,0.0,360.0,4.0,2.2,2.0
11074,11,<畜肉類> うし [輸入牛肉] ばら 脂身つき 生,338.0,14.4,32.9,0.2,0.1,0.0,0.0,230.0,4.0,1.5,1.0
11075,11,<畜肉類> うし [輸入牛肉] もも 脂身つき 生,148.0,19.6,8.6,0.4,0.1,0.0,0.0,310.0,3.0,2.4,1.0
11076,11,<畜肉類> うし [輸入牛肉] もも 皮下脂肪なし 生,133.0,20.0,6.7,0.4,0.1,0.0,0.0,320.0,3.0,2.5,1.0
11077,11,<畜肉類> うし [輸入牛肉] もも 赤肉 生,117.0,21.2,4.3,0.4,0.1,0.0,0.0,340.0,4.0,2.6,1.0
11078,11,<畜肉類> うし [輸入牛肉] もも 脂身 生,580.0,6.3,64.4,0.2,0.0,0.0,0.0,120.0,2.0,0.9,1.0
11079,11,<畜肉類> うし [輸入牛肉] そともも 脂身つき 生,197.0,18.7,14.3,0.3,0.1,0.0,0.0,320.0,4.0,1.1,1.0
11080,11,<畜肉類> うし [輸入牛肉] そともも 皮下脂肪なし 生,178.0,19.3,11.9,0.3,0.1,0.0,0.0,330.0,4.0,1.0,1.0
11081,11,<畜肉類> うし [輸入牛肉] そともも 赤肉 生,117.0,21.2,3.9,0.3,0.1,0.0,0.0,360.0,4.0,1.9,1.0
11082,11,<畜肉類> うし [輸入牛肉] ランプ 脂身つき 生,214.0,18.4,16.4,0.4,0.1,0.0,0.0,310.0,3.0,1.3,1.0
11083,11,<畜肉類> うし [輸入牛肉] ランプ 皮下脂肪なし 生,174.0,19.7,11.1,0.5,0.1,0.0,0.0,330.0,4.0,1.1,1.0
11084,11,<畜肉類> うし [輸入牛肉] ランプ 赤肉 生,112.0,21.6,3.0,0.5,0.1,0.0,0.0,360.0,4.0,2.6,1.0
11085,11,<畜肉類> うし [輸入牛肉] ヒレ 赤肉 生,123.0,20.5,4.8,0.3,0.1,0.0,0.0,370.0,4.0,2.8,1.0
11086,11,<畜肉類> うし [子牛肉] リブロース 皮下脂肪なし 生,94.0,21.7,0.9,0.3,0.2,0.0,0.0,360.0,5.0,1.6,1.0
11087,11,<畜肉類> うし [子牛肉] ばら 皮下脂肪なし 生,113.0,20.9,3.6,0.0,0.3,0.0,0.0,320.0,6.0,1.7,1.0
11088,11,<畜肉類> うし [子牛肉] もも 皮下脂肪なし 生,107.0,21.2,2.7,0.2,0.1,0.0,0.0,390.0,5.0,1.3,1.0
11089,11,<畜肉類> うし [ひき肉] 生,251.0,17.1,21.1,0.3,0.2,0.0,0.0,260.0,6.0,2.4,1.0
11090,11,<畜肉類> うし [副生物] 舌 生,318.0,13.3,31.8,0.2,0.2,0.0,0.0,230.0,3.0,2.0,1.0
11091,11,<畜肉類> うし [副生物] 心臓 生,128.0,16.5,7.6,0.1,0.2,0.0,0.0,260.0,5.0,3.3,4.0
11092,11,<畜肉類> うし [副生物] 肝臓 生,119.0,19.6,3.7,3.7,0.1,0.0,0.0,300.0,5.0,4.0,30.0
11093,11,<畜肉類> うし [副生物] じん臓 生,118.0,16.7,6.4,0.2,0.2,0.0,0.0,280.0,6.0,4.5,3.0
11094,11,<畜肉類> うし [副生物] 第一胃 ゆで,166.0,24.5,8.4,0.0,0.1,0.0,0.0,130.0,11.0,0.7,2.0
11095,11,<畜肉類> うし [副生物] 第二胃 ゆで,186.0,12.4,15.7,0.0,0.1,0.0,0.0,64.0,7.0,0.6,0.0
11096,11,<畜肉類> うし [副生物] 第三胃 生,57.0,11.7,1.3,0.0,0.1,0.0,0.0,83.0,16.0,6.8,4.0
11097,11,<畜肉類> うし [副生物] 第四胃 ゆで,308.0,11.1,30.0,0.0,0.1,0.0,0.0,51.0,8.0,1.8,0.0
11098,11,<畜肉類> うし [副生物] 小腸 生,268.0,9.9,26.1,0.0,0.2,0.0,0.0,180.0,7.0,1.2,15.0
11099,11,<畜肉類> うし [副生物] 大腸 生,150.0,9.3,13.0,0.0,0.2,0.0,0.0,120.0,9.0,0.8,6.0
11100,11,<畜肉類> うし [副生物] 直腸 生,106.0,11.6,7.0,0.0,0.2,0.0,0.0,190.0,9.0,0.6,6.0
11101,11,<畜肉類> うし [副生物] 腱 ゆで,157.0,31.0,5.1,0.0,0.2,0.0,0.0,18.0,14.0,0.4,0.0
11102,11,<畜肉類> うし [副生物] 子宮 ゆで,95.0,18.4,3.0,0.0,0.2,0.0,0.0,74.0,8.0,1.2,0.0
11103,11,<畜肉類> うし [副生物] 尾 生,440.0,11.6,47.1,0.0,0.1,40.0,0.0,110.0,7.0,2.0,1.0
11104,11,<畜肉類> うし [加工品] ローストビーフ,190.0,21.7,11.7,0.9,0.8,0.0,0.0,260.0,6.0,2.3,0.0
11105,11,<畜肉類> うし [加工品] コンビーフ缶詰,191.0,19.8,13.0,1.7,1.8,0.0,0.0,110.0,15.0,3.5,0.0
11106,11,<畜肉類> うし [加工品] 味付け缶詰,156.0,19.2,4.4,9.9,1.8,0.0,0.0,180.0,8.0,3.4,0.0
11107,11,<畜肉類> うし [加工品] ビーフジャーキー,304.0,54.8,7.8,6.4,4.8,0.0,0.0,760.0,13.0,6.4,1.0
11108,11,<畜肉類> うし [加工品] スモークタン,273.0,18.1,23.0,0.9,1.6,0.0,0.0,190.0,6.0,2.6,1.0
11109,11,<畜肉類> うま 肉 赤肉 生,102.0,20.1,2.5,0.3,0.1,0.0,0.0,300.0,11.0,4.3,1.0
11110,11,<畜肉類> くじら 肉 赤肉 生,100.0,24.1,0.4,0.2,0.2,0.0,0.0,260.0,3.0,2.5,1.0
11111,11,<畜肉類> くじら うねす 生,328.0,18.8,31.4,0.2,0.4,0.0,0.0,70.0,8.0,0.4,6.0
11112,11,<畜肉類> くじら 本皮 生,577.0,9.7,68.8,0.2,0.1,0.0,0.0,44.0,6.0,0.2,5.0
11113,11,<畜肉類> くじら さらしくじら,28.0,5.3,0.9,0.0,0.0,0.0,0.0,0.0,1.0,0.0,0.0
11114,11,<畜肉類> しか あかしか 赤肉 生,102.0,22.3,1.5,0.5,0.1,0.0,0.0,350.0,4.0,3.1,1.0
11115,11,<畜肉類> ぶた [大型種肉] かた 脂身つき 生,201.0,18.5,14.6,0.2,0.1,0.0,0.0,320.0,4.0,0.5,2.0
11116,11,<畜肉類> ぶた [大型種肉] かた 皮下脂肪なし 生,158.0,19.7,9.3,0.2,0.1,0.0,0.0,340.0,4.0,0.4,2.0
11117,11,<畜肉類> ぶた [大型種肉] かた 赤肉 生,114.0,20.9,3.8,0.2,0.1,0.0,0.0,360.0,4.0,1.1,2.0
11118,11,<畜肉類> ぶた [大型種肉] かた 脂身 生,663.0,5.3,72.4,0.0,0.1,0.0,0.0,98.0,2.0,0.4,1.0
11119,11,<畜肉類> ぶた [大型種肉] かたロース 脂身つき 生,237.0,17.1,19.2,0.1,0.1,0.0,0.0,300.0,4.0,0.6,2.0
11120,11,<畜肉類> ぶた [大型種肉] かたロース 皮下脂肪なし 生,212.0,17.8,16.0,0.1,0.1,0.0,0.0,310.0,4.0,0.5,2.0
11121,11,<畜肉類> ぶた [大型種肉] かたロース 赤肉 生,146.0,19.7,7.8,0.1,0.2,0.0,0.0,340.0,4.0,1.1,2.0
11122,11,<畜肉類> ぶた [大型種肉] かたロース 脂身 生,644.0,5.4,70.7,0.0,0.1,0.0,0.0,110.0,2.0,0.4,1.0
11123,11,<畜肉類> ぶた [大型種肉] ロース 脂身つき 生,248.0,19.3,19.2,0.2,0.1,0.0,0.0,310.0,4.0,0.3,1.0
11124,11,<畜肉類> ぶた [大型種肉] ロース 脂身つき 焼き,310.0,26.7,22.7,0.3,0.1,0.0,0.0,400.0,6.0,0.4,1.0
11125,11,<畜肉類> ぶた [大型種肉] ロース 脂身つき ゆで,299.0,23.9,24.1,0.3,0.1,0.0,0.0,180.0,5.0,0.4,0.0
11126,11,<畜肉類> ぶた [大型種肉] ロース 皮下脂肪なし 生,190.0,21.1,11.9,0.3,0.1,0.0,0.0,340.0,5.0,0.3,1.0
11127,11,<畜肉類> ぶた [大型種肉] ロース 赤肉 生,140.0,22.7,5.6,0.3,0.1,0.0,0.0,360.0,5.0,0.7,1.0
11128,11,<畜肉類> ぶた [大型種肉] ロース 脂身 生,695.0,5.1,76.3,0.0,0.0,0.0,0.0,110.0,1.0,0.2,1.0
11129,11,<畜肉類> ぶた [大型種肉] ばら 脂身つき 生,366.0,14.4,35.4,0.1,0.1,0.0,0.0,240.0,3.0,0.6,1.0
11130,11,<畜肉類> ぶた [大型種肉] もも 脂身つき 生,171.0,20.5,10.2,0.2,0.1,0.0,0.0,350.0,4.0,0.7,1.0
11131,11,<畜肉類> ぶた [大型種肉] もも 皮下脂肪なし 生,138.0,21.5,6.0,0.2,0.1,0.0,0.0,360.0,4.0,0.7,1.0
11132,11,<畜肉類> ぶた [大型種肉] もも 皮下脂肪なし 焼き,186.0,30.2,7.6,0.3,0.1,0.0,0.0,450.0,5.0,1.0,1.0
11133,11,<畜肉類> ぶた [大型種肉] もも 皮下脂肪なし ゆで,185.0,28.9,8.1,0.3,0.1,0.0,0.0,200.0,5.0,0.9,1.0
11134,11,<畜肉類> ぶた [大型種肉] もも 赤肉 生,119.0,22.1,3.6,0.2,0.1,0.0,0.0,370.0,4.0,0.9,1.0
11135,11,<畜肉類> ぶた [大型種肉] もも 脂身 生,611.0,6.5,67.6,0.0,0.1,0.0,0.0,140.0,1.0,0.7,1.0
11136,11,<畜肉類> ぶた [大型種肉] そともも 脂身つき 生,221.0,18.8,16.5,0.2,0.1,0.0,0.0,320.0,4.0,0.5,1.0
11137,11,<畜肉類> ぶた [大型種肉] そともも 皮下脂肪なし 生,175.0,20.2,10.7,0.2,0.1,0.0,0.0,340.0,4.0,0.5,2.0
11138,11,<畜肉類> ぶた [大型種肉] そともも 赤肉 生,133.0,21.4,5.5,0.2,0.1,0.0,0.0,360.0,4.0,0.9,2.0
11139,11,<畜肉類> ぶた [大型種肉] そともも 脂身 生,631.0,6.6,68.1,0.0,0.1,0.0,0.0,130.0,1.0,0.5,1.0
11140,11,<畜肉類> ぶた [大型種肉] ヒレ 赤肉 生,118.0,22.2,3.7,0.3,0.1,0.0,0.0,430.0,3.0,0.9,1.0
11141,11,<畜肉類> ぶた [中型種肉] かた 脂身つき 生,224.0,18.3,17.2,0.0,0.1,0.0,0.0,320.0,4.0,0.5,1.0
11142,11,<畜肉類> ぶた [中型種肉] かた 皮下脂肪なし 生,172.0,19.7,10.8,0.0,0.1,0.0,0.0,350.0,5.0,0.5,1.0
11143,11,<畜肉類> ぶた [中型種肉] かた 赤肉 生,113.0,21.4,3.5,0.0,0.2,0.0,0.0,380.0,5.0,1.2,2.0
11144,11,<畜肉類> ぶた [中型種肉] かた 脂身 生,698.0,4.9,75.7,0.0,0.1,0.0,0.0,91.0,2.0,0.4,1.0
11145,11,<畜肉類> ぶた [中型種肉] かたロース 脂身つき 生,241.0,17.7,19.3,0.0,0.1,0.0,0.0,310.0,4.0,0.7,1.0
11146,11,<畜肉類> ぶた [中型種肉] かたロース 皮下脂肪なし 生,212.0,18.5,15.7,0.0,0.1,0.0,0.0,330.0,4.0,0.6,1.0
11147,11,<畜肉類> ぶた [中型種肉] かたロース 赤肉 生,140.0,20.6,6.8,0.0,0.2,0.0,0.0,360.0,4.0,1.3,2.0
11148,11,<畜肉類> ぶた [中型種肉] かたロース 脂身 生,663.0,5.4,71.9,0.0,0.1,0.0,0.0,110.0,2.0,0.5,0.0
11149,11,<畜肉類> ぶた [中型種肉] ロース 脂身つき 生,275.0,18.3,22.6,0.2,0.1,0.0,0.0,310.0,3.0,0.3,1.0
11150,11,<畜肉類> ぶた [中型種肉] ロース 皮下脂肪なし 生,203.0,20.6,13.6,0.2,0.1,0.0,0.0,340.0,4.0,0.2,1.0
11151,11,<畜肉類> ぶた [中型種肉] ロース 赤肉 生,131.0,22.9,4.6,0.2,0.1,0.0,0.0,380.0,4.0,0.6,1.0
11152,11,<畜肉類> ぶた [中型種肉] ロース 脂身 生,716.0,4.1,78.3,0.0,0.0,0.0,0.0,82.0,1.0,0.2,1.0
11153,11,<畜肉類> ぶた [中型種肉] ばら 脂身つき 生,398.0,13.4,40.1,0.0,0.1,0.0,0.0,220.0,3.0,0.6,1.0
11154,11,<畜肉類> ぶた [中型種肉] もも 脂身つき 生,211.0,19.5,15.1,0.2,0.1,0.0,0.0,330.0,4.0,0.5,1.0
11155,11,<畜肉類> ぶた [中型種肉] もも 皮下脂肪なし 生,153.0,21.3,7.8,0.2,0.1,0.0,0.0,360.0,4.0,0.5,1.0
11156,11,<畜肉類> ぶた [中型種肉] もも 赤肉 生,133.0,21.9,5.3,0.2,0.1,0.0,0.0,370.0,4.0,0.9,1.0
11157,11,<畜肉類> ぶた [中型種肉] もも 脂身 生,672.0,5.2,73.8,0.0,0.0,0.0,0.0,110.0,1.0,0.5,0.0
11158,11,<畜肉類> ぶた [中型種肉] そともも 脂身つき 生,252.0,18.0,20.3,0.2,0.1,0.0,0.0,320.0,4.0,0.6,1.0
11159,11,<畜肉類> ぶた [中型種肉] そともも 皮下脂肪なし 生,159.0,21.0,8.5,0.2,0.1,0.0,0.0,360.0,4.0,0.5,1.0
11160,11,<畜肉類> ぶた [中型種肉] そともも 赤肉 生,129.0,21.9,4.8,0.2,0.1,0.0,0.0,380.0,4.0,1.1,1.0
11161,11,<畜肉類> ぶた [中型種肉] そともも 脂身 生,660.0,4.9,72.5,0.0,0.1,0.0,0.0,120.0,1.0,0.5,0.0
11162,11,<畜肉類> ぶた [中型種肉] ヒレ 赤肉 生,105.0,22.7,1.7,0.1,0.1,0.0,0.0,400.0,4.0,1.2,1.0
11163,11,<畜肉類> ぶた [ひき肉] 生,209.0,17.7,17.2,0.1,0.1,0.0,0.0,290.0,6.0,1.0,1.0
11164,11,<畜肉類> ぶた [副生物] 舌 生,205.0,15.9,16.3,0.1,0.2,0.0,0.0,220.0,8.0,2.3,3.0
11165,11,<畜肉類> ぶた [副生物] 心臓 生,118.0,16.2,7.0,0.1,0.2,0.0,0.0,270.0,5.0,3.5,4.0
11166,11,<畜肉類> ぶた [副生物] 肝臓 生,114.0,20.4,3.4,2.5,0.1,0.0,0.0,290.0,5.0,13.0,20.0
11167,11,<畜肉類> ぶた [副生物] じん臓 生,96.0,14.1,5.8,0.0,0.4,0.0,0.0,200.0,7.0,3.7,15.0
11168,11,<畜肉類> ぶた [副生物] 胃 ゆで,111.0,17.4,5.1,0.0,0.3,0.0,0.0,150.0,9.0,1.5,5.0
11169,11,<畜肉類> ぶた [副生物] 小腸 ゆで,159.0,14.0,11.9,0.0,0.0,0.0,0.0,14.0,21.0,1.4,0.0
11170,11,<畜肉類> ぶた [副生物] 大腸 ゆで,166.0,11.7,13.8,0.0,0.1,0.0,0.0,27.0,15.0,1.6,0.0
11171,11,<畜肉類> ぶた [副生物] 子宮 生,64.0,14.6,0.9,0.0,0.3,0.0,0.0,150.0,7.0,1.9,11.0
11172,11,<畜肉類> ぶた [副生物] 豚足 ゆで,227.0,20.1,16.8,0.0,0.3,40.0,0.0,50.0,12.0,1.4,0.0
11173,11,<畜肉類> ぶた [副生物] 軟骨 ゆで,229.0,17.8,17.9,0.0,0.3,0.0,0.0,110.0,100.0,1.6,2.0
11174,11,<畜肉類> ぶた [ハム類] 骨付きハム,208.0,16.7,16.6,0.8,2.5,10.0,0.0,200.0,6.0,0.7,39.0
11175,11,<畜肉類> ぶた [ハム類] ボンレスハム,115.0,18.7,4.0,1.8,2.8,0.0,0.0,260.0,8.0,0.7,49.0
11176,11,<畜肉類> ぶた [ハム類] ロースハム ロースハム,211.0,18.6,14.5,2.0,2.3,0.0,0.0,290.0,4.0,0.5,25.0
11177,11,<畜肉類> ぶた [ハム類] ショルダーハム,221.0,16.1,18.2,0.6,1.6,0.0,0.0,290.0,7.0,1.0,55.0
11178,11,<畜肉類> ぶた [プレスハム類] プレスハム,113.0,15.4,4.5,3.9,2.4,0.0,0.0,150.0,8.0,1.2,43.0
11179,11,<畜肉類> めんよう 混合プレスハム,100.0,14.4,4.1,3.0,2.2,0.0,0.0,140.0,11.0,1.1,31.0
11180,11,<畜肉類> ぶた [プレスハム類] チョップドハム,132.0,11.7,4.2,12.7,2.5,0.0,0.0,290.0,15.0,0.8,32.0
11181,11,<畜肉類> ぶた [ハム類] 生ハム 促成,243.0,24.0,16.6,0.5,5.8,0.0,0.0,470.0,6.0,0.7,18.0
11182,11,<畜肉類> ぶた [ハム類] 生ハム 長期熟成,253.0,25.7,18.4,0.0,5.6,0.0,0.0,480.0,11.0,1.2,0.0
11183,11,<畜肉類> ぶた [ベーコン類] ばらベーコン ばらベーコン,241.0,15.4,19.4,3.2,2.6,0.0,0.0,230.0,4.0,0.4,69.0
11184,11,<畜肉類> ぶた [ベーコン類] ロースベーコン,202.0,16.8,14.6,3.2,2.2,0.0,0.0,260.0,6.0,0.5,50.0
11185,11,<畜肉類> ぶた [ベーコン類] ショルダーベーコン,178.0,17.2,11.9,2.5,2.4,0.0,0.0,240.0,12.0,0.8,39.0
11186,11,<畜肉類> ぶた [ソーセージ類] ウインナーソーセージ ウインナーソーセージ,319.0,11.5,30.6,3.3,1.9,0.0,0.0,180.0,6.0,0.5,32.0
11187,11,<畜肉類> ぶた [ソーセージ類] セミドライソーセージ,335.0,16.9,29.7,2.9,2.9,0.0,0.0,240.0,34.0,2.2,14.0
11188,11,<畜肉類> ぶた [ソーセージ類] ドライソーセージ,467.0,26.7,42.0,2.6,4.4,0.0,0.0,430.0,27.0,2.6,3.0
11189,11,<畜肉類> ぶた [ソーセージ類] フランクフルトソーセージ,295.0,12.7,24.7,6.2,1.9,0.0,0.0,200.0,12.0,0.9,10.0
11190,11,<畜肉類> ぶた [ソーセージ類] ボロニアソーセージ,242.0,12.5,21.0,2.9,2.1,0.0,0.0,180.0,9.0,1.0,10.0
11191,11,<畜肉類> ぶた [ソーセージ類] リオナソーセージ,188.0,14.9,13.1,3.7,2.3,0.0,0.0,200.0,13.0,1.0,43.0
11192,11,<畜肉類> ぶた [ソーセージ類] レバーソーセージ,324.0,14.7,33.5,1.9,1.7,0.0,0.0,150.0,16.0,3.2,5.0
11193,11,<畜肉類> ぶた [ソーセージ類] 混合ソーセージ,231.0,11.8,22.7,4.7,2.2,0.0,0.0,110.0,17.0,1.3,35.0
11194,11,<畜肉類> ぶた [ソーセージ類] 生ソーセージ,269.0,14.0,24.4,0.8,1.7,0.0,0.0,200.0,8.0,0.9,2.0
11195,11,<畜肉類> ぶた [その他] 焼き豚,166.0,19.4,8.2,5.1,2.4,0.0,0.0,290.0,9.0,0.7,20.0
11196,11,<畜肉類> ぶた [その他] レバーペースト,370.0,12.9,34.7,3.6,2.2,0.0,0.0,160.0,27.0,7.7,3.0
11197,11,<畜肉類> ぶた [その他] スモークレバー,182.0,29.6,7.7,2.6,1.8,0.0,0.0,280.0,8.0,20.0,10.0
11198,11,<畜肉類> ぶた [その他] ゼラチン,347.0,87.6,0.3,0.0,0.7,0.0,0.0,8.0,16.0,0.7,0.0
11199,11,<畜肉類> めんよう [マトン] ロース 脂身つき 生,192.0,19.3,15.0,0.2,0.2,0.0,0.0,330.0,3.0,2.7,1.0
11200,11,<畜肉類> めんよう [マトン] もも 脂身つき 生,205.0,18.8,15.3,0.1,0.1,0.0,0.0,230.0,4.0,2.5,1.0
11201,11,<畜肉類> めんよう [ラム] かた 脂身つき 生,214.0,17.1,17.1,0.1,0.2,0.0,0.0,310.0,4.0,2.2,1.0
11202,11,<畜肉類> めんよう [ラム] ロース 脂身つき 生,287.0,15.6,25.9,0.2,0.2,0.0,0.0,250.0,10.0,1.2,1.0
11203,11,<畜肉類> めんよう [ラム] もも 脂身つき 生,164.0,20.0,12.0,0.3,0.2,0.0,0.0,340.0,3.0,2.0,1.0
11204,11,<畜肉類> やぎ 肉 赤肉 生,99.0,21.9,1.5,0.2,0.1,0.0,0.0,310.0,7.0,3.8,1.0
11205,11,<鳥肉類> かも あいがも 肉 皮つき 生,304.0,14.2,29.0,0.1,0.2,0.0,0.0,220.0,5.0,1.9,1.0
11206,11,<鳥肉類> かも あひる 肉 皮つき 生,237.0,14.9,19.8,0.1,0.2,0.0,0.0,250.0,5.0,1.6,2.0
11207,11,<鳥肉類> うずら 肉 皮つき 生,194.0,20.5,12.9,0.1,0.1,0.0,0.0,280.0,15.0,2.9,0.0
11208,11,<鳥肉類> かも まがも 肉 皮なし 生,118.0,23.6,3.0,0.1,0.2,0.0,0.0,400.0,5.0,4.3,1.0
11209,11,<鳥肉類> きじ 肉 皮なし 生,101.0,23.0,1.1,0.1,0.1,0.0,0.0,220.0,8.0,1.0,1.0
11210,11,<鳥肉類> しちめんちょう 肉 皮なし 生,99.0,23.5,0.7,0.1,0.1,0.0,0.0,190.0,8.0,1.1,2.0
11211,11,<鳥肉類> すずめ 肉 骨・皮つき 生,114.0,18.1,5.9,0.1,0.2,0.0,0.0,160.0,1100.0,8.0,0.0
11212,11,<鳥肉類> にわとり [親・主品目] 手羽 皮つき 生,182.0,23.0,10.4,0.0,0.1,40.0,0.0,120.0,16.0,1.2,1.0
11213,11,<鳥肉類> にわとり [親・主品目] むね 皮つき 生,229.0,19.5,17.2,0.0,0.1,0.0,0.0,190.0,4.0,0.3,1.0
11214,11,<鳥肉類> にわとり [親・主品目] むね 皮なし 生,113.0,24.4,1.9,0.0,0.1,0.0,0.0,210.0,5.0,0.4,1.0
11215,11,<鳥肉類> にわとり [親・主品目] もも 皮つき 生,234.0,17.3,19.1,0.0,0.1,0.0,0.0,160.0,8.0,0.9,1.0
11216,11,<鳥肉類> にわとり [親・主品目] もも 皮なし 生,128.0,22.0,4.8,0.0,0.1,0.0,0.0,220.0,9.0,2.1,1.0
11217,11,<鳥肉類> にわとり [親・副品目] ささみ 生,107.0,24.6,1.1,0.0,0.1,5.0,0.0,280.0,8.0,0.6,0.0
11218,11,<鳥肉類> にわとり [若どり・主品目] 手羽 皮つき 生,189.0,17.8,14.3,0.0,0.2,35.0,0.0,220.0,14.0,0.5,2.0
11219,11,<鳥肉類> にわとり [若どり・主品目] むね 皮つき 生,133.0,21.3,5.9,0.1,0.1,0.0,0.0,340.0,4.0,0.3,3.0
11220,11,<鳥肉類> にわとり [若どり・主品目] むね 皮なし 生,105.0,23.3,1.9,0.1,0.1,0.0,0.0,370.0,4.0,0.3,3.0
11221,11,<鳥肉類> にわとり [若どり・主品目] もも 皮つき 生,190.0,16.6,14.2,0.0,0.2,0.0,0.0,290.0,5.0,0.6,3.0
11222,11,<鳥肉類> にわとり [若どり・主品目] もも 皮つき 焼き,220.0,26.3,13.9,0.0,0.2,1.0,0.0,390.0,6.0,0.9,2.0
11223,11,<鳥肉類> にわとり [若どり・主品目] もも 皮つき ゆで,216.0,22.0,15.2,0.0,0.1,1.0,0.0,210.0,9.0,1.0,2.0
11224,11,<鳥肉類> にわとり [若どり・主品目] もも 皮なし 生,113.0,19.0,5.0,0.0,0.2,0.0,0.0,320.0,5.0,0.6,3.0
11225,11,<鳥肉類> にわとり [若どり・主品目] もも 皮なし 焼き,145.0,25.5,5.7,0.0,0.2,0.0,0.0,380.0,7.0,0.9,3.0
11226,11,<鳥肉類> にわとり [若どり・主品目] もも 皮なし ゆで,141.0,25.1,5.2,0.0,0.1,0.0,0.0,260.0,10.0,0.8,2.0
11227,11,<鳥肉類> にわとり [若どり・副品目] ささみ 生,98.0,23.9,0.8,0.1,0.1,5.0,0.0,410.0,4.0,0.3,3.0
11228,11,<鳥肉類> にわとり [若どり・副品目] ささみ 焼き,132.0,31.7,1.4,0.0,0.1,0.0,0.0,520.0,5.0,0.4,2.0
11229,11,<鳥肉類> にわとり [若どり・副品目] ささみ ゆで,121.0,29.6,1.0,0.0,0.1,0.0,0.0,360.0,5.0,0.3,2.0
11230,11,<鳥肉類> にわとり [二次品目] ひき肉 生,171.0,17.5,12.0,0.0,0.1,0.0,0.0,250.0,8.0,0.8,1.0
11231,11,<鳥肉類> にわとり [副品目] 心臓 生,186.0,14.5,15.5,0.0,0.2,0.0,0.0,240.0,5.0,5.1,5.0
11232,11,<鳥肉類> にわとり [副品目] 肝臓 生,100.0,18.9,3.1,0.6,0.2,0.0,0.0,330.0,5.0,9.0,20.0
11233,11,<鳥肉類> にわとり [副品目] すなぎも 生,86.0,18.3,1.8,0.0,0.1,0.0,0.0,230.0,7.0,2.5,5.0
11234,11,<鳥肉類> にわとり [副品目] 皮 むね 生,466.0,9.4,48.1,0.0,0.1,0.0,0.0,140.0,3.0,0.3,1.0
11235,11,<鳥肉類> にわとり [副品目] 皮 もも 生,474.0,6.6,51.6,0.0,0.1,0.0,0.0,33.0,6.0,0.3,1.0
11236,11,<鳥肉類> にわとり [副品目] なんこつ(胸肉) 生,54.0,12.5,0.4,0.4,1.0,0.0,0.0,170.0,47.0,0.3,3.0
11237,11,<鳥肉類> にわとり [その他] 焼き鳥缶詰,173.0,18.4,7.8,8.2,2.2,0.0,0.0,200.0,12.0,2.9,0.0
11238,11,<鳥肉類> はと 肉 皮なし 生,131.0,21.8,5.1,0.3,0.2,0.0,0.0,380.0,3.0,4.4,3.0
11239,11,<鳥肉類> がちょう フォアグラ ゆで,470.0,8.3,49.9,1.5,0.1,0.0,0.0,130.0,3.0,2.7,7.0
11240,11,<鳥肉類> ほろほろちょう 肉 皮なし 生,98.0,22.5,1.0,0.2,0.2,0.0,0.0,350.0,6.0,1.1,3.0
11241,11,<その他> いなご つくだ煮,243.0,26.3,1.4,32.3,4.8,0.0,0.0,260.0,28.0,4.7,0.0
11242,11,<その他> かえる 肉 生,92.0,22.3,0.4,0.3,0.1,0.0,0.0,230.0,9.0,0.4,0.0
11243,11,<その他> すっぽん 肉 生,175.0,16.4,13.4,0.5,0.2,0.0,0.0,150.0,18.0,0.9,1.0
11244,11,<その他> はち はちの子缶詰,239.0,16.2,7.2,30.2,1.7,0.0,0.0,110.0,11.0,3.0,0.0
11245,11,<畜肉類> めんよう [マトン] ロース 皮下脂肪なし 生,139.0,22.2,7.4,0.0,0.2,0.0,0.0,350.0,3.0,2.8,1.0
11246,11,<畜肉類> めんよう [ラム] ロース 皮下脂肪なし 生,128.0,22.3,5.2,0.0,0.2,0.0,0.0,330.0,7.0,1.9,1.0
11247,11,<鳥肉類> かも あひる 肉 皮なし 生,94.0,20.1,2.2,0.2,0.2,0.0,0.0,360.0,5.0,2.4,3.0
11248,11,<畜肉類> うし [和牛肉] リブロース 脂身つき 焼き,541.0,14.6,56.8,0.2,0.1,0.0,0.0,200.0,3.0,1.6,1.0
11249,11,<畜肉類> うし [和牛肉] リブロース 脂身つき ゆで,539.0,12.6,58.2,0.1,0.1,0.0,0.0,75.0,2.0,1.4,0.0
11250,11,<畜肉類> うし [和牛肉] もも 皮下脂肪なし 焼き,300.0,27.7,22.7,0.5,0.1,0.0,0.0,350.0,5.0,3.8,1.0
11251,11,<畜肉類> うし [和牛肉] もも 皮下脂肪なし ゆで,302.0,25.7,23.3,0.2,0.1,0.0,0.0,120.0,4.0,3.4,0.0
11252,11,<畜肉類> うし [乳用肥育牛肉] ばら 脂身つき 焼き,451.0,15.9,44.2,0.3,0.2,0.0,0.0,220.0,3.0,1.8,0.0
11253,11,<畜肉類> うし [乳用肥育牛肉] ヒレ 赤肉 焼き,238.0,27.2,15.2,0.4,0.2,0.0,0.0,440.0,5.0,3.5,0.0
11254,11,<畜肉類> うし [交雑牛肉] リブロース 脂身つき 生,489.0,12.0,51.8,0.3,0.1,0.0,0.0,190.0,3.0,1.2,1.0
11255,11,<畜肉類> うし [交雑牛肉] リブロース 脂身つき 焼き,575.0,14.5,60.1,0.2,0.1,0.0,0.0,190.0,3.0,1.5,0.0
11256,11,<畜肉類> うし [交雑牛肉] リブロース 脂身つき ゆで,540.0,13.2,56.5,0.1,0.0,0.0,0.0,58.0,2.0,1.3,0.0
11257,11,<畜肉類> うし [交雑牛肉] リブロース 皮下脂肪なし 生,438.0,13.6,45.2,0.3,0.1,0.0,0.0,220.0,3.0,1.3,1.0
11258,11,<畜肉類> うし [交雑牛肉] リブロース 赤肉 生,338.0,16.7,32.3,0.4,0.1,0.0,0.0,270.0,3.0,1.7,1.0
11259,11,<畜肉類> うし [交雑牛肉] リブロース 脂身 生,759.0,3.6,86.7,0.0,0.0,0.0,0.0,39.0,2.0,0.3,0.0
11260,11,<畜肉類> うし [交雑牛肉] ばら 脂身つき 生,445.0,12.2,44.4,0.3,0.2,0.0,0.0,200.0,3.0,1.4,1.0
11261,11,<畜肉類> うし [交雑牛肉] もも 脂身つき 生,312.0,16.4,28.9,0.4,0.2,0.0,0.0,270.0,3.0,2.1,1.0
11262,11,<畜肉類> うし [交雑牛肉] もも 皮下脂肪なし 生,250.0,18.3,21.6,0.4,0.2,0.0,0.0,300.0,3.0,2.3,1.0
11263,11,<畜肉類> うし [交雑牛肉] もも 皮下脂肪なし 焼き,313.0,25.0,27.6,0.5,0.2,0.0,0.0,320.0,4.0,2.9,1.0
11264,11,<畜肉類> うし [交雑牛肉] もも 皮下脂肪なし ゆで,331.0,25.7,28.2,0.2,0.1,0.0,0.0,130.0,3.0,2.8,0.0
11265,11,<畜肉類> うし [交雑牛肉] もも 赤肉 生,222.0,19.3,17.5,0.5,0.2,0.0,0.0,320.0,4.0,2.4,1.0
11266,11,<畜肉類> うし [交雑牛肉] もも 脂身 生,682.0,4.8,75.8,0.1,0.1,0.0,0.0,81.0,2.0,0.5,0.0
11267,11,<畜肉類> うし [交雑牛肉] ヒレ 赤肉 生,229.0,19.0,18.0,0.4,0.1,0.0,0.0,330.0,4.0,2.7,1.0
11268,11,<畜肉類> うし [輸入牛肉] リブロース 脂身つき 焼き,306.0,25.0,23.9,0.3,0.1,0.0,0.0,320.0,3.0,2.9,1.0
11269,11,<畜肉類> うし [輸入牛肉] リブロース 脂身つき ゆで,307.0,25.8,23.9,0.1,0.0,0.0,0.0,130.0,2.0,2.7,0.0
11270,11,<畜肉類> うし [輸入牛肉] もも 皮下脂肪なし 焼き,205.0,28.0,14.1,0.4,0.1,0.0,0.0,320.0,4.0,3.3,1.0
11271,11,<畜肉類> うし [輸入牛肉] もも 皮下脂肪なし ゆで,204.0,30.0,11.0,0.2,0.0,0.0,0.0,130.0,3.0,3.5,0.0
11272,11,<畜肉類> うし [ひき肉] 焼き,280.0,25.9,21.3,0.4,0.2,0.0,0.0,390.0,8.0,3.4,0.0
11273,11,<畜肉類> うし [副生物] 舌 焼き,401.0,20.2,37.1,0.2,0.2,0.0,0.0,320.0,4.0,2.9,1.0
11274,11,<畜肉類> うし [副生物] 横隔膜 生,288.0,14.8,27.3,0.3,0.1,0.0,0.0,250.0,2.0,3.2,1.0
11275,11,<畜肉類> しか にほんじか 赤肉 生,119.0,23.9,4.0,0.3,0.1,0.0,0.0,390.0,4.0,3.9,1.0
11276,11,<畜肉類> ぶた [大型種肉] ロース 脂身つき とんかつ,429.0,22.0,35.9,9.8,0.3,0.0,0.7,340.0,14.0,0.6,1.0
11277,11,<畜肉類> ぶた [大型種肉] ばら 脂身つき 焼き,444.0,19.6,43.9,0.1,0.1,0.0,0.0,270.0,4.0,0.7,0.0
11278,11,<畜肉類> ぶた [大型種肉] ヒレ 赤肉 焼き,202.0,39.3,5.9,0.4,0.2,0.0,0.0,690.0,6.0,1.6,1.0
11279,11,<畜肉類> ぶた [大型種肉] ヒレ 赤肉 とんかつ,379.0,25.1,25.3,14.9,0.4,0.0,0.9,440.0,17.0,1.3,1.0
11280,11,<畜肉類> ぶた [ひき肉] 焼き,289.0,25.7,21.5,0.1,0.2,0.0,0.0,440.0,7.0,1.6,1.0
11281,11,<畜肉類> めんよう [マトン] ロース 脂身つき 焼き,305.0,25.8,24.9,0.2,0.2,0.0,0.0,370.0,4.0,3.6,0.0
11282,11,<畜肉類> めんよう [ラム] ロース 脂身つき 焼き,358.0,21.8,31.4,0.2,0.2,0.0,0.0,290.0,11.0,1.7,1.0
11283,11,<畜肉類> めんよう [ラム] もも 脂身つき 焼き,267.0,28.6,20.3,0.3,0.2,0.0,0.0,370.0,4.0,2.5,0.0
11284,11,<鳥肉類> かも あひる 皮 生,448.0,7.3,45.8,0.0,0.1,0.0,0.0,84.0,5.0,0.4,2.0
11285,11,<鳥肉類> にわとり [若どり・主品目] 手羽さき 皮つき 生,207.0,17.4,16.2,0.0,0.2,40.0,0.0,210.0,20.0,0.6,2.0
11286,11,<鳥肉類> にわとり [若どり・主品目] 手羽もと 皮つき 生,175.0,18.2,12.8,0.0,0.2,30.0,0.0,230.0,10.0,0.5,2.0
11287,11,<鳥肉類> にわとり [若どり・主品目] むね 皮つき 焼き,215.0,34.7,9.1,0.1,0.2,0.0,0.0,510.0,6.0,0.4,3.0
11288,11,<鳥肉類> にわとり [若どり・主品目] むね 皮なし 焼き,177.0,38.8,3.3,0.1,0.2,0.0,0.0,570.0,7.0,0.5,4.0
11289,11,<鳥肉類> にわとり [若どり・主品目] もも 皮つき から揚げ,307.0,24.2,18.1,13.3,2.5,0.0,0.8,430.0,11.0,1.0,2.0
11290,11,<鳥肉類> にわとり [若どり・主品目] もも 皮なし から揚げ,249.0,25.4,11.4,12.7,2.7,0.0,0.9,440.0,12.0,1.0,2.0
11291,11,<鳥肉類> にわとり [二次品目] ひき肉 焼き,235.0,27.5,14.8,0.0,0.2,0.0,0.0,400.0,19.0,1.4,1.0
11292,11,<鳥肉類> にわとり [その他] チキンナゲット,235.0,15.5,13.7,14.9,1.6,0.0,1.2,260.0,48.0,0.6,1.0
11293,11,<鳥肉類> にわとり [その他] つくね,235.0,15.2,15.2,9.3,1.8,0.0,1.9,260.0,33.0,1.1,0.0
11294,11,<畜肉類> しか にほんじか えぞしか 赤肉 生,126.0,22.6,5.2,0.6,0.1,0.0,0.0,350.0,4.0,3.4,1.0
11295,11,<畜肉類> しか にほんじか きゅうしゅうじか 赤肉 生,107.0,22.6,2.5,0.1,0.1,0.0,0.0,380.0,3.0,3.9,1.0
11296,11,<畜肉類> うし [副生物] 横隔膜 ゆで,414.0,21.3,36.7,0.2,0.1,0.0,0.0,120.0,3.0,4.2,0.0
11297,11,<畜肉類> うし [副生物] 横隔膜 焼き,401.0,21.1,37.2,0.3,0.1,0.0,0.0,270.0,3.0,4.1,1.0
11298,11,<鳥肉類> にわとり [若どり・副品目] ささみ ソテー,186.0,36.1,5.4,0.1,0.2,0.0,0.0,630.0,5.0,0.4,4.0
11299,11,<鳥肉類> にわとり [若どり・副品目] ささみ 天ぷら,192.0,25.7,7.4,6.2,0.2,0.0,0.0,430.0,24.0,0.4,3.0
11300,11,<鳥肉類> にわとり [若どり・副品目] ささみ フライ,246.0,26.8,12.8,6.7,0.2,0.0,0.0,440.0,14.0,0.4,2.0
11301,11,<畜肉類> うし [乳用肥育牛肉] かた 赤肉 ゆで,174.0,27.9,7.1,1.0,0.1,0.0,0.0,220.0,4.0,3.4,1.0
11302,11,<畜肉類> うし [乳用肥育牛肉] かた 赤肉 焼き,175.0,26.9,7.7,0.8,0.2,0.0,0.0,380.0,4.0,3.1,1.0
11303,11,<畜肉類> ぶた [ハム類] ロースハム ゆで,233.0,19.7,16.6,1.6,1.9,0.0,0.0,220.0,4.0,0.5,19.0
11304,11,<畜肉類> ぶた [ハム類] ロースハム 焼き,240.0,23.6,15.1,2.4,2.8,0.0,0.0,370.0,5.0,0.6,27.0
11305,11,<畜肉類> ぶた [ハム類] ロースハム フライ,432.0,17.3,32.3,20.0,2.1,0.0,0.0,260.0,24.0,0.6,15.0
11306,11,<畜肉類> ぶた [ソーセージ類] ウインナーソーセージ ゆで,328.0,12.1,32.0,1.4,1.8,0.0,0.0,170.0,5.0,0.6,30.0
11307,11,<畜肉類> ぶた [ソーセージ類] ウインナーソーセージ 焼き,345.0,13.0,31.8,2.4,2.0,0.0,0.0,200.0,6.0,0.6,32.0
11308,11,<畜肉類> ぶた [ソーセージ類] ウインナーソーセージ フライ,376.0,12.8,34.9,4.2,1.9,0.0,0.0,180.0,9.0,0.6,30.0
11309,11,<畜肉類> うし [乳用肥育牛肉] かた 脂身つき ゆで,298.0,20.8,23.8,0.1,0.1,0.0,0.0,88.0,3.0,2.3,0.0
11310,11,<畜肉類> うし [乳用肥育牛肉] かた 脂身つき 焼き,322.0,23.0,25.5,0.2,0.2,0.0,0.0,290.0,4.0,2.8,1.0
11311,11,<畜肉類> しか にほんじか ほんしゅうじか 赤肉 生,90.0,21.4,1.0,0.1,0.2,0.0,0.0,370.0,4.0,3.3,1.0
11312,11,<畜肉類> ぶた [副生物] 頭部 ジョウルミート 生,256.0,17.4,22.3,0.1,0.2,0.0,0.0,290.0,3.0,0.5,1.0
11313,11,<畜肉類> ぶた [副生物] 頭部 ジョウルミート 焼き,351.0,25.0,28.6,0.1,0.2,0.0,0.0,410.0,5.0,0.7,1.0
11314,11,<畜肉類> ぶた [ベーコン類] ばらベーコン ゆで,238.0,21.6,15.7,1.3,0.7,0.0,0.0,45.0,4.0,0.6,24.0
11315,11,<畜肉類> ぶた [ベーコン類] ばらベーコン 焼き,283.0,24.3,24.9,4.4,3.7,0.0,0.0,340.0,6.0,0.6,87.0
11316,11,<畜肉類> ぶた [ベーコン類] ばらベーコン 油いため,254.0,21.6,18.9,3.7,3.3,0.0,0.0,320.0,5.0,0.5,75.0
11317,11,<畜肉類> ぶた [ソーセージ類] ランチョンミート,279.0,14.0,23.8,0.7,2.3,0.0,0.0,200.0,16.0,0.7,18.0
12001,12,うこっけい卵 全卵 生,154.0,12.0,13.0,0.4,0.4,15.0,0.0,150.0,53.0,2.2,0.0
12002,12,うずら卵 全卵 生,157.0,12.6,13.1,0.3,0.3,15.0,0.0,150.0,60.0,3.1,0.0
12003,12,うずら卵 水煮缶詰,162.0,11.0,14.1,0.6,0.5,0.0,0.0,28.0,47.0,2.8,0.0
12004,12,鶏卵 全卵 生,142.0,12.2,10.2,0.4,0.4,14.0,0.0,130.0,46.0,1.5,0.0
12005,12,鶏卵 全卵 ゆで,134.0,12.5,10.4,0.3,0.3,11.0,0.0,130.0,47.0,1.5,0.0
12006,12,鶏卵 全卵 ポーチドエッグ,145.0,12.3,11.7,0.2,0.3,0.0,0.0,100.0,55.0,2.2,0.0
12007,12,鶏卵 全卵 水煮缶詰,131.0,10.8,10.6,0.0,0.8,0.0,0.0,25.0,40.0,1.7,0.0
12008,12,鶏卵 全卵 加糖全卵,199.0,9.8,10.6,20.7,0.3,0.0,0.0,95.0,44.0,1.5,0.0
12009,12,鶏卵 全卵 乾燥全卵,542.0,49.1,42.0,0.2,1.2,0.0,0.0,560.0,210.0,3.0,0.0
12010,12,鶏卵 卵黄 生,336.0,16.5,34.3,0.2,0.1,0.0,0.0,100.0,140.0,4.8,0.0
12011,12,鶏卵 卵黄 ゆで,330.0,16.1,34.1,0.2,0.1,0.0,0.0,87.0,140.0,4.7,0.0
12012,12,鶏卵 卵黄 加糖卵黄,327.0,12.1,23.9,20.7,0.1,0.0,0.0,80.0,110.0,2.0,0.0
12013,12,鶏卵 卵黄 乾燥卵黄,638.0,30.3,62.9,0.2,0.2,0.0,0.0,190.0,280.0,4.4,0.0
12014,12,鶏卵 卵白 生,44.0,10.1,0.0,0.5,0.5,0.0,0.0,140.0,5.0,0.0,0.0
12015,12,鶏卵 卵白 ゆで,46.0,10.5,0.1,0.4,0.4,0.0,0.0,140.0,6.0,0.0,0.0
12016,12,鶏卵 卵白 乾燥卵白,350.0,86.5,0.4,0.2,3.3,0.0,0.0,1300.0,60.0,0.1,0.0
12017,12,鶏卵 たまご豆腐,76.0,6.5,5.3,0.9,1.0,0.0,0.0,99.0,26.0,0.8,0.0
12018,12,鶏卵 たまご焼 厚焼きたまご,146.0,10.5,9.2,6.5,1.2,0.0,0.0,130.0,41.0,1.3,0.0
12019,12,鶏卵 たまご焼 だし巻きたまご,123.0,11.0,9.2,0.5,1.2,0.0,0.0,130.0,42.0,1.3,0.0
12020,12,あひる卵 ピータン,188.0,13.7,16.5,0.0,2.0,45.0,0.0,65.0,90.0,3.0,0.0
12021,12,鶏卵 全卵 目玉焼き,205.0,14.8,17.6,0.3,0.5,0.0,0.0,150.0,60.0,2.1,0.0
12022,12,鶏卵 全卵 いり,190.0,13.3,16.7,0.3,0.4,0.0,0.0,140.0,58.0,1.8,0.0
12023,12,鶏卵 全卵 素揚げ,321.0,14.3,31.9,0.3,0.5,0.0,0.0,160.0,58.0,2.0,0.0
13001,13,<牛乳及び乳製品> (液状乳類) 生乳 ジャージー種,77.0,3.9,5.2,4.7,0.1,0.0,0.0,140.0,140.0,0.1,1.0
13002,13,<牛乳及び乳製品> (液状乳類) 生乳 ホルスタイン種,63.0,3.2,3.7,4.7,0.1,0.0,0.0,140.0,110.0,0.0,1.0
13003,13,<牛乳及び乳製品> (液状乳類) 普通牛乳,61.0,3.3,3.8,4.8,0.1,0.0,0.0,150.0,110.0,0.02,1.0
13004,13,<牛乳及び乳製品> (液状乳類) 加工乳 濃厚,70.0,3.4,4.2,5.3,0.1,0.0,0.0,170.0,110.0,0.1,0.0
13005,13,<牛乳及び乳製品> (液状乳類) 加工乳 低脂肪,42.0,3.8,1.0,5.5,0.2,0.0,0.0,190.0,130.0,0.1,0.0
13006,13,<牛乳及び乳製品> (液状乳類) 脱脂乳,31.0,3.4,0.1,4.8,0.1,0.0,0.0,150.0,100.0,0.1,2.0
13007,13,<牛乳及び乳製品> (液状乳類) 乳飲料 コーヒー,56.0,2.2,2.0,7.2,0.1,0.0,0.0,85.0,80.0,0.1,0.0
13008,13,<牛乳及び乳製品> (液状乳類) 乳飲料 フルーツ,46.0,1.2,0.2,9.9,0.1,0.0,0.0,65.0,40.0,0.0,0.0
13009,13,<牛乳及び乳製品> (粉乳類) 全粉乳,490.0,25.5,26.2,39.3,1.1,0.0,0.0,1800.0,890.0,0.4,5.0
13010,13,<牛乳及び乳製品> (粉乳類) 脱脂粉乳,354.0,34.0,1.0,53.3,1.4,0.0,0.0,1800.0,1100.0,0.5,5.0
13011,13,<牛乳及び乳製品> (粉乳類) 乳児用調製粉乳,510.0,12.4,26.8,55.9,0.4,0.0,0.0,500.0,370.0,6.5,53.0
13012,13,<牛乳及び乳製品> (練乳類) 無糖練乳,135.0,6.8,7.9,11.2,0.4,0.0,0.0,330.0,270.0,0.2,0.0
13013,13,<牛乳及び乳製品> (練乳類) 加糖練乳,314.0,7.7,8.5,56.0,0.2,0.0,0.0,400.0,260.0,0.1,2.0
13014,13,<牛乳及び乳製品> (クリーム類) クリーム 乳脂肪,404.0,1.9,43.0,6.5,0.1,0.0,0.0,76.0,49.0,0.1,0.0
13015,13,<牛乳及び乳製品> (クリーム類) クリーム 乳脂肪・植物性脂肪,388.0,4.4,42.1,3.0,0.4,0.0,0.0,76.0,47.0,0.2,0.0
13016,13,<牛乳及び乳製品> (クリーム類) クリーム 植物性脂肪,353.0,1.3,39.5,3.3,0.1,0.0,0.0,67.0,50.0,0.0,0.0
13017,13,<牛乳及び乳製品> (クリーム類) ホイップクリーム 乳脂肪,409.0,1.8,40.7,12.9,0.1,0.0,0.0,72.0,54.0,0.1,0.0
13018,13,<牛乳及び乳製品> (クリーム類) ホイップクリーム 乳脂肪・植物性脂肪,394.0,4.0,38.4,12.9,0.3,0.0,0.0,69.0,42.0,0.1,0.0
13019,13,<牛乳及び乳製品> (クリーム類) ホイップクリーム 植物性脂肪,399.0,6.3,36.1,12.9,0.6,0.0,0.0,65.0,30.0,0.2,0.0
13020,13,<牛乳及び乳製品> (クリーム類) コーヒーホワイトナー 液状 乳脂肪,205.0,5.2,18.3,5.5,0.4,0.0,0.0,55.0,30.0,0.1,0.0
13021,13,<牛乳及び乳製品> (クリーム類) コーヒーホワイトナー 液状 乳脂肪・植物性脂肪,227.0,4.8,21.6,3.7,0.4,0.0,0.0,50.0,26.0,0.1,0.0
13022,13,<牛乳及び乳製品> (クリーム類) コーヒーホワイトナー 液状 植物性脂肪,244.0,4.3,24.8,1.8,0.4,0.0,0.0,45.0,21.0,0.1,0.0
13023,13,<牛乳及び乳製品> (クリーム類) コーヒーホワイトナー 粉末状 乳脂肪,504.0,7.6,27.3,60.4,0.9,0.0,0.0,360.0,87.0,0.0,0.0
13024,13,<牛乳及び乳製品> (クリーム類) コーヒーホワイトナー 粉末状 植物性脂肪,542.0,2.1,36.2,56.4,1.8,0.0,0.0,220.0,120.0,0.1,0.0
13025,13,<牛乳及び乳製品> (発酵乳・乳酸菌飲料) ヨーグルト 全脂無糖,56.0,3.6,3.0,4.9,0.1,0.0,0.0,170.0,120.0,0.0,1.0
13026,13,<牛乳及び乳製品> (発酵乳・乳酸菌飲料) ヨーグルト 脱脂加糖,65.0,4.3,0.2,11.9,0.2,0.0,0.0,150.0,120.0,0.1,0.0
13027,13,<牛乳及び乳製品> (発酵乳・乳酸菌飲料) ヨーグルト ドリンクタイプ 加糖,64.0,2.9,0.5,12.2,0.1,0.0,0.0,130.0,110.0,0.1,0.0
13028,13,<牛乳及び乳製品> (発酵乳・乳酸菌飲料) 乳酸菌飲料 乳製品,64.0,1.1,0.1,16.4,0.0,0.0,0.0,48.0,43.0,0.0,0.0
13029,13,<牛乳及び乳製品> (発酵乳・乳酸菌飲料) 乳酸菌飲料 殺菌乳製品,217.0,1.5,0.1,52.6,0.0,0.0,0.0,60.0,55.0,0.1,0.0
13030,13,<牛乳及び乳製品> (発酵乳・乳酸菌飲料) 乳酸菌飲料 非乳製品,39.0,0.4,0.1,10.0,0.0,0.0,0.2,44.0,16.0,0.0,5.0
13031,13,<牛乳及び乳製品> (チーズ類) ナチュラルチーズ エダム,321.0,28.9,25.0,1.4,2.0,0.0,0.0,65.0,660.0,0.3,0.0
13032,13,<牛乳及び乳製品> (チーズ類) ナチュラルチーズ エメンタール,398.0,27.3,33.6,1.6,1.3,0.0,0.0,110.0,1200.0,0.3,0.0
13033,13,<牛乳及び乳製品> (チーズ類) ナチュラルチーズ カテージ,99.0,13.3,4.5,1.9,1.0,0.0,0.0,50.0,55.0,0.1,0.0
13034,13,<牛乳及び乳製品> (チーズ類) ナチュラルチーズ カマンベール,291.0,19.1,24.7,0.9,2.0,0.0,0.0,120.0,460.0,0.2,0.0
13035,13,<牛乳及び乳製品> (チーズ類) ナチュラルチーズ クリーム,313.0,8.2,33.0,2.3,0.7,0.0,0.0,70.0,70.0,0.1,0.0
13036,13,<牛乳及び乳製品> (チーズ類) ナチュラルチーズ ゴーダ,356.0,25.8,29.0,1.4,2.0,0.0,0.0,75.0,680.0,0.3,0.0
13037,13,<牛乳及び乳製品> (チーズ類) ナチュラルチーズ チェダー,390.0,25.7,33.8,1.4,2.0,0.0,0.0,85.0,740.0,0.3,0.0
13038,13,<牛乳及び乳製品> (チーズ類) ナチュラルチーズ パルメザン,445.0,44.0,30.8,1.9,3.8,0.0,0.0,120.0,1300.0,0.4,0.0
13039,13,<牛乳及び乳製品> (チーズ類) ナチュラルチーズ ブルー,326.0,18.8,29.0,1.0,3.8,0.0,0.0,120.0,590.0,0.3,0.0
13040,13,<牛乳及び乳製品> (チーズ類) プロセスチーズ,313.0,22.7,26.0,1.3,2.8,0.0,0.0,60.0,630.0,0.3,0.0
13041,13,<牛乳及び乳製品> (チーズ類) チーズスプレッド,284.0,15.9,25.7,0.6,2.5,0.0,0.0,50.0,460.0,0.2,0.0
13042,13,<牛乳及び乳製品> (アイスクリーム類) アイスクリーム 高脂肪,205.0,3.5,12.0,22.4,0.2,0.0,0.1,160.0,130.0,0.1,0.0
13043,13,<牛乳及び乳製品> (アイスクリーム類) アイスクリーム 普通脂肪,178.0,3.9,8.0,23.2,0.3,0.0,0.1,190.0,140.0,0.1,0.0
13044,13,<牛乳及び乳製品> (アイスクリーム類) アイスミルク,167.0,3.4,6.4,23.9,0.2,0.0,0.0,140.0,110.0,0.1,0.0
13045,13,<牛乳及び乳製品> (アイスクリーム類) ラクトアイス 普通脂肪,217.0,3.1,13.6,22.2,0.2,0.0,0.1,150.0,95.0,0.1,0.0
13046,13,<牛乳及び乳製品> (アイスクリーム類) ラクトアイス 低脂肪,108.0,1.8,2.0,20.6,0.1,0.0,0.0,80.0,60.0,0.1,0.0
13047,13,<牛乳及び乳製品> (アイスクリーム類) ソフトクリーム,146.0,3.8,5.6,20.1,0.2,0.0,0.0,190.0,130.0,0.1,0.0
13048,13,<牛乳及び乳製品> (その他) カゼイン,358.0,86.2,1.5,0.0,0.0,0.0,0.0,2.0,26.0,0.8,0.0
13049,13,<牛乳及び乳製品> (その他) シャーベット,128.0,0.9,1.0,28.7,0.0,0.0,0.0,95.0,22.0,0.1,0.0
13050,13,<牛乳及び乳製品> (その他) チーズホエーパウダー,339.0,12.5,1.2,77.0,1.8,0.0,0.0,1800.0,620.0,0.4,3.0
13051,13,<その他> 人乳,61.0,1.1,3.5,7.2,0.0,0.0,0.0,48.0,27.0,0.04,5.0
13052,13,<その他> やぎ乳,57.0,3.1,3.6,4.5,0.1,0.0,0.0,220.0,120.0,0.1,1.0
13053,13,<牛乳及び乳製品> (発酵乳・乳酸菌飲料) ヨーグルト 低脂肪無糖,40.0,3.7,1.0,5.2,0.1,0.0,0.0,180.0,130.0,0.0,2.0
13054,13,<牛乳及び乳製品> (発酵乳・乳酸菌飲料) ヨーグルト 無脂肪無糖,37.0,4.0,0.3,5.7,0.1,0.0,0.0,180.0,140.0,0.0,1.0
13055,13,<牛乳及び乳製品> (チーズ類) ナチュラルチーズ マスカルポーネ,273.0,4.4,28.2,4.3,0.1,0.0,0.0,140.0,150.0,0.1,0.0
13056,13,<牛乳及び乳製品> (チーズ類) ナチュラルチーズ モッツァレラ,269.0,18.4,19.9,4.2,0.2,0.0,0.0,20.0,330.0,0.1,0.0
13057,13,<牛乳及び乳製品> (チーズ類) ナチュラルチーズ やぎ,280.0,20.6,21.7,2.7,1.2,0.0,0.0,260.0,130.0,0.1,0.0
13058,13,<牛乳及び乳製品> (チーズ類) ナチュラルチーズ リコッタ,159.0,7.1,11.5,6.7,0.4,0.0,0.0,210.0,340.0,0.1,0.0
13059,13,<牛乳及び乳製品> (液状乳類) 乳児用液体ミルク,66.0,1.5,3.6,7.1,0.0,0.0,0.0,81.0,45.0,0.6,31.0
14001,14,(植物油脂類) オリーブ油,894.0,0.0,100.0,0.0,0.0,0.0,0.0,0.0,0.0,0.0,0.0
14002,14,(植物油脂類) ごま油,890.0,0.0,100.0,0.0,0.0,0.0,0.0,0.0,1.0,0.1,0.0
14003,14,(植物油脂類) 米ぬか油,880.0,0.0,100.0,0.0,0.0,0.0,0.0,0.0,0.0,0.0,0.0
14004,14,(植物油脂類) サフラワー油 ハイオレイック,892.0,0.0,100.0,0.0,0.0,0.0,0.0,0.0,0.0,0.0,0.0
14005,14,(植物油脂類) 大豆油,885.0,0.0,100.0,0.0,0.0,0.0,0.0,0.0,0.0,0.0,0.0
14006,14,(植物油脂類) 調合油,886.0,0.0,100.0,0.0,0.0,0.0,0.0,0.0,0.0,0.0,0.0
14007,14,(植物油脂類) とうもろこし油,884.0,0.0,100.0,0.0,0.0,0.0,0.0,0.0,0.0,0.0,0.0
14008,14,(植物油脂類) なたね油,887.0,0.0,100.0,0.0,0.0,0.0,0.0,0.0,0.0,0.0,0.0
14009,14,(植物油脂類) パーム油,887.0,0.0,100.0,0.0,0.0,0.0,0.0,0.0,0.0,0.0,0.0
14010,14,(植物油脂類) パーム核油,893.0,0.0,100.0,0.0,0.0,0.0,0.0,0.0,0.0,0.0,0.0
14011,14,(植物油脂類) ひまわり油 ハイリノール,899.0,0.0,100.0,0.0,0.0,0.0,0.0,0.0,0.0,0.0,0.0
14012,14,(植物油脂類) 綿実油,883.0,0.0,100.0,0.0,0.0,0.0,0.0,0.0,0.0,0.0,0.0
14013,14,(植物油脂類) やし油,889.0,0.0,100.0,0.0,0.0,0.0,0.0,0.0,0.0,0.0,0.0
14014,14,(植物油脂類) 落花生油,882.0,0.0,100.0,0.0,0.0,0.0,0.0,0.0,0.0,0.0,0.0
14015,14,(動物油脂類) 牛脂,869.0,0.2,99.8,0.0,0.0,0.0,0.0,1.0,0.0,0.1,0.0
14016,14,(動物油脂類) ラード,885.0,0.0,100.0,0.0,0.0,0.0,0.0,0.0,0.0,0.0,0.0
14017,14,(バター類) 無発酵バター 有塩バター,700.0,0.6,81.0,0.2,1.9,0.0,0.0,28.0,15.0,0.1,0.0
14018,14,(バター類) 無発酵バター 食塩不使用バター,720.0,0.5,83.0,0.2,0.0,0.0,0.0,22.0,14.0,0.4,0.0
14019,14,(バター類) 発酵バター 有塩バター,713.0,0.6,80.0,4.4,1.3,0.0,0.0,25.0,12.0,0.4,0.0
14020,14,(マーガリン類) マーガリン 家庭用 有塩,715.0,0.4,83.1,0.5,1.3,0.0,0.0,27.0,14.0,0.0,0.0
14021,14,(マーガリン類) ファットスプレッド,579.0,0.2,69.1,0.0,1.1,0.0,0.0,17.0,8.0,0.0,0.0
14022,14,(その他) ショートニング 家庭用,889.0,0.0,99.9,0.0,0.0,0.0,0.0,0.0,0.0,0.0,0.0
14023,14,(植物油脂類) あまに油,897.0,0.0,100.0,0.0,0.0,0.0,0.0,0.0,0.0,0.0,0.0
14024,14,(植物油脂類) えごま油,897.0,0.0,100.0,0.0,0.0,0.0,0.0,0.0,1.0,0.1,0.0
14025,14,(植物油脂類) サフラワー油 ハイリノール,883.0,0.0,100.0,0.0,0.0,0.0,0.0,0.0,0.0,0.0,0.0
14026,14,(植物油脂類) ひまわり油 ミッドオレイック,892.0,0.0,100.0,0.0,0.0,0.0,0.0,0.0,0.0,0.0,0.0
14027,14,(植物油脂類) ひまわり油 ハイオレイック,899.0,0.0,100.0,0.0,0.0,0.0,0.0,0.0,0.0,0.0,0.0
14028,14,(植物油脂類) ぶどう油,882.0,0.0,100.0,0.0,0.0,0.0,0.0,0.0,0.0,0.0,0.0
14029,14,(マーガリン類) マーガリン 業務用 有塩,740.0,0.3,84.3,0.1,1.3,0.0,0.0,27.0,14.0,0.0,0.0
14030,14,(その他) ショートニング 業務用 製菓,881.0,0.0,99.9,0.0,0.0,0.0,0.0,0.0,0.0,0.0,0.0
14031,14,(その他) ショートニング 業務用 フライ,886.0,0.0,99.9,0.0,0.0,0.0,0.0,0.0,0.0,0.0,0.0
14032,14,(動物油脂類) たらのあぶら,853.0,0.1,99.8,0.0,0.0,0.0,0.0,1.0,0.0,0.0,0.0
14033,14,(マーガリン類) マーガリン 家庭用 無塩,715.0,0.4,83.1,0.5,0.0,0.0,0.0,27.0,14.0,0.0,0.0
14034,14,(マーガリン類) マーガリン 業務用 無塩,740.0,0.3,84.3,0.1,0.0,0.0,0.0,27.0,14.0,0.0,0.0
15001,15,<和生菓子・和半生菓子類> 甘納豆 あずき,283.0,3.4,0.3,69.5,0.1,0.0,4.8,170.0,11.0,0.7,0.0
15002,15,<和生菓子・和半生菓子類> 甘納豆 いんげんまめ,288.0,3.8,0.5,69.9,0.1,0.0,5.5,170.0,26.0,0.8,0.0
15003,15,<和生菓子・和半生菓子類> 甘納豆 えんどう,293.0,3.8,0.4,72.2,0.1,0.0,3.2,110.0,12.0,0.9,0.0
15004,15,<和生菓子・和半生菓子類> 生八つ橋 あん入り こしあん・つぶしあん混合,274.0,3.5,0.3,65.5,0.0,0.0,2.1,71.0,18.0,1.0,0.0
15005,15,<和生菓子・和半生菓子類> 今川焼 こしあん入り,217.0,4.5,1.1,48.3,0.1,0.0,1.4,64.0,29.0,0.6,0.0
15006,15,<和生菓子・和半生菓子類> ういろう 白,181.0,1.0,0.2,44.2,0.0,0.0,0.1,17.0,2.0,0.2,0.0
15007,15,<和生菓子・和半生菓子類> うぐいすもち こしあん入り,236.0,3.5,0.4,55.8,0.1,0.0,1.8,21.0,19.0,0.9,0.0
15008,15,<和生菓子・和半生菓子類> かしわもち こしあん入り,203.0,4.0,0.4,46.7,0.1,0.0,1.7,40.0,18.0,0.9,0.0
15009,15,<和生菓子・和半生菓子類> カステラ,313.0,7.1,5.0,61.8,0.2,0.0,0.5,86.0,27.0,0.7,0.0
15010,15,<和生菓子・和半生菓子類> かのこ,260.0,4.8,0.4,60.4,0.1,0.0,3.8,93.0,23.0,0.9,0.0
15011,15,<和生菓子・和半生菓子類> かるかん,226.0,2.1,0.3,54.8,0.0,0.0,0.4,120.0,3.0,0.3,1.0
15012,15,<和生菓子・和半生菓子類> きび団子,298.0,1.6,0.2,73.7,0.0,0.0,0.1,2.0,2.0,0.3,0.0
15013,15,<和生菓子・和半生菓子類> ぎゅうひ,253.0,1.3,0.2,62.4,0.0,0.0,0.1,1.0,1.0,0.2,0.0
15014,15,<和生菓子・和半生菓子類> きりざんしょ,245.0,2.1,0.3,59.3,0.2,0.0,0.2,31.0,2.0,0.3,0.0
15015,15,<和生菓子・和半生菓子類> きんぎょく糖,282.0,0.0,0.0,71.9,0.0,0.0,0.8,2.0,7.0,0.1,0.0
15016,15,<和生菓子・和半生菓子類> きんつば,260.0,6.0,0.7,58.6,0.3,0.0,5.5,160.0,20.0,1.4,0.0
15017,15,<和生菓子・和半生菓子類> 草もち こしあん入り,224.0,4.2,0.4,52.1,0.0,0.0,1.9,46.0,22.0,1.0,0.0
15018,15,<和生菓子・和半生菓子類> くし団子 あん こしあん入り,198.0,3.8,0.4,45.4,0.1,0.0,1.2,43.0,13.0,0.7,0.0
15019,15,<和生菓子・和半生菓子類> くし団子 みたらし,194.0,3.2,0.4,44.9,0.6,0.0,0.3,59.0,4.0,0.4,0.0
15020,15,<和生菓子・和半生菓子類> げっぺい,348.0,4.7,8.5,65.5,0.0,0.0,2.1,64.0,41.0,1.1,0.0
15021,15,<和生菓子・和半生菓子類> 桜もち 関東風 こしあん入り,235.0,4.5,0.4,54.2,0.1,2.0,2.6,37.0,26.0,1.0,0.0
15022,15,<和生菓子・和半生菓子類> 桜もち 関西風 こしあん入り,196.0,3.5,0.3,46.0,0.1,2.0,1.7,22.0,18.0,0.7,0.0
15023,15,<和生菓子・和半生菓子類> 大福もち こしあん入り,223.0,4.6,0.5,53.2,0.1,0.0,1.8,33.0,18.0,0.7,0.0
15024,15,<和生菓子・和半生菓子類> タルト (和菓子),288.0,5.9,3.0,60.7,0.1,0.0,1.5,64.0,27.0,0.9,1.0
15025,15,<和生菓子・和半生菓子類> ちまき,150.0,1.3,0.2,36.5,0.0,0.0,0.1,17.0,1.0,0.2,0.0
15026,15,<和生菓子・和半生菓子類> ちゃつう,320.0,6.2,4.3,66.4,0.0,0.0,3.8,63.0,120.0,1.9,0.0
15027,15,<和生菓子・和半生菓子類> どら焼 つぶしあん入り,292.0,6.6,3.2,57.9,0.4,0.0,1.9,120.0,22.0,1.1,0.0
15028,15,<和生菓子・和半生菓子類> ねりきり,259.0,5.3,0.3,60.1,0.0,0.0,3.6,33.0,39.0,1.5,0.0
15029,15,<和生菓子・和半生菓子類> まんじゅう カステラまんじゅう こしあん入り,292.0,6.7,2.1,62.6,0.1,0.0,2.4,77.0,45.0,1.3,0.0
15030,15,<和生菓子・和半生菓子類> まんじゅう くずまんじゅう こしあん入り,216.0,3.1,0.2,51.4,0.1,0.0,2.2,22.0,24.0,0.9,0.0
15031,15,<和生菓子・和半生菓子類> まんじゅう くりまんじゅう こしあん入り,296.0,6.5,1.4,68.1,0.1,0.0,3.3,62.0,38.0,1.2,0.0
15032,15,<和生菓子・和半生菓子類> まんじゅう とうまんじゅう こしあん入り,299.0,6.8,3.1,61.6,0.1,0.0,1.7,57.0,33.0,1.2,0.0
15033,15,<和生菓子・和半生菓子類> まんじゅう 蒸しまんじゅう こしあん入り,254.0,4.6,0.5,59.5,0.2,0.0,2.4,48.0,33.0,1.0,0.0
15034,15,<和生菓子・和半生菓子類> まんじゅう 中華まんじゅう あんまん こしあん入り,273.0,6.1,5.6,51.3,0.0,0.0,2.6,65.0,58.0,1.1,0.0
15035,15,<和生菓子・和半生菓子類> まんじゅう 中華まんじゅう 肉まん,242.0,10.0,5.1,43.4,1.2,0.0,3.2,310.0,28.0,0.8,7.0
15036,15,<和生菓子・和半生菓子類> もなか こしあん入り,277.0,4.9,0.3,65.5,0.0,0.0,3.1,32.0,33.0,1.2,0.0
15037,15,<和生菓子・和半生菓子類> ゆべし,321.0,2.4,3.5,71.2,0.6,0.0,0.5,62.0,6.0,0.4,0.0
15038,15,<和生菓子・和半生菓子類> ようかん 練りようかん,289.0,3.6,0.2,69.9,0.0,0.0,3.1,24.0,33.0,1.1,0.0
15039,15,<和生菓子・和半生菓子類> ようかん 水ようかん,168.0,2.6,0.2,39.9,0.1,0.0,2.2,17.0,23.0,0.8,0.0
15040,15,<和生菓子・和半生菓子類> ようかん 蒸しようかん,237.0,4.4,0.3,55.4,0.2,0.0,2.8,32.0,30.0,1.1,0.0
15041,15,<和干菓子類> あめ玉,385.0,0.0,0.0,97.5,0.0,0.0,0.0,2.0,1.0,0.0,0.0
15042,15,<和干菓子類> 芋かりんとう,465.0,1.4,20.6,71.3,0.0,0.0,2.6,550.0,41.0,0.7,33.0
15043,15,<和干菓子類> おこし,376.0,3.8,0.7,90.2,0.2,0.0,0.4,25.0,4.0,0.2,0.0
15044,15,<和干菓子類> おのろけ豆,438.0,11.3,13.6,70.2,1.0,0.0,2.3,270.0,17.0,1.1,0.0
15045,15,<和干菓子類> かりんとう 黒,420.0,7.5,11.6,76.3,0.0,0.0,1.2,300.0,66.0,1.6,0.0
15046,15,<和干菓子類> かりんとう 白,423.0,9.7,11.2,76.2,0.0,0.0,1.7,71.0,17.0,0.8,0.0
15047,15,<和干菓子類> ごかぼう,367.0,10.6,6.4,71.7,0.0,0.0,4.5,500.0,48.0,2.0,0.0
15048,15,<和干菓子類> 小麦粉せんべい 磯部せんべい,377.0,4.3,0.8,89.3,1.3,0.0,1.3,59.0,11.0,0.3,0.0
15049,15,<和干菓子類> 小麦粉せんべい かわらせんべい,390.0,7.0,3.2,84.9,0.1,0.0,1.2,54.0,10.0,0.6,0.0
15050,15,<和干菓子類> 小麦粉せんべい 巻きせんべい,386.0,4.3,1.4,90.4,0.1,0.0,1.0,71.0,22.0,0.3,0.0
15051,15,<和干菓子類> 小麦粉せんべい 南部せんべい ごま入り,423.0,11.2,11.1,72.0,1.1,0.0,4.2,170.0,240.0,2.2,0.0
15052,15,<和干菓子類> 小麦粉せんべい 南部せんべい 落花生入り,421.0,11.7,9.5,73.9,0.9,0.0,3.5,230.0,26.0,0.7,0.0
15053,15,<和干菓子類> しおがま,348.0,2.6,0.2,85.5,1.5,0.0,0.6,42.0,14.0,0.2,0.0
15054,15,<ビスケット類> 中華風クッキー,513.0,5.1,29.5,61.8,0.2,0.0,1.1,81.0,25.0,0.4,0.0
15055,15,<和干菓子類> ひなあられ 関東風,380.0,9.6,2.8,80.7,1.5,0.0,2.5,220.0,18.0,0.8,0.0
15056,15,<和干菓子類> ひなあられ 関西風,385.0,8.0,1.4,85.8,1.7,0.0,1.3,100.0,8.0,0.3,0.0
15057,15,<和干菓子類> 米菓 揚げせんべい,458.0,5.6,17.4,71.3,1.2,0.0,0.5,82.0,5.0,0.7,0.0
15058,15,<和干菓子類> 米菓 甘辛せんべい,374.0,6.7,0.9,86.2,1.2,0.0,0.6,120.0,7.0,0.9,0.0
15059,15,<和干菓子類> 米菓 あられ,378.0,7.5,1.0,84.9,1.7,0.0,0.8,99.0,8.0,0.3,0.0
15060,15,<和干菓子類> 米菓 しょうゆせんべい,368.0,7.3,1.0,83.9,1.3,0.0,0.6,130.0,8.0,1.0,0.0
15061,15,<和干菓子類> ボーロ 小粒,391.0,2.5,2.1,90.6,0.1,0.0,0.0,44.0,15.0,0.6,0.0
15062,15,<和干菓子類> ボーロ そばボーロ,398.0,7.7,3.4,86.1,0.3,0.0,1.5,130.0,21.0,0.9,0.0
15063,15,<和干菓子類> 松風,378.0,4.0,0.7,89.7,0.1,0.0,1.2,54.0,10.0,0.3,0.0
15064,15,<和干菓子類> みしま豆,402.0,12.3,8.6,75.8,0.0,0.0,6.0,680.0,65.0,2.7,0.0
15065,15,<和干菓子類> 八つ橋,390.0,3.3,0.5,94.2,0.0,0.0,0.3,49.0,3.0,0.4,0.0
15066,15,<和干菓子類> らくがん らくがん,384.0,2.4,0.2,94.3,0.0,0.0,0.2,19.0,3.0,0.2,0.0
15067,15,<和干菓子類> らくがん 麦らくがん,396.0,4.8,1.8,90.4,0.0,0.0,5.4,170.0,16.0,1.1,0.0
15068,15,<和干菓子類> らくがん もろこしらくがん,374.0,6.6,0.3,89.9,0.3,0.0,6.9,51.0,16.0,1.8,0.0
15069,15,<菓子パン類> あんパン こしあん入り,267.0,6.8,3.6,53.5,0.3,0.0,2.5,64.0,30.0,1.0,0.0
15070,15,<菓子パン類> クリームパン,286.0,7.9,7.4,48.3,0.4,0.0,1.3,120.0,57.0,0.8,0.0
15071,15,<菓子パン類> ジャムパン,285.0,5.3,3.9,58.1,0.3,0.0,1.6,84.0,20.0,0.5,3.0
15072,15,<菓子パン類> チョココロネ,320.0,5.8,15.3,44.4,0.4,0.0,1.1,160.0,78.0,0.6,0.0
15073,15,<ケーキ・ペストリー類> シュークリーム,211.0,6.0,11.4,25.5,0.2,0.0,0.3,120.0,91.0,0.8,1.0
15074,15,<ケーキ・ペストリー類> スポンジケーキ,283.0,7.9,7.5,52.1,0.2,0.0,0.7,92.0,27.0,0.8,0.0
15075,15,<ケーキ・ペストリー類> ショートケーキ 果実なし,318.0,6.9,15.2,42.3,0.2,0.0,0.6,86.0,31.0,0.6,0.0
15076,15,<ケーキ・ペストリー類> デニッシュペストリー デンマークタイプ プレーン,440.0,6.5,34.0,33.2,0.5,0.0,2.7,80.0,17.0,0.7,0.0
15077,15,<ケーキ・ペストリー類> ドーナッツ イーストドーナッツ プレーン,379.0,7.2,20.2,43.9,0.8,0.0,1.5,110.0,43.0,0.5,0.0
15078,15,<ケーキ・ペストリー類> ドーナッツ ケーキドーナッツ プレーン,367.0,7.2,11.7,60.2,0.4,0.0,1.2,120.0,42.0,0.6,0.0
15079,15,<ケーキ・ペストリー類> パイ パイ皮,373.0,5.0,25.4,36.4,1.0,0.0,1.3,50.0,9.0,0.3,0.0
15080,15,<ケーキ・ペストリー類> パイ アップルパイ,294.0,4.0,17.5,32.8,0.4,0.0,1.2,54.0,5.0,0.2,1.0
15081,15,<ケーキ・ペストリー類> パイ ミートパイ,381.0,9.7,29.9,22.2,1.1,0.0,1.8,110.0,11.0,0.5,0.0
15082,15,<ケーキ・ペストリー類> バターケーキ,422.0,5.8,25.3,48.0,0.6,0.0,0.7,74.0,22.0,0.6,0.0
15083,15,<ケーキ・ペストリー類> ホットケーキ,253.0,7.7,5.4,45.3,0.7,0.0,1.1,210.0,110.0,0.5,0.0
15084,15,<ケーキ・ペストリー類> ワッフル カスタードクリーム入り,241.0,7.3,7.9,38.1,0.2,0.0,0.8,160.0,99.0,0.8,1.0
15085,15,<ケーキ・ペストリー類> ワッフル ジャム入り,279.0,4.9,4.2,57.3,0.1,0.0,1.3,120.0,44.0,0.4,6.0
15086,15,<デザート菓子類> カスタードプリン,116.0,5.7,5.5,14.0,0.2,0.0,0.0,130.0,81.0,0.5,1.0
15087,15,<デザート菓子類> ゼリー オレンジ,80.0,2.1,0.1,19.8,0.0,0.0,0.2,180.0,9.0,0.1,40.0
15088,15,<デザート菓子類> ゼリー コーヒー,43.0,1.6,0.0,10.3,0.0,0.0,0.0,47.0,2.0,0.0,0.0
15089,15,<デザート菓子類> ゼリー ミルク,103.0,4.3,3.7,14.4,0.1,0.0,0.0,150.0,110.0,0.0,1.0
15090,15,<デザート菓子類> ゼリー ワイン,65.0,1.7,0.0,13.2,0.0,0.0,0.0,11.0,1.0,0.1,0.0
15091,15,<デザート菓子類> ババロア,204.0,5.6,12.9,19.9,0.1,0.0,0.0,90.0,72.0,0.6,0.0
15092,15,<ビスケット類> ウエハース,439.0,7.6,13.6,75.3,1.2,0.0,1.2,76.0,21.0,0.6,0.0
15093,15,<ビスケット類> クラッカー オイルスプレークラッカー,481.0,8.5,22.5,63.9,1.5,0.0,2.1,110.0,180.0,0.8,0.0
15094,15,<ビスケット類> クラッカー ソーダクラッカー,421.0,10.4,9.8,74.4,1.9,0.0,2.1,140.0,55.0,0.7,0.0
15095,15,<ビスケット類> サブレ,459.0,6.1,16.6,73.5,0.2,0.0,1.3,110.0,36.0,0.5,0.0
15096,15,<ビスケット類> リーフパイ,558.0,5.8,35.5,55.8,0.1,0.0,1.7,77.0,14.0,0.4,0.0
15097,15,<ビスケット類> ビスケット ハードビスケット,422.0,7.6,10.0,77.8,0.8,0.0,2.3,140.0,330.0,0.9,0.0
15098,15,<ビスケット類> ビスケット ソフトビスケット,512.0,5.7,27.6,62.6,0.6,0.0,1.4,110.0,20.0,0.5,0.0
15099,15,<ビスケット類> プレッツェル,465.0,9.9,18.6,68.2,1.9,0.0,2.6,160.0,36.0,0.9,0.0
15100,15,<ビスケット類> ロシアケーキ,486.0,5.8,23.4,65.8,0.5,0.0,1.8,140.0,41.0,0.5,0.0
15101,15,<スナック類> 小麦粉あられ,472.0,7.6,19.5,68.8,1.8,0.0,2.3,100.0,18.0,0.5,0.0
15102,15,<スナック類> コーンスナック,516.0,5.2,27.1,65.3,1.2,0.0,1.0,89.0,50.0,0.4,0.0
15103,15,<スナック類> ポテトチップス ポテトチップス,541.0,4.7,35.2,54.7,1.0,0.0,4.2,1200.0,17.0,1.7,15.0
15104,15,<スナック類> ポテトチップス 成形ポテトチップス,515.0,5.8,32.0,57.3,0.9,0.0,4.8,900.0,49.0,1.2,9.0
15105,15,<キャンデー類> キャラメル,426.0,4.0,11.7,77.9,0.3,0.0,0.0,180.0,190.0,0.3,0.0
15106,15,<キャンデー類> ラムネ,373.0,0.0,0.5,92.2,0.2,0.0,0.0,5.0,110.0,0.1,2.0
15107,15,<キャンデー類> ゼリーキャンデー,334.0,0.0,0.0,83.9,0.0,0.0,0.9,1.0,8.0,0.1,0.0
15108,15,<キャンデー類> ゼリービーンズ,358.0,0.0,0.0,90.4,0.0,0.0,0.9,6.0,10.0,0.2,0.0
15109,15,<キャンデー類> かわり玉,392.0,0.0,0.0,99.5,0.0,0.0,0.0,2.0,1.0,0.0,0.0
15110,15,<キャンデー類> ドロップ,389.0,0.0,0.0,98.0,0.0,0.0,0.0,1.0,1.0,0.0,0.0
15111,15,<キャンデー類> バタースコッチ,414.0,0.0,6.5,91.0,0.4,0.0,0.0,4.0,2.0,0.0,0.0
15112,15,<キャンデー類> ブリットル,506.0,12.6,26.5,58.1,0.2,0.0,3.6,380.0,26.0,0.9,0.0
15113,15,<キャンデー類> マシュマロ,324.0,2.1,0.0,79.3,0.0,0.0,0.0,1.0,1.0,0.1,0.0
15114,15,<チョコレート類> カバーリングチョコレート,488.0,7.1,24.3,64.2,0.3,0.0,3.2,320.0,160.0,1.6,0.0
15115,15,<チョコレート類> ホワイトチョコレート,588.0,7.2,39.5,50.9,0.2,0.0,0.6,340.0,250.0,0.1,0.0
15116,15,<チョコレート類> ミルクチョコレート,550.0,6.9,34.1,55.8,0.2,0.0,3.9,440.0,240.0,2.4,0.0
15117,15,<果実菓子類> マロングラッセ,303.0,1.1,0.3,77.4,0.1,0.0,0.0,60.0,8.0,0.6,0.0
15118,15,<チューインガム類> 板ガム,388.0,0.0,0.0,96.9,0.0,20.0,0.0,3.0,3.0,0.1,0.0
15119,15,<チューインガム類> 糖衣ガム,390.0,0.0,0.0,97.6,0.0,20.0,0.0,4.0,1.0,0.1,0.0
15120,15,<チューインガム類> 風船ガム,387.0,0.0,0.0,96.7,0.0,25.0,0.0,4.0,3.0,0.1,0.0
15121,15,<和生菓子・和半生菓子類> くずもち 関西風 くずでん粉製品,93.0,0.1,0.1,22.5,0.0,0.0,0.0,1.0,5.0,0.5,0.0
15122,15,<和生菓子・和半生菓子類> くずもち 関東風 小麦でん粉製品,94.0,0.1,0.1,22.4,0.0,0.0,0.0,2.0,4.0,0.2,0.0
15123,15,<和生菓子・和半生菓子類> 五平もち,178.0,3.0,0.5,40.9,0.6,0.0,1.3,58.0,10.0,0.4,0.0
15124,15,<和生菓子・和半生菓子類> 笹だんご こしあん入り,227.0,4.0,0.5,54.6,0.0,0.0,1.9,88.0,15.0,0.5,0.0
15125,15,<菓子パン類> 揚げパン,369.0,8.7,18.7,43.5,1.1,0.0,1.8,110.0,42.0,0.6,0.0
15126,15,<菓子パン類> あんパン 薄皮タイプ こしあん入り,256.0,6.6,3.5,51.9,0.1,0.0,2.4,45.0,36.0,1.3,0.0
15127,15,<菓子パン類> カレーパン 皮及び具,302.0,6.6,18.3,32.3,1.2,0.0,1.6,130.0,24.0,0.7,0.0
15128,15,<菓子パン類> カレーパン 皮のみ,363.0,7.2,22.4,38.4,1.0,0.0,1.3,100.0,23.0,0.7,0.0
15129,15,<菓子パン類> カレーパン 具のみ,168.0,5.3,9.3,18.8,1.8,0.0,2.4,200.0,28.0,0.7,0.0
15130,15,<菓子パン類> クリームパン 薄皮タイプ,218.0,6.0,7.1,33.9,0.2,0.0,0.6,110.0,72.0,0.7,0.0
15131,15,<菓子パン類> チョコパン 薄皮タイプ,340.0,4.7,19.4,40.0,0.4,0.0,0.8,190.0,100.0,0.5,0.0
15132,15,<菓子パン類> メロンパン,349.0,8.0,10.5,59.9,0.5,0.0,1.7,110.0,26.0,0.6,0.0
15133,15,<ケーキ・ペストリー類> タルト (洋菓子),247.0,4.7,13.5,30.5,0.2,0.0,1.4,120.0,82.0,0.6,21.0
15134,15,<ケーキ・ペストリー類> チーズケーキ ベイクドチーズケーキ,299.0,8.5,21.2,23.3,0.5,0.0,0.2,86.0,53.0,0.5,2.0
15135,15,<ケーキ・ペストリー類> チーズケーキ レアチーズケーキ,349.0,5.8,27.5,22.5,0.5,0.0,0.3,93.0,98.0,0.2,2.0
15136,15,<デザート菓子類> 牛乳寒天,61.0,1.1,1.3,12.2,0.0,0.0,0.5,51.0,38.0,0.1,0.0
15137,15,<チョコレート類> アーモンドチョコレート,562.0,11.4,40.4,43.3,0.1,0.0,6.1,550.0,240.0,2.8,0.0
15138,15,<その他> カスタードクリーム,174.0,5.1,7.6,24.8,0.1,0.0,0.2,120.0,93.0,0.7,1.0
15139,15,<その他> しるこ こしあん,211.0,4.7,0.3,48.7,0.0,0.0,3.2,29.0,35.0,1.3,0.0
15140,15,<その他> しるこ つぶしあん,179.0,4.2,0.4,40.5,0.1,0.0,4.3,120.0,14.0,1.1,0.0
15141,15,<ビスケット類> ウエハース クリーム入り,492.0,7.5,21.8,65.5,0.9,0.0,2.1,58.0,16.0,0.5,0.0
15142,15,<デザート菓子類> こんにゃくゼリー,65.0,0.0,0.1,16.4,0.1,0.0,0.8,110.0,15.0,0.0,0.0
15143,15,<和生菓子・和半生菓子類> ずんだあん,190.0,6.3,3.4,36.6,0.2,0.0,2.5,270.0,42.0,1.4,8.0
15144,15,<和生菓子・和半生菓子類> ずんだもち,212.0,4.9,1.7,45.1,0.1,0.0,1.3,130.0,19.0,0.6,3.0
15145,15,<和生菓子・和半生菓子類> 今川焼 つぶしあん入り,220.0,4.5,1.4,48.2,0.2,0.0,1.7,95.0,23.0,0.6,0.0
15146,15,<和生菓子・和半生菓子類> 今川焼 カスタードクリーム入り,224.0,4.7,2.6,46.7,0.1,0.0,0.9,95.0,46.0,0.5,0.0
15147,15,<和生菓子・和半生菓子類> ういろう 黒,174.0,1.5,0.2,42.7,0.0,0.0,0.1,41.0,3.0,0.4,0.0
15148,15,<和生菓子・和半生菓子類> うぐいすもち つぶしあん入り,237.0,2.7,0.4,56.8,0.1,0.0,1.2,59.0,8.0,0.7,0.0
15149,15,<和生菓子・和半生菓子類> かしわもち つぶしあん入り,204.0,3.9,0.5,46.6,0.2,0.0,1.7,78.0,7.0,0.7,0.0
15150,15,<和生菓子・和半生菓子類> 草もち つぶしあん入り,227.0,4.8,0.7,51.1,0.1,0.0,2.7,90.0,13.0,0.9,0.0
15151,15,<和生菓子・和半生菓子類> くし団子 あん つぶしあん入り,199.0,3.8,0.5,45.4,0.1,0.0,1.3,68.0,6.0,0.6,0.0
15152,15,<和生菓子・和半生菓子類> 桜もち 関東風 つぶしあん入り,237.0,4.2,0.6,54.4,0.1,2.0,2.5,82.0,12.0,0.7,0.0
15153,15,<和生菓子・和半生菓子類> 桜もち 関西風 つぶしあん入り,197.0,3.0,0.3,46.5,0.1,2.0,1.3,43.0,5.0,0.4,0.0
15154,15,<和生菓子・和半生菓子類> 笹だんご つぶしあん入り,228.0,4.7,0.6,53.8,0.1,0.0,2.3,91.0,17.0,0.7,0.0
15155,15,<和生菓子・和半生菓子類> 大福もち つぶしあん入り,223.0,4.7,0.6,52.8,0.1,0.0,2.7,86.0,10.0,0.7,0.0
15156,15,<和生菓子・和半生菓子類> どら焼 こしあん入り,282.0,6.6,3.1,58.4,0.3,0.0,1.5,61.0,31.0,1.1,0.0
15157,15,<和生菓子・和半生菓子類> 生八つ橋 あん入り こしあん入り,274.0,3.6,0.3,65.4,0.0,0.0,1.6,35.0,17.0,0.8,0.0
15158,15,<和生菓子・和半生菓子類> 生八つ橋 あん入り つぶしあん入り,275.0,3.7,0.5,65.1,0.1,0.0,2.3,110.0,12.0,1.0,0.0
15159,15,<和生菓子・和半生菓子類> まんじゅう カステラまんじゅう つぶしあん入り,292.0,6.9,2.3,62.2,0.2,0.0,3.2,160.0,33.0,1.2,0.0
15160,15,<和生菓子・和半生菓子類> まんじゅう かるかんまんじゅう こしあん入り,226.0,3.0,0.3,53.8,0.1,0.0,1.4,65.0,24.0,1.0,0.0
15161,15,<和生菓子・和半生菓子類> まんじゅう かるかんまんじゅう つぶしあん入り,226.0,3.1,0.4,53.6,0.2,0.0,1.9,140.0,12.0,1.0,0.0
15162,15,<和生菓子・和半生菓子類> まんじゅう くずまんじゅう つぶしあん入り,218.0,1.3,0.1,53.4,0.2,0.0,1.3,75.0,10.0,0.7,0.0
15163,15,<和生菓子・和半生菓子類> まんじゅう くりまんじゅう つぶしあん入り,295.0,6.7,1.6,67.0,0.2,0.0,4.7,160.0,26.0,1.3,0.0
15164,15,<和生菓子・和半生菓子類> まんじゅう とうまんじゅう つぶしあん入り,294.0,6.9,3.3,61.3,0.2,0.0,2.3,140.0,23.0,1.3,0.0
15165,15,<和生菓子・和半生菓子類> まんじゅう 蒸しまんじゅう つぶしあん入り,257.0,4.7,0.7,59.1,0.2,0.0,3.4,130.0,20.0,1.0,0.0
15166,15,<和生菓子・和半生菓子類> まんじゅう 中華まんじゅう あんまん つぶしあん入り,279.0,6.2,6.0,51.3,0.1,0.0,3.3,110.0,55.0,1.1,0.0
15167,15,<和生菓子・和半生菓子類> もなか つぶしあん入り,278.0,6.4,0.7,63.3,0.2,0.0,6.1,170.0,21.0,1.6,0.0
15168,15,<菓子パン類> あんパン つぶしあん入り,266.0,7.0,3.8,53.0,0.3,0.0,3.3,120.0,23.0,1.0,0.0
15169,15,<菓子パン類> あんパン 薄皮タイプ つぶしあん入り,258.0,6.8,3.7,51.4,0.2,0.0,3.2,150.0,21.0,1.3,0.0
15170,15,<ケーキ・ペストリー類> ショートケーキ いちご,314.0,6.9,14.7,42.7,0.2,0.0,0.9,120.0,34.0,0.7,15.0
15171,15,<ケーキ・ペストリー類> デニッシュペストリー デンマークタイプ あん入り こしあん,384.0,6.5,21.3,46.1,0.3,0.0,3.3,65.0,29.0,1.1,0.0
15172,15,<ケーキ・ペストリー類> デニッシュペストリー デンマークタイプ あん入り つぶしあん,387.0,6.6,22.0,45.2,0.4,0.0,4.2,120.0,19.0,1.1,0.0
15173,15,<ケーキ・ペストリー類> デニッシュペストリー デンマークタイプ あん入り カスタードクリーム,417.0,7.3,29.6,36.6,0.5,0.0,2.1,120.0,56.0,0.9,0.0
15174,15,<ケーキ・ペストリー類> ドーナッツ イーストドーナッツ あん入り こしあん,341.0,6.8,12.6,52.2,0.5,0.0,2.6,85.0,45.0,1.0,0.0
15175,15,<ケーキ・ペストリー類> ドーナッツ イーストドーナッツ あん入り つぶしあん,341.0,7.0,13.0,51.5,0.6,0.0,3.4,140.0,36.0,1.0,0.0
15176,15,<ケーキ・ペストリー類> ドーナッツ イーストドーナッツ あん入り カスタードクリーム,371.0,7.7,18.9,44.6,0.6,0.0,1.2,140.0,75.0,0.7,0.0
15177,15,<ケーキ・ペストリー類> ドーナッツ ケーキドーナッツ あん入り こしあん,353.0,8.3,5.4,63.7,0.3,0.0,2.4,90.0,46.0,1.1,0.0
15178,15,<ケーキ・ペストリー類> ドーナッツ ケーキドーナッツ あん入り つぶしあん,355.0,8.6,5.7,63.1,0.3,0.0,3.4,150.0,36.0,1.1,0.0
15179,15,<ケーキ・ペストリー類> ドーナッツ ケーキドーナッツ あん入り カスタードクリーム,375.0,9.6,10.5,56.7,0.4,0.0,0.7,150.0,76.0,0.8,0.0
15180,15,<その他> チョコレートクリーム,481.0,4.6,32.0,47.3,0.5,0.0,0.6,310.0,160.0,0.6,1.0
15181,15,<菓子パン類> 菓子パン あんなし,294.0,8.2,6.1,54.1,0.5,0.0,1.7,92.0,26.0,0.6,0.0
15182,15,<ケーキ・ペストリー類> デニッシュペストリー アメリカンタイプ プレーン,382.0,6.2,26.3,35.1,0.8,0.0,2.1,92.0,27.0,0.6,0.0
15183,15,<ケーキ・ペストリー類> デニッシュペストリー アメリカンタイプ あん入り こしあん,330.0,6.0,15.6,44.9,0.5,0.0,2.9,68.0,33.0,1.0,0.0
15184,15,<ケーキ・ペストリー類> デニッシュペストリー アメリカンタイプ あん入り つぶしあん,323.0,6.0,15.7,42.9,0.5,0.0,3.6,120.0,23.0,1.0,0.0
15185,15,<ケーキ・ペストリー類> デニッシュペストリー アメリカンタイプ あん入り カスタードクリーム,304.0,5.8,19.3,31.2,0.5,0.0,1.4,100.0,51.0,0.6,0.0
15186,15,<チョコレート類> スイートチョコレート,530.0,5.8,37.7,52.6,0.0,0.0,7.7,430.0,60.0,4.0,0.0
15187,15,<チョコレート類> スイートチョコレート カカオ増量,539.0,8.9,41.3,43.3,0.0,0.0,13.1,900.0,71.0,9.3,0.0
16001,16,<アルコール飲料類> (醸造酒類) 清酒 普通酒,107.0,0.4,0.0,4.9,0.0,0.0,0.0,5.0,3.0,0.0,0.0
16002,16,<アルコール飲料類> (醸造酒類) 清酒 純米酒,102.0,0.4,0.0,3.6,0.0,0.0,0.0,5.0,3.0,0.1,0.0
16003,16,<アルコール飲料類> (醸造酒類) 清酒 本醸造酒,106.0,0.4,0.0,4.5,0.0,0.0,0.0,5.0,3.0,0.0,0.0
16004,16,<アルコール飲料類> (醸造酒類) 清酒 吟醸酒,103.0,0.3,0.0,3.6,0.0,0.0,0.0,7.0,2.0,0.0,0.0
16005,16,<アルコール飲料類> (醸造酒類) 清酒 純米吟醸酒,102.0,0.4,0.0,4.1,0.0,0.0,0.0,5.0,2.0,0.0,0.0
16006,16,<アルコール飲料類> (醸造酒類) ビール 淡色,39.0,0.3,0.0,3.1,0.0,0.0,0.0,34.0,3.0,0.0,0.0
16007,16,<アルコール飲料類> (醸造酒類) ビール 黒,45.0,0.4,0.0,3.6,0.0,0.0,0.2,55.0,3.0,0.1,0.0
16008,16,<アルコール飲料類> (醸造酒類) ビール スタウト,62.0,0.5,0.0,4.9,0.0,0.0,0.3,65.0,3.0,0.1,0.0
16009,16,<アルコール飲料類> (醸造酒類) 発泡酒,44.0,0.1,0.0,3.6,0.0,0.0,0.0,13.0,4.0,0.0,0.0
16010,16,<アルコール飲料類> (醸造酒類) ぶどう酒 白,75.0,0.1,0.0,2.0,0.0,0.0,0.0,60.0,8.0,0.3,0.0
16011,16,<アルコール飲料類> (醸造酒類) ぶどう酒 赤,68.0,0.2,0.0,1.5,0.0,0.0,0.0,110.0,7.0,0.4,0.0
16012,16,<アルコール飲料類> (醸造酒類) ぶどう酒 ロゼ,71.0,0.1,0.0,4.0,0.0,0.0,0.0,60.0,10.0,0.4,0.0
16013,16,<アルコール飲料類> (醸造酒類) 紹興酒,126.0,1.7,0.0,5.1,0.0,0.0,0.0,55.0,25.0,0.3,0.0
16014,16,<アルコール飲料類> (蒸留酒類) しょうちゅう 連続式蒸留しょうちゅう,203.0,0.0,0.0,0.0,0.0,0.0,0.0,0.0,0.0,0.0,0.0
16015,16,<アルコール飲料類> (蒸留酒類) しょうちゅう 単式蒸留しょうちゅう,144.0,0.0,0.0,0.0,0.0,0.0,0.0,0.0,0.0,0.0,0.0
16016,16,<アルコール飲料類> (蒸留酒類) ウイスキー,234.0,0.0,0.0,0.0,0.0,0.0,0.0,1.0,0.0,0.0,0.0
16017,16,<アルコール飲料類> (蒸留酒類) ブランデー,234.0,0.0,0.0,0.0,0.0,0.0,0.0,1.0,0.0,0.0,0.0
16018,16,<アルコール飲料類> (蒸留酒類) ウオッカ,237.0,0.0,0.0,0.0,0.0,0.0,0.0,0.0,0.0,0.0,0.0
16019,16,<アルコール飲料類> (蒸留酒類) ジン,280.0,0.0,0.0,0.1,0.0,0.0,0.0,0.0,0.0,0.0,0.0
16020,16,<アルコール飲料類> (蒸留酒類) ラム,237.0,0.0,0.0,0.1,0.0,0.0,0.0,0.0,0.0,0.0,0.0
16021,16,<アルコール飲料類> (蒸留酒類) マオタイ酒,317.0,0.0,0.0,0.0,0.0,0.0,0.0,0.0,2.0,0.3,0.0
16022,16,<アルコール飲料類> (混成酒類) 梅酒,155.0,0.1,0.0,20.7,0.0,0.0,0.0,39.0,1.0,0.0,0.0
16023,16,<アルコール飲料類> (混成酒類) 合成清酒,108.0,0.1,0.0,5.3,0.0,0.0,0.0,3.0,2.0,0.0,0.0
16024,16,<アルコール飲料類> (混成酒類) 白酒,236.0,1.9,0.0,48.1,0.0,0.0,0.0,14.0,3.0,0.1,1.0
16025,16,<アルコール飲料類> (混成酒類) みりん 本みりん,241.0,0.3,0.0,43.2,0.0,0.0,0.0,7.0,2.0,0.0,0.0
16026,16,<アルコール飲料類> (混成酒類) みりん 本直し,179.0,0.1,0.0,14.4,0.0,0.0,0.0,2.0,2.0,0.0,0.0
16027,16,<アルコール飲料類> (混成酒類) 薬味酒,181.0,0.0,0.0,26.8,0.0,0.0,0.0,14.0,1.0,0.0,0.0
16028,16,<アルコール飲料類> (混成酒類) キュラソー,319.0,0.0,0.0,26.4,0.0,0.0,0.0,0.0,0.0,0.0,0.0
16029,16,<アルコール飲料類> (混成酒類) スイートワイン,125.0,0.1,0.0,13.4,0.0,0.0,0.0,70.0,5.0,0.3,0.0
16030,16,<アルコール飲料類> (混成酒類) ペパーミント,300.0,0.0,0.0,37.6,0.0,0.0,0.0,1.0,0.0,0.0,0.0
16031,16,<アルコール飲料類> (混成酒類) ベルモット 甘口タイプ,151.0,0.1,0.0,16.4,0.0,0.0,0.0,29.0,6.0,0.3,0.0
16032,16,<アルコール飲料類> (混成酒類) ベルモット 辛口タイプ,113.0,0.1,0.0,3.7,0.0,0.0,0.0,26.0,8.0,0.3,0.0
16033,16,<茶類> (緑茶類) 玉露 茶,241.0,29.1,4.1,43.9,0.0,0.0,43.9,2800.0,390.0,10.0,110.0
16034,16,<茶類> (緑茶類) 玉露 浸出液,5.0,1.3,0.0,0.0,0.0,0.0,0.0,340.0,4.0,0.2,19.0
16035,16,<茶類> (緑茶類) 抹茶 茶,237.0,29.6,5.3,39.5,0.0,0.0,38.5,2700.0,420.0,17.0,60.0
16036,16,<茶類> (緑茶類) せん茶 茶,229.0,24.5,4.7,47.7,0.0,0.0,46.5,2200.0,450.0,20.0,260.0
16037,16,<茶類> (緑茶類) せん茶 浸出液,2.0,0.2,0.0,0.2,0.0,0.0,0.0,27.0,3.0,0.2,6.0
16038,16,<茶類> (緑茶類) かまいり茶 浸出液,1.0,0.1,0.0,0.0,0.0,0.0,0.0,29.0,4.0,0.0,4.0
16039,16,<茶類> (緑茶類) 番茶 浸出液,0.0,0.0,0.0,0.1,0.0,0.0,0.0,32.0,5.0,0.2,3.0
16040,16,<茶類> (緑茶類) ほうじ茶 浸出液,0.0,0.0,0.0,0.1,0.0,0.0,0.0,24.0,2.0,0.0,0.0
16041,16,<茶類> (緑茶類) 玄米茶 浸出液,0.0,0.0,0.0,0.0,0.0,0.0,0.0,7.0,2.0,0.0,1.0
16042,16,<茶類> (発酵茶類) ウーロン茶 浸出液,0.0,0.0,0.0,0.1,0.0,0.0,0.0,13.0,2.0,0.0,0.0
16043,16,<茶類> (発酵茶類) 紅茶 茶,234.0,20.3,2.5,51.7,0.0,0.0,38.1,2000.0,470.0,17.0,0.0
16044,16,<茶類> (発酵茶類) 紅茶 浸出液,1.0,0.1,0.0,0.1,0.0,0.0,0.0,8.0,1.0,0.0,0.0
16045,16,<コーヒー・ココア類> コーヒー 浸出液,4.0,0.2,0.0,0.7,0.0,0.0,0.0,65.0,2.0,0.0,0.0
16046,16,<コーヒー・ココア類> コーヒー インスタントコーヒー,287.0,14.7,0.3,56.5,0.1,0.0,0.0,3600.0,140.0,3.0,0.0
16047,16,<コーヒー・ココア類> コーヒー コーヒー飲料 乳成分入り 加糖,38.0,0.7,0.3,8.2,0.1,0.0,0.0,60.0,22.0,0.1,0.0
16048,16,<コーヒー・ココア類> ココア ピュアココア,386.0,18.5,21.6,42.4,0.0,0.0,23.9,2800.0,140.0,14.0,0.0
16049,16,<コーヒー・ココア類> ココア ミルクココア,400.0,7.4,6.8,80.4,0.7,0.0,5.5,730.0,180.0,2.9,0.0
16050,16,<その他> 甘酒,76.0,1.7,0.1,18.3,0.2,0.0,0.4,14.0,3.0,0.1,0.0
16051,16,<その他> 昆布茶,173.0,5.2,0.2,42.0,51.3,0.0,2.8,580.0,88.0,0.5,6.0
16052,16,<その他> (炭酸飲料類) 果実色飲料,51.0,0.0,0.0,12.8,0.0,0.0,0.0,1.0,3.0,0.0,0.0
16053,16,<その他> (炭酸飲料類) コーラ,46.0,0.1,0.0,11.4,0.0,0.0,0.0,0.0,2.0,0.0,0.0
16054,16,<その他> (炭酸飲料類) サイダー,41.0,0.0,0.0,10.2,0.0,0.0,0.0,0.0,1.0,0.0,0.0
16055,16,<その他> 麦茶 浸出液,1.0,0.0,0.0,0.3,0.0,0.0,0.0,6.0,2.0,0.0,0.0
16056,16,<その他> 青汁 ケール,312.0,13.8,4.4,70.2,0.6,0.0,28.0,2300.0,1200.0,2.9,1100.0
16057,16,<その他> スポーツドリンク,21.0,0.0,0.0,5.1,0.1,0.0,0.0,26.0,8.0,0.0,0.0
16058,16,<その他> (炭酸飲料類) ビール風味炭酸飲料,5.0,0.1,0.0,1.2,0.0,0.0,0.0,9.0,2.0,0.0,8.0
16059,16,<アルコール飲料類> (混成酒類) 缶チューハイ レモン風味,51.0,0.0,0.0,2.9,0.0,0.0,0.1,13.0,1.0,0.0,0.0
16060,16,<アルコール飲料類> (蒸留酒類) しょうちゅう 泡盛,206.0,0.0,0.0,0.0,0.0,0.0,0.0,1.0,0.0,0.0,0.0
16061,16,<その他> なぎなたこうじゅ 浸出液,0.0,0.0,0.0,0.0,0.0,0.0,0.0,7.0,1.0,0.0,0.0
16062,16,<茶類> (緑茶類) 番茶 茶,266.0,21.8,5.3,52.0,0.0,0.0,38.5,1500.0,510.0,12.5,310.0
16063,16,<茶類> (緑茶類) ほうじ茶 茶,257.0,18.4,5.0,59.4,0.0,0.0,49.3,1500.0,500.0,8.7,46.0
16064,16,<コーヒー・ココア類> コーヒー 缶コーヒー 無糖,3.0,0.1,0.0,0.5,0.1,0.0,0.0,68.0,1.0,0.0,0.0
17001,17,<調味料類> (ウスターソース類) ウスターソース,117.0,1.0,0.1,27.1,8.5,0.0,0.5,190.0,59.0,1.6,0.0
17002,17,<調味料類> (ウスターソース類) 中濃ソース,129.0,0.8,0.1,30.9,5.8,0.0,1.0,210.0,61.0,1.7,0.0
17003,17,<調味料類> (ウスターソース類) 濃厚ソース,130.0,0.9,0.1,30.9,5.6,0.0,1.0,210.0,61.0,1.5,0.0
17004,17,<調味料類> (辛味調味料類) トウバンジャン,49.0,2.0,2.3,7.9,17.8,0.0,4.3,200.0,32.0,2.3,3.0
17005,17,<調味料類> (辛味調味料類) チリペッパーソース,58.0,0.7,0.5,12.8,1.6,0.0,0.0,130.0,15.0,1.5,0.0
17006,17,<調味料類> (辛味調味料類) ラー油,887.0,0.1,99.8,0.0,0.0,0.0,0.0,0.0,0.0,0.1,0.0
17007,17,<調味料類> (しょうゆ類) こいくちしょうゆ,76.0,7.7,0.0,7.9,14.5,0.0,0.0,390.0,29.0,1.7,0.0
17008,17,<調味料類> (しょうゆ類) うすくちしょうゆ,60.0,5.7,0.0,5.8,16.0,0.0,0.0,320.0,24.0,1.1,0.0
17009,17,<調味料類> (しょうゆ類) たまりしょうゆ,111.0,11.8,0.0,15.9,13.0,0.0,0.0,810.0,40.0,2.7,0.0
17010,17,<調味料類> (しょうゆ類) さいしこみしょうゆ,101.0,9.6,0.0,15.9,12.4,0.0,0.0,530.0,23.0,2.1,0.0
17011,17,<調味料類> (しょうゆ類) しろしょうゆ,86.0,2.5,0.0,19.2,14.2,0.0,0.0,95.0,13.0,0.7,0.0
17012,17,<調味料類> (食塩類) 食塩,0.0,0.0,0.0,0.0,99.5,0.0,0.0,100.0,22.0,0.0,0.0
17013,17,<調味料類> (食塩類) 並塩,0.0,0.0,0.0,0.0,97.3,0.0,0.0,160.0,55.0,0.0,0.0
17014,17,<調味料類> (食塩類) 精製塩 家庭用,0.0,0.0,0.0,0.0,99.6,0.0,0.0,2.0,0.0,0.0,0.0
17015,17,<調味料類> (食酢類) 穀物酢,25.0,0.1,0.0,2.4,0.0,0.0,0.0,4.0,2.0,0.0,0.0
17016,17,<調味料類> (食酢類) 米酢,46.0,0.2,0.0,7.4,0.0,0.0,0.0,16.0,2.0,0.1,0.0
17017,17,<調味料類> (食酢類) 果実酢 ぶどう酢,22.0,0.1,0.0,1.2,0.0,0.0,0.0,22.0,3.0,0.2,0.0
17018,17,<調味料類> (食酢類) 果実酢 りんご酢,26.0,0.1,0.0,2.4,0.0,0.0,0.0,59.0,4.0,0.2,0.0
17019,17,<調味料類> (だし類) かつおだし 荒節,2.0,0.4,0.0,0.0,0.1,0.0,0.0,29.0,2.0,0.0,0.0
17020,17,<調味料類> (だし類) 昆布だし 水出し,4.0,0.1,0.0,0.9,0.2,0.0,0.0,140.0,3.0,0.0,0.0
17021,17,<調味料類> (だし類) かつお・昆布だし 荒節・昆布だし,2.0,0.3,0.0,0.3,0.1,0.0,0.0,63.0,3.0,0.0,0.0
17022,17,<調味料類> (だし類) しいたけだし,4.0,0.1,0.0,0.9,0.0,0.0,0.0,29.0,1.0,0.1,0.0
17023,17,<調味料類> (だし類) 煮干しだし,1.0,0.1,0.1,0.0,0.1,0.0,0.0,25.0,3.0,0.0,0.0
17024,17,<調味料類> (だし類) 鶏がらだし,7.0,0.9,0.4,0.0,0.1,0.0,0.0,60.0,1.0,0.1,0.0
17025,17,<調味料類> (だし類) 中華だし,3.0,0.8,0.0,0.0,0.1,0.0,0.0,90.0,3.0,0.0,0.0
17026,17,<調味料類> (だし類) 洋風だし,6.0,1.3,0.0,0.3,0.5,0.0,0.0,110.0,5.0,0.1,0.0
17027,17,<調味料類> (だし類) 固形ブイヨン,233.0,7.0,4.3,42.1,43.2,0.0,0.3,200.0,26.0,0.4,0.0
17028,17,<調味料類> (だし類) 顆粒和風だし,223.0,24.2,0.3,31.1,40.6,0.0,0.0,180.0,42.0,1.0,0.0
17029,17,<調味料類> (だし類) めんつゆ ストレート,44.0,2.2,0.0,8.7,3.3,0.0,0.0,100.0,8.0,0.4,0.0
17030,17,<調味料類> (だし類) めんつゆ 三倍濃縮,98.0,4.5,0.0,20.0,9.9,0.0,0.0,220.0,16.0,0.8,0.0
17031,17,<調味料類> (調味ソース類) オイスターソース,105.0,7.7,0.3,18.3,11.4,0.0,0.2,260.0,25.0,1.2,0.0
17032,17,<調味料類> (調味ソース類) マーボー豆腐の素,115.0,4.2,6.3,10.4,3.6,0.0,0.0,55.0,12.0,0.8,2.0
17033,17,<調味料類> (調味ソース類) ミートソース,96.0,3.8,5.0,10.1,1.5,0.0,0.0,250.0,17.0,0.8,6.0
17034,17,<調味料類> (トマト加工品類) トマトピューレー,44.0,1.9,0.1,9.9,0.0,0.0,1.8,490.0,19.0,0.8,10.0
17035,17,<調味料類> (トマト加工品類) トマトペースト,94.0,3.8,0.1,22.0,0.1,0.0,4.7,1100.0,46.0,1.6,15.0
17036,17,<調味料類> (トマト加工品類) トマトケチャップ,116.0,1.6,0.2,27.6,3.1,0.0,1.7,380.0,16.0,0.5,8.0
17037,17,<調味料類> (トマト加工品類) トマトソース,41.0,2.0,0.2,8.5,0.6,0.0,1.1,340.0,18.0,0.9,0.0
17038,17,<調味料類> (トマト加工品類) チリソース,112.0,1.8,0.1,26.3,3.0,0.0,1.9,500.0,27.0,0.9,0.0
17039,17,<調味料類> (ドレッシング類) 分離液状ドレッシング 和風ドレッシングタイプ調味料 ノンオイルタイプ,83.0,3.1,0.1,16.1,7.4,0.0,0.2,130.0,10.0,0.3,0.0
17040,17,<調味料類> (ドレッシング類) 分離液状ドレッシング フレンチドレッシング 分離液状,325.0,0.0,31.5,12.4,6.3,0.0,0.0,2.0,1.0,0.0,0.0
17041,17,<調味料類> (ドレッシング類) 乳化液状ドレッシング サウザンアイランドドレッシング,392.0,0.3,39.2,12.8,3.0,0.0,0.4,32.0,7.0,0.1,2.0
17042,17,<調味料類> (ドレッシング類) 半固体状ドレッシング マヨネーズ 全卵型,668.0,1.4,76.0,3.6,1.9,0.0,0.0,13.0,8.0,0.3,0.0
17043,17,<調味料類> (ドレッシング類) 半固体状ドレッシング マヨネーズ 卵黄型,668.0,2.5,74.7,0.6,2.0,0.0,0.0,21.0,20.0,0.6,0.0
17044,17,<調味料類> (みそ類) 米みそ 甘みそ,206.0,9.7,3.0,37.9,6.1,0.0,5.6,340.0,80.0,3.4,0.0
17045,17,<調味料類> (みそ類) 米みそ 淡色辛みそ,182.0,12.5,6.0,21.9,12.4,0.0,4.9,380.0,100.0,4.0,0.0
17046,17,<調味料類> (みそ類) 米みそ 赤色辛みそ,178.0,13.1,5.5,21.1,13.0,0.0,4.1,440.0,130.0,4.3,0.0
17047,17,<調味料類> (みそ類) 麦みそ,184.0,9.7,4.3,30.0,10.7,0.0,6.3,340.0,80.0,3.0,0.0
17048,17,<調味料類> (みそ類) 豆みそ,207.0,17.2,10.5,14.5,10.9,0.0,6.5,930.0,150.0,6.8,0.0
17049,17,<調味料類> (みそ類) 即席みそ 粉末タイプ,321.0,21.9,9.3,43.0,20.6,0.0,6.6,600.0,85.0,2.8,0.0
17050,17,<調味料類> (みそ類) 即席みそ ペーストタイプ,122.0,8.9,3.7,15.4,9.6,0.0,2.8,310.0,47.0,1.2,0.0
17051,17,<調味料類> (ルウ類) カレールウ,474.0,6.5,34.1,44.7,10.6,0.0,6.4,320.0,90.0,3.5,0.0
17052,17,<調味料類> (ルウ類) ハヤシルウ,501.0,5.8,33.2,47.5,10.7,0.0,2.5,150.0,30.0,1.0,0.0
17053,17,<調味料類> (その他) 酒かす,215.0,14.9,1.5,23.8,0.0,0.0,5.2,28.0,8.0,0.8,0.0
17054,17,<調味料類> (その他) みりん風調味料,225.0,0.1,0.0,55.7,0.2,0.0,0.0,3.0,0.0,0.1,0.0
17055,17,<香辛料類> オールスパイス 粉,364.0,5.6,5.6,75.2,0.1,0.0,0.0,1300.0,710.0,4.7,0.0
17056,17,<香辛料類> オニオンパウダー,363.0,8.8,1.1,79.8,0.1,0.0,0.0,1300.0,140.0,3.1,10.0
17057,17,<香辛料類> からし 粉,435.0,33.0,14.3,43.7,0.1,0.0,0.0,890.0,250.0,11.0,0.0
17058,17,<香辛料類> からし 練り,314.0,5.9,14.5,40.1,7.4,0.0,0.0,190.0,60.0,2.1,0.0
17059,17,<香辛料類> からし 練りマスタード,175.0,4.8,10.6,13.1,3.0,0.0,0.0,170.0,71.0,1.8,0.0
17060,17,<香辛料類> からし 粒入りマスタード,229.0,7.6,16.0,12.7,4.1,0.0,0.0,190.0,130.0,2.4,0.0
17061,17,<香辛料類> カレー粉,338.0,13.0,12.2,63.3,0.1,0.0,36.9,1700.0,540.0,29.0,2.0
17062,17,<香辛料類> クローブ 粉,398.0,7.2,13.6,66.4,0.7,0.0,0.0,1400.0,640.0,9.9,0.0
17063,17,<香辛料類> こしょう 黒 粉,362.0,11.0,6.0,66.6,0.2,0.0,0.0,1300.0,410.0,20.0,0.0
17064,17,<香辛料類> こしょう 白 粉,376.0,10.1,6.4,70.1,0.0,0.0,0.0,60.0,240.0,7.3,0.0
17065,17,<香辛料類> こしょう 混合 粉,369.0,10.6,6.2,68.3,0.1,0.0,0.0,680.0,330.0,14.0,1.0
17066,17,<香辛料類> さんしょう 粉,375.0,10.3,6.2,69.6,0.0,0.0,0.0,1700.0,750.0,10.0,0.0
17067,17,<香辛料類> シナモン 粉,356.0,3.6,3.5,79.6,0.1,0.0,0.0,550.0,1200.0,7.1,0.0
17068,17,<香辛料類> しょうが 粉,365.0,7.8,4.9,72.5,0.1,0.0,0.0,1400.0,110.0,14.0,0.0
17069,17,<香辛料類> しょうが おろし,41.0,0.7,0.6,8.6,1.5,0.0,0.0,140.0,16.0,0.3,120.0
17070,17,<香辛料類> セージ 粉,377.0,6.4,10.1,66.9,0.3,0.0,0.0,1600.0,1500.0,50.0,0.0
17071,17,<香辛料類> タイム 粉,342.0,6.5,5.2,69.8,0.0,0.0,0.0,980.0,1700.0,110.0,0.0
17072,17,<香辛料類> チリパウダー,374.0,15.0,8.2,60.1,6.4,0.0,0.0,3000.0,280.0,29.0,0.0
17073,17,<香辛料類> とうがらし 粉,412.0,16.2,9.7,66.8,0.0,0.0,0.0,2700.0,110.0,12.0,0.0
17074,17,<香辛料類> ナツメグ 粉,520.0,5.7,38.5,47.5,0.0,0.0,0.0,430.0,160.0,2.5,0.0
17075,17,<香辛料類> にんにく ガーリックパウダー 食塩無添加,380.0,19.9,0.8,73.8,0.0,0.0,0.0,390.0,100.0,6.6,0.0
17076,17,<香辛料類> にんにく おろし,170.0,4.7,0.5,37.0,4.6,0.0,0.0,440.0,22.0,0.7,0.0
17077,17,<香辛料類> バジル 粉,307.0,21.1,2.2,50.6,0.1,0.0,0.0,3100.0,2800.0,120.0,1.0
17078,17,<香辛料類> パセリ 乾,341.0,28.7,2.2,51.6,2.2,0.0,0.0,3600.0,1300.0,18.0,820.0
17079,17,<香辛料類> パプリカ 粉,385.0,15.5,11.6,55.6,0.2,0.0,0.0,2700.0,170.0,21.0,0.0
17080,17,<香辛料類> わさび 粉 からし粉入り,384.0,16.5,4.4,69.7,0.1,0.0,0.0,1200.0,320.0,9.3,0.0
17081,17,<香辛料類> わさび 練り,265.0,3.3,10.3,39.8,6.1,0.0,0.0,280.0,62.0,2.0,0.0
17082,17,<その他> 酵母 パン酵母 圧搾,105.0,16.5,1.5,12.1,0.1,0.0,10.3,620.0,16.0,2.2,0.0
17083,17,<その他> 酵母 パン酵母 乾燥,307.0,37.1,6.8,43.1,0.3,0.0,32.6,1600.0,19.0,13.0,1.0
17084,17,<その他> ベーキングパウダー,150.0,0.0,1.2,29.0,17.3,0.0,0.0,3900.0,2400.0,0.1,0.0
17085,17,<調味料類> (ウスターソース類) お好み焼きソース,144.0,1.6,0.1,33.7,4.9,0.0,0.9,240.0,31.0,0.9,3.0
17086,17,<調味料類> (しょうゆ類) こいくちしょうゆ 減塩,68.0,8.1,0.0,9.0,8.3,0.0,0.0,260.0,31.0,2.1,0.0
17087,17,<調味料類> (しょうゆ類) だししょうゆ,39.0,4.0,0.0,4.1,7.3,0.0,0.0,230.0,16.0,0.9,0.0
17088,17,<調味料類> (しょうゆ類) 照りしょうゆ,172.0,2.4,0.0,35.7,4.0,0.0,0.0,110.0,10.0,0.5,0.0
17089,17,<調味料類> (食塩類) 精製塩 業務用,0.0,0.0,0.0,0.0,99.6,0.0,0.0,2.0,0.0,0.0,0.0
17090,17,<調味料類> (食酢類) 黒酢,54.0,1.0,0.0,9.0,0.0,0.0,0.0,47.0,5.0,0.2,0.0
17091,17,<調味料類> (食酢類) 果実酢 バルサミコ酢,99.0,0.5,0.0,19.4,0.1,0.0,0.0,140.0,17.0,0.7,0.0
17092,17,<調味料類> (だし類) 顆粒おでん用,166.0,9.6,0.1,31.7,56.4,0.0,0.0,210.0,30.0,0.8,0.0
17093,17,<調味料類> (だし類) 顆粒中華だし,210.0,12.6,1.6,36.6,47.5,0.0,0.0,910.0,84.0,0.6,0.0
17094,17,<調味料類> (調味ソース類) 甘酢,116.0,0.1,0.0,28.4,1.2,0.0,0.0,5.0,2.0,0.0,0.0
17095,17,<調味料類> (調味ソース類) エビチリの素,54.0,1.2,1.4,9.5,1.8,0.0,0.6,150.0,8.0,0.3,1.0
17096,17,<調味料類> (調味ソース類) 黄身酢,219.0,6.3,13.1,20.0,5.7,0.0,0.0,47.0,57.0,1.8,0.0
17097,17,<調味料類> (調味ソース類) ごま酢,212.0,4.0,8.0,29.9,1.7,0.0,1.9,110.0,180.0,1.7,0.0
17098,17,<調味料類> (調味ソース類) ごまだれ,282.0,7.2,15.1,29.2,4.3,0.0,3.0,210.0,220.0,2.3,0.0
17099,17,<調味料類> (調味ソース類) 三杯酢,85.0,0.9,0.0,17.8,2.0,0.0,0.0,56.0,5.0,0.2,0.0
17100,17,<調味料類> (調味ソース類) 二杯酢,59.0,3.5,0.0,7.6,6.4,0.0,0.0,180.0,14.0,0.8,0.0
17101,17,<調味料類> (調味ソース類) すし酢 ちらし・稲荷用,150.0,0.1,0.0,34.9,6.5,0.0,0.0,18.0,3.0,0.1,0.0
17102,17,<調味料類> (調味ソース類) すし酢 にぎり用,70.0,0.2,0.0,14.3,9.8,0.0,0.0,23.0,4.0,0.1,0.0
17103,17,<調味料類> (調味ソース類) すし酢 巻き寿司・箱寿司用,107.0,0.1,0.0,23.8,8.6,0.0,0.0,21.0,4.0,0.1,0.0
17104,17,<調味料類> (調味ソース類) 中華風合わせ酢,153.0,3.0,3.4,24.8,5.5,0.0,0.0,160.0,12.0,0.7,0.0
17105,17,<調味料類> (調味ソース類) デミグラスソース,82.0,2.9,3.0,11.0,1.3,0.0,0.0,180.0,11.0,0.3,0.0
17106,17,<調味料類> (調味ソース類) テンメンジャン,249.0,8.5,7.7,38.1,7.3,0.0,3.1,350.0,45.0,1.6,0.0
17107,17,<調味料類> (調味ソース類) 魚醤油 ナンプラー,47.0,9.1,0.1,2.7,22.9,0.0,0.0,230.0,20.0,1.2,0.0
17108,17,<調味料類> (調味ソース類) 冷やし中華のたれ,114.0,2.1,1.2,23.1,5.8,0.0,0.0,89.0,7.0,0.3,0.0
17109,17,<調味料類> (調味ソース類) ホワイトソース,99.0,1.8,6.2,9.2,1.0,0.0,0.4,62.0,34.0,0.1,0.0
17110,17,<調味料類> (調味ソース類) ぽん酢しょうゆ,49.0,3.4,0.1,7.4,5.8,0.0,0.2,280.0,24.0,0.7,24.0
17111,17,<調味料類> (調味ソース類) マリネ液,66.0,0.1,0.0,10.9,0.9,0.0,0.0,26.0,4.0,0.2,0.0
17112,17,<調味料類> (調味ソース類) 焼き鳥のたれ,131.0,3.3,0.0,28.5,5.8,0.0,0.0,160.0,13.0,0.7,0.0
17113,17,<調味料類> (調味ソース類) 焼き肉のたれ,164.0,4.3,2.2,32.3,8.3,0.0,0.4,230.0,23.0,0.9,1.0
17114,17,<調味料類> (調味ソース類) みたらしのたれ,127.0,0.9,0.0,30.8,1.7,0.0,0.0,120.0,6.0,0.2,0.0
17115,17,<調味料類> (調味ソース類) ゆずこしょう,37.0,1.3,0.8,9.3,25.2,0.0,6.2,280.0,61.0,0.6,2.0
17116,17,<調味料類> (ドレッシング類) 分離液状ドレッシング 和風ドレッシング 分離液状,179.0,1.9,14.5,9.3,3.5,0.0,0.2,75.0,7.0,0.4,0.0
17117,17,<調味料類> (ドレッシング類) 乳化液状ドレッシング ごまドレッシング,399.0,2.7,38.3,15.0,4.4,0.0,0.8,91.0,86.0,1.0,0.0
17118,17,<調味料類> (ドレッシング類) 半固体状ドレッシング マヨネーズタイプ調味料 低カロリータイプ,262.0,2.9,28.3,3.3,3.9,0.0,0.8,36.0,10.0,0.3,0.0
17119,17,<調味料類> (みそ類) 減塩みそ,190.0,11.0,5.9,25.7,10.7,0.0,4.3,480.0,62.0,1.7,0.0
17120,17,<調味料類> (みそ類) 米みそ だし入りみそ,167.0,11.0,5.6,20.6,11.9,0.0,4.1,420.0,67.0,1.4,0.0
17121,17,<調味料類> (みそ類) 辛子酢みそ,216.0,5.0,2.1,44.6,3.3,0.0,2.7,170.0,42.0,1.7,0.0
17122,17,<調味料類> (みそ類) ごまみそ,245.0,9.4,9.9,32.9,4.0,0.0,5.5,280.0,230.0,3.7,0.0
17123,17,<調味料類> (みそ類) 酢みそ,211.0,4.9,1.5,44.8,3.1,0.0,2.8,170.0,41.0,1.7,0.0
17124,17,<調味料類> (みそ類) 練りみそ,267.0,5.5,1.7,59.1,3.4,0.0,3.2,190.0,46.0,1.9,0.0
17125,17,<調味料類> (その他) お茶漬けの素 さけ,251.0,20.2,3.7,37.1,33.8,0.0,3.5,560.0,72.0,2.1,12.0
17126,17,<調味料類> (その他) 即席すまし汁,194.0,18.3,0.8,30.5,45.7,0.0,3.3,490.0,76.0,2.3,25.0
17127,17,<調味料類> (その他) ふりかけ たまご,428.0,23.4,21.9,39.7,9.2,0.0,5.1,490.0,390.0,4.5,11.0
17128,17,<香辛料類> にんにく ガーリックパウダー 食塩添加,382.0,19.9,0.8,73.8,8.4,0.0,0.0,390.0,100.0,6.6,0.0
17130,17,<調味料類> (だし類) あごだし,0.0,0.1,0.0,0.0,0.0,0.0,0.0,19.0,0.0,0.0,0.0
17131,17,<調味料類> (だし類) かつおだし 本枯れ節,2.0,0.5,0.0,0.0,0.1,0.0,0.0,32.0,0.0,0.0,0.0
17132,17,<調味料類> (だし類) 昆布だし 煮出し,5.0,0.1,0.0,1.3,0.2,0.0,0.1,160.0,5.0,0.0,0.0
17133,17,<調味料類> (調味ソース類) 魚醤油 いかなごしょうゆ,64.0,13.9,0.0,2.1,21.2,0.0,0.0,480.0,3.0,0.4,0.0
17134,17,<調味料類> (調味ソース類) 魚醤油 いしる (いしり),67.0,12.8,0.0,4.2,21.9,0.0,0.3,260.0,25.0,1.5,0.0
17135,17,<調味料類> (調味ソース類) 魚醤油 しょっつる,29.0,6.1,0.0,1.1,24.3,0.0,0.1,190.0,6.0,0.2,0.0
17136,17,<調味料類> (その他) キムチの素,125.0,5.3,1.0,26.0,9.3,0.0,3.6,350.0,29.0,1.3,0.0
17137,17,<調味料類> (調味ソース類) ぽん酢しょうゆ 市販品,59.0,3.7,0.0,10.8,7.8,0.0,0.3,180.0,16.0,0.7,0.0
17138,17,<調味料類> (その他) 料理酒,88.0,0.2,0.0,4.7,2.2,0.0,0.0,6.0,2.0,0.0,0.0
17139,17,<調味料類> (しょうゆ類) うすくちしょうゆ 低塩,77.0,6.4,0.0,7.6,12.8,0.0,0.0,330.0,19.0,1.0,4.0
17140,17,<調味料類> (だし類) なべつゆ ストレート しょうゆ味,20.0,1.0,0.0,4.1,1.8,0.0,0.0,53.0,4.0,0.2,0.0
17141,17,<調味料類> (だし類) めんつゆ 二倍濃縮,71.0,3.4,0.0,14.4,6.6,0.0,0.0,160.0,12.0,0.6,0.0
17142,17,<調味料類> (だし類) ラーメンスープ 濃縮 しょうゆ味 ストレートしょうゆ味,157.0,3.3,11.7,9.9,17.1,0.0,0.0,200.0,22.0,0.6,0.0
17143,17,<調味料類> (だし類) ラーメンスープ 濃縮 みそ味 ストレートみそ味,187.0,6.4,11.0,16.8,16.5,0.0,1.6,270.0,61.0,1.8,0.0
17144,17,<調味料類> (調味ソース類) 焼きそば粉末ソース,248.0,5.6,0.7,62.4,30.6,0.0,3.3,82.0,110.0,0.6,0.0
17145,17,<調味料類> (みそ類) 米みそ だし入りみそ 減塩,164.0,10.3,5.1,22.2,9.7,0.0,4.9,410.0,63.0,1.4,0.0
17146,17,<調味料類> (食塩類) 減塩タイプ食塩 調味料含む,50.0,0.0,0.0,16.7,49.4,0.0,0.0,19000.0,2.0,0.1,0.0
17147,17,<調味料類> (食塩類) 減塩タイプ食塩 調味料不使用,0.0,0.0,0.0,0.0,45.7,0.0,0.0,25000.0,390.0,0.1,0.0
17148,17,<調味料類> (だし類) かつお・昆布だし 本枯れ節・昆布だし,2.0,0.3,0.0,0.4,0.1,0.0,0.0,58.0,1.0,0.0,0.0
17149,17,<調味料類> (ドレッシング類) 乳化液状ドレッシング フレンチドレッシング 乳化液状,376.0,0.1,38.8,9.3,6.4,0.0,0.0,3.0,1.0,0.0,1.0
18001,18,洋風料理 カレー類 ビーフカレー,119.0,2.4,9.0,8.1,1.7,0.0,0.9,93.0,20.0,0.7,1.0
18002,18,中国料理 点心類 ぎょうざ,209.0,6.9,11.3,22.3,1.2,0.0,1.5,170.0,22.0,0.6,4.0
18003,18,洋風料理 その他 えびグラタン,128.0,5.5,6.9,12.1,1.0,0.0,0.9,140.0,97.0,0.3,2.0
18004,18,洋風料理 スープ類 コーンクリームスープ 粉末タイプ,425.0,8.1,13.7,67.4,7.1,0.0,0.0,470.0,120.0,1.2,2.0
18005,18,洋風料理 スープ類 コーンクリームスープ コーンクリームスープ,62.0,1.7,2.6,8.5,0.9,0.0,0.6,88.0,36.0,0.2,1.0
18006,18,洋風料理 フライ用冷凍食品 コロッケ クリームコロッケ 冷凍,159.0,4.7,6.3,20.9,0.7,0.0,0.0,160.0,43.0,0.5,2.0
18007,18,洋風料理 フライ用冷凍食品 コロッケ ポテトコロッケ 冷凍,157.0,4.6,4.9,25.3,0.7,0.0,0.0,300.0,20.0,0.7,7.0
18008,18,洋風料理 フライ用冷凍食品 いかフライ 冷凍,146.0,10.6,2.0,21.4,0.8,0.0,0.0,180.0,16.0,0.4,0.0
18009,18,洋風料理 フライ用冷凍食品 えびフライ 冷凍,139.0,10.2,1.9,20.3,0.9,0.0,0.0,95.0,42.0,1.5,1.0
18010,18,洋風料理 フライ用冷凍食品 白身フライ 冷凍,148.0,11.6,2.7,19.3,0.9,0.0,0.0,240.0,47.0,0.5,1.0
18011,18,洋風料理 シチュー類 ビーフシチュー,153.0,4.1,12.6,7.1,1.0,0.0,0.7,150.0,11.0,0.5,4.0
18012,18,中国料理 点心類 しゅうまい,191.0,9.1,9.2,19.5,1.3,0.0,1.7,260.0,26.0,0.9,1.0
18014,18,洋風料理 その他 えびピラフ,146.0,3.3,2.3,29.8,1.4,0.0,1.2,63.0,11.0,0.2,2.0
18015,18,洋風料理 素揚げ類 ミートボール,199.0,10.2,12.5,13.4,1.2,0.0,1.3,240.0,22.0,0.8,1.0
18016,18,洋風料理 フライ用冷凍食品 メンチカツ 冷凍,196.0,9.9,7.2,23.0,1.1,0.0,0.0,220.0,31.0,1.6,1.0
18018,18,洋風料理 コロッケ類 ポテトコロッケ,226.0,5.3,12.6,25.2,0.7,0.0,2.0,250.0,15.0,0.8,10.0
18019,18,洋風料理 フライ類 いかフライ,227.0,13.3,11.3,19.7,0.5,0.0,0.9,140.0,16.0,0.4,1.0
18020,18,洋風料理 フライ類 えびフライ,236.0,15.9,11.6,20.5,0.9,0.0,1.0,200.0,69.0,0.6,0.0
18021,18,洋風料理 フライ類 白身フライ,299.0,9.7,21.8,16.2,0.9,0.0,0.0,240.0,47.0,0.5,1.0
18022,18,洋風料理 フライ類 メンチカツ,273.0,10.7,18.7,18.7,0.9,0.0,1.7,240.0,24.0,1.2,1.0
18023,18,和風料理 その他 松前漬け しょうゆ漬,166.0,17.0,1.4,24.7,5.2,0.0,1.6,310.0,41.0,0.6,0.0
18024,18,和風料理 和え物類 青菜の白和え,81.0,4.2,3.4,10.5,1.3,0.0,2.4,180.0,95.0,1.2,3.0
18025,18,和風料理 和え物類 いんげんのごま和え,77.0,3.7,3.4,9.1,1.2,0.0,2.8,270.0,120.0,1.3,5.0
18026,18,和風料理 和え物類 わかめとねぎの酢みそ和え,85.0,3.8,0.9,16.3,1.8,0.0,2.5,140.0,40.0,0.9,4.0
18027,18,和風料理 酢の物類 紅白なます,34.0,0.6,0.6,7.2,0.6,0.0,0.9,130.0,22.0,0.2,6.0
18028,18,和風料理 汁物類 とん汁,26.0,1.5,1.5,2.0,0.6,0.0,0.5,63.0,10.0,0.2,1.0
18029,18,和風料理 煮物類 卯の花いり,84.0,4.4,4.1,10.7,1.1,0.0,5.1,190.0,47.0,0.8,1.0
18030,18,和風料理 煮物類 親子丼の具,101.0,8.4,5.2,5.6,1.0,0.0,0.4,120.0,21.0,0.7,2.0
18031,18,和風料理 煮物類 牛飯の具,122.0,4.1,9.4,6.4,1.0,0.0,1.0,110.0,18.0,0.6,2.0
18032,18,和風料理 煮物類 切り干し大根の煮物,48.0,2.3,2.5,5.7,0.9,0.0,2.0,76.0,46.0,0.5,0.0
18033,18,和風料理 煮物類 きんぴらごぼう,84.0,1.4,4.5,11.3,0.9,0.0,3.2,150.0,36.0,0.5,1.0
18034,18,和風料理 煮物類 ぜんまいのいため煮,80.0,3.4,4.2,8.7,1.1,0.0,2.2,67.0,47.0,0.7,0.0
18035,18,和風料理 煮物類 筑前煮,85.0,4.4,3.5,10.2,1.1,0.0,1.8,160.0,22.0,0.5,4.0
18036,18,和風料理 煮物類 肉じゃが,78.0,4.3,1.3,13.0,1.2,0.0,1.3,210.0,13.0,0.8,9.0
18037,18,和風料理 煮物類 ひじきのいため煮,75.0,3.1,4.0,9.9,1.4,0.0,3.4,180.0,100.0,0.6,0.0
18038,18,和風料理 その他 アジの南蛮漬け,109.0,8.1,6.1,6.2,0.7,0.0,0.9,190.0,37.0,0.4,3.0
18039,18,韓国料理 和え物類 もやしのナムル,70.0,3.1,4.5,5.7,1.3,0.0,2.7,160.0,91.0,1.2,9.0
18040,18,洋風料理 カレー類 チキンカレー,131.0,5.6,8.8,8.4,1.4,0.0,1.2,170.0,20.0,0.7,3.0
18041,18,洋風料理 カレー類 ポークカレー,116.0,2.8,8.6,7.7,1.4,0.0,0.9,100.0,14.0,0.5,2.0
18042,18,洋風料理 スープ類 かぼちゃのクリームスープ,73.0,1.5,3.9,10.1,0.8,0.0,1.3,160.0,32.0,0.2,9.0
18043,18,洋風料理 コロッケ類 カニクリームコロッケ,255.0,5.1,17.1,22.0,0.8,0.0,1.0,94.0,30.0,0.4,0.0
18044,18,洋風料理 コロッケ類 コーンクリームコロッケ,245.0,5.1,16.0,23.4,0.8,0.0,1.4,150.0,47.0,0.4,2.0
18045,18,洋風料理 シチュー類 チキンシチュー,124.0,6.2,8.0,7.8,0.7,0.0,1.2,160.0,38.0,0.4,7.0
18046,18,中国料理 点心類 中華ちまき,174.0,5.9,5.5,27.7,1.1,0.0,0.5,100.0,6.0,0.3,0.0
18047,18,中国料理 菜類 酢豚,77.0,4.6,3.3,7.6,0.5,0.0,0.8,130.0,9.0,0.3,4.0
18048,18,中国料理 菜類 八宝菜,64.0,5.8,3.2,3.8,0.8,0.0,0.9,150.0,26.0,0.4,5.0
18049,18,中国料理 菜類 麻婆豆腐,104.0,7.8,6.8,3.8,1.0,0.0,0.7,150.0,64.0,1.3,1.0
18050,18,洋風料理 ハンバーグステーキ類 合いびきハンバーグ,197.0,13.4,12.2,10.0,0.9,0.0,1.1,280.0,29.0,1.3,2.0
18051,18,洋風料理 ハンバーグステーキ類 チキンハンバーグ,171.0,12.6,10.2,8.5,1.2,0.0,1.0,240.0,22.0,0.7,2.0
18052,18,洋風料理 ハンバーグステーキ類 豆腐ハンバーグ,142.0,9.9,9.2,8.4,0.6,0.0,1.3,200.0,68.0,1.3,2.0
18053,18,和風料理 その他 お好み焼き,136.0,5.2,6.5,15.2,0.8,0.0,2.6,190.0,39.0,0.5,12.0
18054,18,和風料理 その他 とりから揚げ,204.0,15.6,10.1,16.1,1.8,0.0,1.7,250.0,12.0,0.7,1.0
18055,18,洋風料理 フライ類 かきフライ,289.0,8.9,18.0,25.5,0.9,0.0,2.3,170.0,18.0,1.6,2.0
18056,18,中国料理 点心類 春巻き,221.0,6.0,19.3,30.2,1.1,0.0,3.5,170.0,57.0,0.7,1.0
18057,18,中国料理 菜類 チャーハン,206.0,5.0,5.2,33.3,1.3,0.0,1.9,69.0,10.0,0.3,1.0
